2026-03-02 15:42:31,240 [INFO] uvicorn.error: Started server process [39953]
2026-03-02 15:42:31,240 [INFO] uvicorn.error: Waiting for application startup.
2026-03-02 15:42:31,240 [TRACE] uvicorn.asgi: ASGI [1] Started scope={'type': 'lifespan', 'asgi': {'version': '3.0', 'spec_version': '2.0'}, 'state': {}}
2026-03-02 15:42:31,240 [TRACE] uvicorn.asgi: ASGI [1] Receive {'type': 'lifespan.startup'}
2026-03-02 15:42:31,242 [INFO] mcp.server.streamable_http_manager: StreamableHTTP session manager started
2026-03-02 15:42:31,242 [TRACE] uvicorn.asgi: ASGI [1] Send {'type': 'lifespan.startup.complete'}
2026-03-02 15:42:31,242 [INFO] uvicorn.error: Application startup complete.
2026-03-02 15:42:31,244 [INFO] uvicorn.error: Uvicorn running on http://localhost:8003 (Press CTRL+C to quit)
2026-03-02 15:48:17,061 [TRACE] uvicorn.error: ::1:60025 - HTTP connection made
2026-03-02 15:48:17,062 [TRACE] uvicorn.error: ::1:60025 - HTTP connection lost
2026-03-02 15:48:17,062 [TRACE] uvicorn.error: ::1:60026 - HTTP connection made
2026-03-02 15:48:17,062 [TRACE] uvicorn.asgi: ::1:60026 - ASGI [2] Started scope={'type': 'http', 'asgi': {'version': '3.0', 'spec_version': '2.3'}, 'http_version': '1.1', 'server': ('::1', 8003), 'client': ('::1', 60026), 'scheme': 'http', 'method': 'GET', 'root_path': '', 'path': '/', 'raw_path': b'/', 'query_string': b'', 'headers': '<...>', 'state': {}}
2026-03-02 15:48:17,062 [TRACE] uvicorn.asgi: ::1:60026 - ASGI [2] Send {'type': 'http.response.start', 'status': 404, 'headers': '<...>'}
2026-03-02 15:48:17,062 [INFO] uvicorn.access: ::1:60026 - "GET / HTTP/1.1" 404
2026-03-02 15:48:17,062 [TRACE] uvicorn.asgi: ::1:60026 - ASGI [2] Send {'type': 'http.response.body', 'body': '<22 bytes>'}
2026-03-02 15:48:17,062 [TRACE] uvicorn.asgi: ::1:60026 - ASGI [2] Completed
2026-03-02 15:48:22,043 [TRACE] uvicorn.asgi: ::1:60026 - ASGI [3] Started scope={'type': 'http', 'asgi': {'version': '3.0', 'spec_version': '2.3'}, 'http_version': '1.1', 'server': ('::1', 8003), 'client': ('::1', 60026), 'scheme': 'http', 'method': 'GET', 'root_path': '', 'path': '/mcp', 'raw_path': b'/mcp', 'query_string': b'', 'headers': '<...>', 'state': {}}
2026-03-02 15:48:22,044 [TRACE] uvicorn.asgi: ::1:60026 - ASGI [3] Send {'type': 'http.response.start', 'status': 307, 'headers': '<...>'}
2026-03-02 15:48:22,044 [INFO] uvicorn.access: ::1:60026 - "GET /mcp HTTP/1.1" 307
2026-03-02 15:48:22,044 [TRACE] uvicorn.asgi: ::1:60026 - ASGI [3] Send {'type': 'http.response.body', 'body': '<0 bytes>'}
2026-03-02 15:48:22,044 [TRACE] uvicorn.asgi: ::1:60026 - ASGI [3] Completed
2026-03-02 15:48:22,045 [TRACE] uvicorn.error: ::1:60027 - HTTP connection made
2026-03-02 15:48:22,045 [TRACE] uvicorn.error: ::1:60027 - HTTP connection lost
2026-03-02 15:48:22,045 [TRACE] uvicorn.error: ::1:60028 - HTTP connection made
2026-03-02 15:48:22,045 [TRACE] uvicorn.asgi: ::1:60028 - ASGI [4] Started scope={'type': 'http', 'asgi': {'version': '3.0', 'spec_version': '2.3'}, 'http_version': '1.1', 'server': ('::1', 8003), 'client': ('::1', 60028), 'scheme': 'http', 'method': 'GET', 'root_path': '', 'path': '/mcp/', 'raw_path': b'/mcp/', 'query_string': b'', 'headers': '<...>', 'state': {}}
2026-03-02 15:48:22,046 [INFO] mcp.server.streamable_http_manager: Created new transport with session ID: 9a7c86604e534e6f995abf3ae3bb0f14
2026-03-02 15:48:22,046 [TRACE] uvicorn.asgi: ::1:60028 - ASGI [4] Send {'type': 'http.response.start', 'status': <HTTPStatus.NOT_ACCEPTABLE: 406>, 'headers': '<...>'}
2026-03-02 15:48:22,046 [INFO] uvicorn.access: ::1:60028 - "GET /mcp/ HTTP/1.1" 406
2026-03-02 15:48:22,046 [TRACE] uvicorn.asgi: ::1:60028 - ASGI [4] Send {'type': 'http.response.body', 'body': '<126 bytes>'}
2026-03-02 15:48:22,046 [TRACE] uvicorn.asgi: ::1:60028 - ASGI [4] Completed
2026-03-02 15:48:27,045 [TRACE] uvicorn.error: ::1:60026 - HTTP connection lost
2026-03-02 15:48:27,046 [TRACE] uvicorn.error: ::1:60028 - HTTP connection lost
2026-03-02 15:48:27,473 [TRACE] uvicorn.error: ::1:60030 - HTTP connection made
2026-03-02 15:48:27,473 [TRACE] uvicorn.error: ::1:60031 - HTTP connection made
2026-03-02 15:48:27,473 [TRACE] uvicorn.error: ::1:60030 - HTTP connection lost
2026-03-02 15:48:27,473 [TRACE] uvicorn.asgi: ::1:60031 - ASGI [5] Started scope={'type': 'http', 'asgi': {'version': '3.0', 'spec_version': '2.3'}, 'http_version': '1.1', 'server': ('::1', 8003), 'client': ('::1', 60031), 'scheme': 'http', 'method': 'GET', 'root_path': '', 'path': '/mcp', 'raw_path': b'/mcp', 'query_string': b'', 'headers': '<...>', 'state': {}}
2026-03-02 15:48:27,473 [TRACE] uvicorn.asgi: ::1:60031 - ASGI [5] Send {'type': 'http.response.start', 'status': 307, 'headers': '<...>'}
2026-03-02 15:48:27,474 [INFO] uvicorn.access: ::1:60031 - "GET /mcp HTTP/1.1" 307
2026-03-02 15:48:27,474 [TRACE] uvicorn.asgi: ::1:60031 - ASGI [5] Send {'type': 'http.response.body', 'body': '<0 bytes>'}
2026-03-02 15:48:27,474 [TRACE] uvicorn.asgi: ::1:60031 - ASGI [5] Completed
2026-03-02 15:48:27,475 [TRACE] uvicorn.error: ::1:60032 - HTTP connection made
2026-03-02 15:48:27,475 [TRACE] uvicorn.error: ::1:60032 - HTTP connection lost
2026-03-02 15:48:27,475 [TRACE] uvicorn.error: ::1:60033 - HTTP connection made
2026-03-02 15:48:27,475 [TRACE] uvicorn.asgi: ::1:60033 - ASGI [6] Started scope={'type': 'http', 'asgi': {'version': '3.0', 'spec_version': '2.3'}, 'http_version': '1.1', 'server': ('::1', 8003), 'client': ('::1', 60033), 'scheme': 'http', 'method': 'GET', 'root_path': '', 'path': '/mcp/', 'raw_path': b'/mcp/', 'query_string': b'', 'headers': '<...>', 'state': {}}
2026-03-02 15:48:27,475 [INFO] mcp.server.streamable_http_manager: Created new transport with session ID: feb8313ef2f2434ba8e71c9b0b25b1af
2026-03-02 15:48:27,476 [TRACE] uvicorn.asgi: ::1:60033 - ASGI [6] Send {'type': 'http.response.start', 'status': <HTTPStatus.NOT_ACCEPTABLE: 406>, 'headers': '<...>'}
2026-03-02 15:48:27,476 [INFO] uvicorn.access: ::1:60033 - "GET /mcp/ HTTP/1.1" 406
2026-03-02 15:48:27,476 [TRACE] uvicorn.asgi: ::1:60033 - ASGI [6] Send {'type': 'http.response.body', 'body': '<126 bytes>'}
2026-03-02 15:48:27,476 [TRACE] uvicorn.asgi: ::1:60033 - ASGI [6] Completed
2026-03-02 15:48:32,475 [TRACE] uvicorn.error: ::1:60031 - HTTP connection lost
2026-03-02 15:48:32,476 [TRACE] uvicorn.error: ::1:60033 - HTTP connection lost
2026-03-02 15:49:28,783 [TRACE] uvicorn.error: ::1:60053 - HTTP connection made
2026-03-02 15:49:28,784 [TRACE] uvicorn.asgi: ::1:60053 - ASGI [7] Started scope={'type': 'http', 'asgi': {'version': '3.0', 'spec_version': '2.3'}, 'http_version': '1.1', 'server': ('::1', 8003), 'client': ('::1', 60053), 'scheme': 'http', 'method': 'POST', 'root_path': '', 'path': '/mcp', 'raw_path': b'/mcp', 'query_string': b'', 'headers': '<...>', 'state': {}}
2026-03-02 15:49:28,784 [TRACE] uvicorn.asgi: ::1:60053 - ASGI [7] Send {'type': 'http.response.start', 'status': 307, 'headers': '<...>'}
2026-03-02 15:49:28,784 [INFO] uvicorn.access: ::1:60053 - "POST /mcp HTTP/1.1" 307
2026-03-02 15:49:28,784 [TRACE] uvicorn.asgi: ::1:60053 - ASGI [7] Send {'type': 'http.response.body', 'body': '<0 bytes>'}
2026-03-02 15:49:28,784 [TRACE] uvicorn.asgi: ::1:60053 - ASGI [7] Completed
2026-03-02 15:49:28,786 [TRACE] uvicorn.error: ::1:60053 - HTTP connection lost
2026-03-02 15:49:28,787 [TRACE] uvicorn.error: ::1:60054 - HTTP connection made
2026-03-02 15:49:28,788 [TRACE] uvicorn.asgi: ::1:60054 - ASGI [8] Started scope={'type': 'http', 'asgi': {'version': '3.0', 'spec_version': '2.3'}, 'http_version': '1.1', 'server': ('::1', 8003), 'client': ('::1', 60054), 'scheme': 'http', 'method': 'POST', 'root_path': '', 'path': '/mcp/', 'raw_path': b'/mcp/', 'query_string': b'', 'headers': '<...>', 'state': {}}
2026-03-02 15:49:28,788 [INFO] mcp.server.streamable_http_manager: Created new transport with session ID: 4f89cbc63a7241ca941a3768c19ba44a
2026-03-02 15:49:28,789 [TRACE] uvicorn.asgi: ::1:60054 - ASGI [8] Receive {'type': 'http.request', 'body': '<330 bytes>', 'more_body': False}
2026-03-02 15:49:28,789 [TRACE] uvicorn.asgi: ::1:60054 - ASGI [8] Send {'type': 'http.response.start', 'status': 200, 'headers': '<...>'}
2026-03-02 15:49:28,790 [INFO] uvicorn.access: ::1:60054 - "POST /mcp/ HTTP/1.1" 200
2026-03-02 15:49:28,790 [TRACE] uvicorn.asgi: ::1:60054 - ASGI [8] Send {'type': 'http.response.body', 'body': '<431 bytes>', 'more_body': True}
2026-03-02 15:49:28,791 [TRACE] uvicorn.asgi: ::1:60054 - ASGI [8] Send {'type': 'http.response.body', 'body': '<0 bytes>', 'more_body': False}
2026-03-02 15:49:28,791 [TRACE] uvicorn.asgi: ::1:60054 - ASGI [8] Receive {'type': 'http.disconnect'}
2026-03-02 15:49:28,791 [TRACE] uvicorn.asgi: ::1:60054 - ASGI [8] Completed
2026-03-02 15:49:28,801 [TRACE] uvicorn.asgi: ::1:60054 - ASGI [9] Started scope={'type': 'http', 'asgi': {'version': '3.0', 'spec_version': '2.3'}, 'http_version': '1.1', 'server': ('::1', 8003), 'client': ('::1', 60054), 'scheme': 'http', 'method': 'POST', 'root_path': '', 'path': '/mcp', 'raw_path': b'/mcp', 'query_string': b'', 'headers': '<...>', 'state': {}}
2026-03-02 15:49:28,801 [TRACE] uvicorn.asgi: ::1:60054 - ASGI [9] Send {'type': 'http.response.start', 'status': 307, 'headers': '<...>'}
2026-03-02 15:49:28,801 [INFO] uvicorn.access: ::1:60054 - "POST /mcp HTTP/1.1" 307
2026-03-02 15:49:28,802 [TRACE] uvicorn.asgi: ::1:60054 - ASGI [9] Send {'type': 'http.response.body', 'body': '<0 bytes>'}
2026-03-02 15:49:28,802 [TRACE] uvicorn.asgi: ::1:60054 - ASGI [9] Completed
2026-03-02 15:49:28,803 [TRACE] uvicorn.error: ::1:60054 - HTTP connection lost
2026-03-02 15:49:28,803 [TRACE] uvicorn.error: ::1:60055 - HTTP connection made
2026-03-02 15:49:28,804 [TRACE] uvicorn.asgi: ::1:60055 - ASGI [10] Started scope={'type': 'http', 'asgi': {'version': '3.0', 'spec_version': '2.3'}, 'http_version': '1.1', 'server': ('::1', 8003), 'client': ('::1', 60055), 'scheme': 'http', 'method': 'POST', 'root_path': '', 'path': '/mcp/', 'raw_path': b'/mcp/', 'query_string': b'', 'headers': '<...>', 'state': {}}
2026-03-02 15:49:28,804 [TRACE] uvicorn.asgi: ::1:60055 - ASGI [10] Receive {'type': 'http.request', 'body': '<54 bytes>', 'more_body': False}
2026-03-02 15:49:28,804 [TRACE] uvicorn.asgi: ::1:60055 - ASGI [10] Send {'type': 'http.response.start', 'status': <HTTPStatus.ACCEPTED: 202>, 'headers': '<...>'}
2026-03-02 15:49:28,804 [INFO] uvicorn.access: ::1:60055 - "POST /mcp/ HTTP/1.1" 202
2026-03-02 15:49:28,804 [TRACE] uvicorn.asgi: ::1:60055 - ASGI [10] Send {'type': 'http.response.body', 'body': '<0 bytes>'}
2026-03-02 15:49:28,804 [TRACE] uvicorn.asgi: ::1:60055 - ASGI [10] Completed
2026-03-02 15:49:28,806 [TRACE] uvicorn.asgi: ::1:60055 - ASGI [11] Started scope={'type': 'http', 'asgi': {'version': '3.0', 'spec_version': '2.3'}, 'http_version': '1.1', 'server': ('::1', 8003), 'client': ('::1', 60055), 'scheme': 'http', 'method': 'GET', 'root_path': '', 'path': '/mcp', 'raw_path': b'/mcp', 'query_string': b'', 'headers': '<...>', 'state': {}}
2026-03-02 15:49:28,806 [TRACE] uvicorn.asgi: ::1:60055 - ASGI [11] Send {'type': 'http.response.start', 'status': 307, 'headers': '<...>'}
2026-03-02 15:49:28,806 [INFO] uvicorn.access: ::1:60055 - "GET /mcp HTTP/1.1" 307
2026-03-02 15:49:28,806 [TRACE] uvicorn.asgi: ::1:60055 - ASGI [11] Send {'type': 'http.response.body', 'body': '<0 bytes>'}
2026-03-02 15:49:28,806 [TRACE] uvicorn.asgi: ::1:60055 - ASGI [11] Completed
2026-03-02 15:49:28,806 [TRACE] uvicorn.error: ::1:60055 - HTTP connection lost
2026-03-02 15:49:28,807 [TRACE] uvicorn.error: ::1:60056 - HTTP connection made
2026-03-02 15:49:28,807 [TRACE] uvicorn.asgi: ::1:60056 - ASGI [12] Started scope={'type': 'http', 'asgi': {'version': '3.0', 'spec_version': '2.3'}, 'http_version': '1.1', 'server': ('::1', 8003), 'client': ('::1', 60056), 'scheme': 'http', 'method': 'GET', 'root_path': '', 'path': '/mcp/', 'raw_path': b'/mcp/', 'query_string': b'', 'headers': '<...>', 'state': {}}
2026-03-02 15:49:28,807 [TRACE] uvicorn.asgi: ::1:60056 - ASGI [12] Send {'type': 'http.response.start', 'status': 200, 'headers': '<...>'}
2026-03-02 15:49:28,807 [INFO] uvicorn.access: ::1:60056 - "GET /mcp/ HTTP/1.1" 200
2026-03-02 15:49:28,807 [TRACE] uvicorn.asgi: ::1:60056 - ASGI [12] Receive {'type': 'http.request', 'body': '<0 bytes>', 'more_body': False}
2026-03-02 15:49:43,809 [TRACE] uvicorn.asgi: ::1:60056 - ASGI [12] Send {'type': 'http.response.body', 'body': '<45 bytes>', 'more_body': True}
2026-03-02 15:49:58,810 [TRACE] uvicorn.asgi: ::1:60056 - ASGI [12] Send {'type': 'http.response.body', 'body': '<45 bytes>', 'more_body': True}
2026-03-02 15:50:13,812 [TRACE] uvicorn.asgi: ::1:60056 - ASGI [12] Send {'type': 'http.response.body', 'body': '<45 bytes>', 'more_body': True}
2026-03-02 15:50:26,798 [TRACE] uvicorn.error: ::1:60070 - HTTP connection made
2026-03-02 15:50:26,799 [TRACE] uvicorn.asgi: ::1:60070 - ASGI [13] Started scope={'type': 'http', 'asgi': {'version': '3.0', 'spec_version': '2.3'}, 'http_version': '1.1', 'server': ('::1', 8003), 'client': ('::1', 60070), 'scheme': 'http', 'method': 'POST', 'root_path': '', 'path': '/mcp', 'raw_path': b'/mcp', 'query_string': b'', 'headers': '<...>', 'state': {}}
2026-03-02 15:50:26,799 [TRACE] uvicorn.asgi: ::1:60070 - ASGI [13] Send {'type': 'http.response.start', 'status': 307, 'headers': '<...>'}
2026-03-02 15:50:26,799 [INFO] uvicorn.access: ::1:60070 - "POST /mcp HTTP/1.1" 307
2026-03-02 15:50:26,799 [TRACE] uvicorn.asgi: ::1:60070 - ASGI [13] Send {'type': 'http.response.body', 'body': '<0 bytes>'}
2026-03-02 15:50:26,800 [TRACE] uvicorn.asgi: ::1:60070 - ASGI [13] Completed
2026-03-02 15:50:26,801 [TRACE] uvicorn.error: ::1:60070 - HTTP connection lost
2026-03-02 15:50:26,802 [TRACE] uvicorn.error: ::1:60071 - HTTP connection made
2026-03-02 15:50:26,802 [TRACE] uvicorn.asgi: ::1:60071 - ASGI [14] Started scope={'type': 'http', 'asgi': {'version': '3.0', 'spec_version': '2.3'}, 'http_version': '1.1', 'server': ('::1', 8003), 'client': ('::1', 60071), 'scheme': 'http', 'method': 'POST', 'root_path': '', 'path': '/mcp/', 'raw_path': b'/mcp/', 'query_string': b'', 'headers': '<...>', 'state': {}}
2026-03-02 15:50:26,803 [TRACE] uvicorn.asgi: ::1:60071 - ASGI [14] Receive {'type': 'http.request', 'body': '<85 bytes>', 'more_body': False}
2026-03-02 15:50:26,803 [TRACE] uvicorn.asgi: ::1:60071 - ASGI [14] Send {'type': 'http.response.start', 'status': 200, 'headers': '<...>'}
2026-03-02 15:50:26,803 [INFO] uvicorn.access: ::1:60071 - "POST /mcp/ HTTP/1.1" 200
2026-03-02 15:50:26,804 [INFO] mcp.server.lowlevel.server: Processing request of type ListToolsRequest
2026-03-02 15:50:26,807 [TRACE] uvicorn.asgi: ::1:60071 - ASGI [14] Send {'type': 'http.response.body', 'body': '<1704 bytes>', 'more_body': True}
2026-03-02 15:50:26,807 [TRACE] uvicorn.asgi: ::1:60071 - ASGI [14] Send {'type': 'http.response.body', 'body': '<0 bytes>', 'more_body': False}
2026-03-02 15:50:26,807 [TRACE] uvicorn.asgi: ::1:60071 - ASGI [14] Receive {'type': 'http.disconnect'}
2026-03-02 15:50:26,808 [TRACE] uvicorn.asgi: ::1:60071 - ASGI [14] Completed
2026-03-02 15:50:28,814 [TRACE] uvicorn.asgi: ::1:60056 - ASGI [12] Send {'type': 'http.response.body', 'body': '<45 bytes>', 'more_body': True}
2026-03-02 15:50:31,809 [TRACE] uvicorn.error: ::1:60071 - HTTP connection lost
2026-03-02 15:50:43,816 [TRACE] uvicorn.asgi: ::1:60056 - ASGI [12] Send {'type': 'http.response.body', 'body': '<45 bytes>', 'more_body': True}
2026-03-02 15:50:53,902 [TRACE] uvicorn.error: ::1:60075 - HTTP connection made
2026-03-02 15:50:53,903 [TRACE] uvicorn.asgi: ::1:60075 - ASGI [15] Started scope={'type': 'http', 'asgi': {'version': '3.0', 'spec_version': '2.3'}, 'http_version': '1.1', 'server': ('::1', 8003), 'client': ('::1', 60075), 'scheme': 'http', 'method': 'POST', 'root_path': '', 'path': '/mcp', 'raw_path': b'/mcp', 'query_string': b'', 'headers': '<...>', 'state': {}}
2026-03-02 15:50:53,903 [TRACE] uvicorn.asgi: ::1:60075 - ASGI [15] Send {'type': 'http.response.start', 'status': 307, 'headers': '<...>'}
2026-03-02 15:50:53,903 [INFO] uvicorn.access: ::1:60075 - "POST /mcp HTTP/1.1" 307
2026-03-02 15:50:53,904 [TRACE] uvicorn.asgi: ::1:60075 - ASGI [15] Send {'type': 'http.response.body', 'body': '<0 bytes>'}
2026-03-02 15:50:53,904 [TRACE] uvicorn.asgi: ::1:60075 - ASGI [15] Completed
2026-03-02 15:50:53,905 [TRACE] uvicorn.error: ::1:60075 - HTTP connection lost
2026-03-02 15:50:53,905 [TRACE] uvicorn.error: ::1:60076 - HTTP connection made
2026-03-02 15:50:53,906 [TRACE] uvicorn.asgi: ::1:60076 - ASGI [16] Started scope={'type': 'http', 'asgi': {'version': '3.0', 'spec_version': '2.3'}, 'http_version': '1.1', 'server': ('::1', 8003), 'client': ('::1', 60076), 'scheme': 'http', 'method': 'POST', 'root_path': '', 'path': '/mcp/', 'raw_path': b'/mcp/', 'query_string': b'', 'headers': '<...>', 'state': {}}
2026-03-02 15:50:53,906 [TRACE] uvicorn.asgi: ::1:60076 - ASGI [16] Receive {'type': 'http.request', 'body': '<169 bytes>', 'more_body': False}
2026-03-02 15:50:53,906 [TRACE] uvicorn.asgi: ::1:60076 - ASGI [16] Send {'type': 'http.response.start', 'status': 200, 'headers': '<...>'}
2026-03-02 15:50:53,906 [INFO] uvicorn.access: ::1:60076 - "POST /mcp/ HTTP/1.1" 200
2026-03-02 15:50:53,907 [INFO] mcp.server.lowlevel.server: Processing request of type CallToolRequest
2026-03-02 15:50:53,913 [INFO] httpx: HTTP Request: POST http://fastapi/celsius-to-fahrenheit?celsius=0 "HTTP/1.1 200 OK"
2026-03-02 15:50:53,914 [TRACE] uvicorn.asgi: ::1:60076 - ASGI [16] Send {'type': 'http.response.body', 'body': '<244 bytes>', 'more_body': True}
2026-03-02 15:50:53,914 [TRACE] uvicorn.asgi: ::1:60076 - ASGI [16] Send {'type': 'http.response.body', 'body': '<0 bytes>', 'more_body': False}
2026-03-02 15:50:53,914 [TRACE] uvicorn.asgi: ::1:60076 - ASGI [16] Receive {'type': 'http.disconnect'}
2026-03-02 15:50:53,914 [TRACE] uvicorn.asgi: ::1:60076 - ASGI [16] Completed
2026-03-02 15:50:58,818 [TRACE] uvicorn.asgi: ::1:60056 - ASGI [12] Send {'type': 'http.response.body', 'body': '<45 bytes>', 'more_body': True}
2026-03-02 15:50:58,915 [TRACE] uvicorn.error: ::1:60076 - HTTP connection lost
2026-03-02 15:51:13,820 [TRACE] uvicorn.asgi: ::1:60056 - ASGI [12] Send {'type': 'http.response.body', 'body': '<45 bytes>', 'more_body': True}
2026-03-02 15:51:28,822 [TRACE] uvicorn.asgi: ::1:60056 - ASGI [12] Send {'type': 'http.response.body', 'body': '<45 bytes>', 'more_body': True}
2026-03-02 15:51:43,824 [TRACE] uvicorn.asgi: ::1:60056 - ASGI [12] Send {'type': 'http.response.body', 'body': '<45 bytes>', 'more_body': True}
2026-03-02 15:51:58,827 [TRACE] uvicorn.asgi: ::1:60056 - ASGI [12] Send {'type': 'http.response.body', 'body': '<45 bytes>', 'more_body': True}
2026-03-02 15:52:13,829 [TRACE] uvicorn.asgi: ::1:60056 - ASGI [12] Send {'type': 'http.response.body', 'body': '<45 bytes>', 'more_body': True}
2026-03-02 15:52:28,831 [TRACE] uvicorn.asgi: ::1:60056 - ASGI [12] Send {'type': 'http.response.body', 'body': '<45 bytes>', 'more_body': True}
2026-03-02 15:52:43,833 [TRACE] uvicorn.asgi: ::1:60056 - ASGI [12] Send {'type': 'http.response.body', 'body': '<45 bytes>', 'more_body': True}
2026-03-02 15:52:53,152 [TRACE] uvicorn.error: ::1:60085 - HTTP connection made
2026-03-02 15:52:53,152 [TRACE] uvicorn.asgi: ::1:60085 - ASGI [17] Started scope={'type': 'http', 'asgi': {'version': '3.0', 'spec_version': '2.3'}, 'http_version': '1.1', 'server': ('::1', 8003), 'client': ('::1', 60085), 'scheme': 'http', 'method': 'POST', 'root_path': '', 'path': '/mcp/', 'raw_path': b'/mcp/', 'query_string': b'', 'headers': '<...>', 'state': {}}
2026-03-02 15:52:53,152 [INFO] mcp.server.streamable_http_manager: Created new transport with session ID: 1e33f28e45a14299a9b88c1eac1a54ab
2026-03-02 15:52:53,152 [TRACE] uvicorn.asgi: ::1:60085 - ASGI [17] Receive {'type': 'http.request', 'body': '<95 bytes>', 'more_body': False}
2026-03-02 15:52:53,153 [TRACE] uvicorn.asgi: ::1:60085 - ASGI [17] Send {'type': 'http.response.start', 'status': <HTTPStatus.BAD_REQUEST: 400>, 'headers': '<...>'}
2026-03-02 15:52:53,153 [INFO] uvicorn.access: ::1:60085 - "POST /mcp/ HTTP/1.1" 400
2026-03-02 15:52:53,153 [TRACE] uvicorn.asgi: ::1:60085 - ASGI [17] Send {'type': 'http.response.body', 'body': '<105 bytes>'}
2026-03-02 15:52:53,153 [TRACE] uvicorn.asgi: ::1:60085 - ASGI [17] Completed
2026-03-02 15:52:53,153 [TRACE] uvicorn.error: ::1:60085 - HTTP connection lost
2026-03-02 15:52:58,835 [TRACE] uvicorn.asgi: ::1:60056 - ASGI [12] Send {'type': 'http.response.body', 'body': '<45 bytes>', 'more_body': True}
2026-03-02 15:53:13,837 [TRACE] uvicorn.asgi: ::1:60056 - ASGI [12] Send {'type': 'http.response.body', 'body': '<45 bytes>', 'more_body': True}
2026-03-02 15:53:28,839 [TRACE] uvicorn.asgi: ::1:60056 - ASGI [12] Send {'type': 'http.response.body', 'body': '<45 bytes>', 'more_body': True}
2026-03-02 15:53:43,841 [TRACE] uvicorn.asgi: ::1:60056 - ASGI [12] Send {'type': 'http.response.body', 'body': '<45 bytes>', 'more_body': True}
2026-03-02 15:53:58,843 [TRACE] uvicorn.asgi: ::1:60056 - ASGI [12] Send {'type': 'http.response.body', 'body': '<45 bytes>', 'more_body': True}
2026-03-02 15:54:07,347 [TRACE] uvicorn.error: ::1:60094 - HTTP connection made
2026-03-02 15:54:07,347 [TRACE] uvicorn.asgi: ::1:60094 - ASGI [18] Started scope={'type': 'http', 'asgi': {'version': '3.0', 'spec_version': '2.3'}, 'http_version': '1.1', 'server': ('::1', 8003), 'client': ('::1', 60094), 'scheme': 'http', 'method': 'POST', 'root_path': '', 'path': '/mcp/', 'raw_path': b'/mcp/', 'query_string': b'', 'headers': '<...>', 'state': {}}
2026-03-02 15:54:07,348 [INFO] mcp.server.streamable_http_manager: Created new transport with session ID: 71f5111157ad428bb2e6c83ee91a4191
2026-03-02 15:54:07,348 [TRACE] uvicorn.asgi: ::1:60094 - ASGI [18] Receive {'type': 'http.request', 'body': '<115 bytes>', 'more_body': False}
2026-03-02 15:54:07,348 [TRACE] uvicorn.asgi: ::1:60094 - ASGI [18] Send {'type': 'http.response.start', 'status': <HTTPStatus.BAD_REQUEST: 400>, 'headers': '<...>'}
2026-03-02 15:54:07,348 [INFO] uvicorn.access: ::1:60094 - "POST /mcp/ HTTP/1.1" 400
2026-03-02 15:54:07,348 [TRACE] uvicorn.asgi: ::1:60094 - ASGI [18] Send {'type': 'http.response.body', 'body': '<105 bytes>'}
2026-03-02 15:54:07,348 [TRACE] uvicorn.asgi: ::1:60094 - ASGI [18] Completed
2026-03-02 15:54:07,348 [TRACE] uvicorn.error: ::1:60094 - HTTP connection lost
2026-03-02 15:54:13,846 [TRACE] uvicorn.asgi: ::1:60056 - ASGI [12] Send {'type': 'http.response.body', 'body': '<45 bytes>', 'more_body': True}
2026-03-02 15:54:28,848 [TRACE] uvicorn.asgi: ::1:60056 - ASGI [12] Send {'type': 'http.response.body', 'body': '<45 bytes>', 'more_body': True}
2026-03-02 15:54:38,126 [TRACE] uvicorn.error: ::1:60096 - HTTP connection made
2026-03-02 15:54:38,126 [TRACE] uvicorn.asgi: ::1:60096 - ASGI [19] Started scope={'type': 'http', 'asgi': {'version': '3.0', 'spec_version': '2.3'}, 'http_version': '1.1', 'server': ('::1', 8003), 'client': ('::1', 60096), 'scheme': 'http', 'method': 'POST', 'root_path': '', 'path': '/mcp/', 'raw_path': b'/mcp/', 'query_string': b'', 'headers': '<...>', 'state': {}}
2026-03-02 15:54:38,126 [INFO] mcp.server.streamable_http_manager: Created new transport with session ID: efed40d928b94257ae496806d0242560
2026-03-02 15:54:38,126 [TRACE] uvicorn.asgi: ::1:60096 - ASGI [19] Receive {'type': 'http.request', 'body': '<151 bytes>', 'more_body': False}
2026-03-02 15:54:38,127 [TRACE] uvicorn.asgi: ::1:60096 - ASGI [19] Send {'type': 'http.response.start', 'status': 200, 'headers': '<...>'}
2026-03-02 15:54:38,127 [INFO] uvicorn.access: ::1:60096 - "POST /mcp/ HTTP/1.1" 200
2026-03-02 15:54:38,128 [TRACE] uvicorn.asgi: ::1:60096 - ASGI [19] Send {'type': 'http.response.body', 'body': '<431 bytes>', 'more_body': True}
2026-03-02 15:54:38,128 [TRACE] uvicorn.asgi: ::1:60096 - ASGI [19] Send {'type': 'http.response.body', 'body': '<0 bytes>', 'more_body': False}
2026-03-02 15:54:38,128 [TRACE] uvicorn.asgi: ::1:60096 - ASGI [19] Receive {'type': 'http.disconnect'}
2026-03-02 15:54:38,128 [TRACE] uvicorn.error: ::1:60096 - HTTP connection lost
2026-03-02 15:54:38,128 [TRACE] uvicorn.asgi: ::1:60096 - ASGI [19] Completed
2026-03-02 15:54:42,952 [TRACE] uvicorn.error: ::1:60097 - HTTP connection made
2026-03-02 15:54:42,953 [TRACE] uvicorn.asgi: ::1:60097 - ASGI [20] Started scope={'type': 'http', 'asgi': {'version': '3.0', 'spec_version': '2.3'}, 'http_version': '1.1', 'server': ('::1', 8003), 'client': ('::1', 60097), 'scheme': 'http', 'method': 'POST', 'root_path': '', 'path': '/mcp/', 'raw_path': b'/mcp/', 'query_string': b'', 'headers': '<...>', 'state': {}}
2026-03-02 15:54:42,953 [TRACE] uvicorn.asgi: ::1:60097 - ASGI [20] Receive {'type': 'http.request', 'body': '<115 bytes>', 'more_body': False}
2026-03-02 15:54:42,953 [TRACE] uvicorn.asgi: ::1:60097 - ASGI [20] Send {'type': 'http.response.start', 'status': 200, 'headers': '<...>'}
2026-03-02 15:54:42,953 [INFO] uvicorn.access: ::1:60097 - "POST /mcp/ HTTP/1.1" 200
2026-03-02 15:54:42,953 [INFO] mcp.server.lowlevel.server: Processing request of type CallToolRequest
2026-03-02 15:54:42,954 [WARNING] mcp.server.lowlevel.server: Tool 'celsius_to_fahrenheit' not listed, no validation will be performed
2026-03-02 15:54:42,954 [TRACE] uvicorn.asgi: ::1:60097 - ASGI [20] Send {'type': 'http.response.body', 'body': '<151 bytes>', 'more_body': True}
2026-03-02 15:54:42,954 [TRACE] uvicorn.asgi: ::1:60097 - ASGI [20] Send {'type': 'http.response.body', 'body': '<0 bytes>', 'more_body': False}
2026-03-02 15:54:42,954 [TRACE] uvicorn.asgi: ::1:60097 - ASGI [20] Receive {'type': 'http.disconnect'}
2026-03-02 15:54:42,954 [TRACE] uvicorn.error: ::1:60097 - HTTP connection lost
2026-03-02 15:54:42,954 [TRACE] uvicorn.asgi: ::1:60097 - ASGI [20] Completed
2026-03-02 15:54:43,850 [TRACE] uvicorn.asgi: ::1:60056 - ASGI [12] Send {'type': 'http.response.body', 'body': '<45 bytes>', 'more_body': True}
2026-03-02 15:54:58,852 [TRACE] uvicorn.asgi: ::1:60056 - ASGI [12] Send {'type': 'http.response.body', 'body': '<45 bytes>', 'more_body': True}
2026-03-02 15:55:13,855 [TRACE] uvicorn.asgi: ::1:60056 - ASGI [12] Send {'type': 'http.response.body', 'body': '<45 bytes>', 'more_body': True}
2026-03-02 15:55:28,857 [TRACE] uvicorn.asgi: ::1:60056 - ASGI [12] Send {'type': 'http.response.body', 'body': '<45 bytes>', 'more_body': True}
2026-03-02 15:55:43,859 [TRACE] uvicorn.asgi: ::1:60056 - ASGI [12] Send {'type': 'http.response.body', 'body': '<45 bytes>', 'more_body': True}
2026-03-02 15:55:58,861 [TRACE] uvicorn.asgi: ::1:60056 - ASGI [12] Send {'type': 'http.response.body', 'body': '<45 bytes>', 'more_body': True}
2026-03-02 15:56:13,863 [TRACE] uvicorn.asgi: ::1:60056 - ASGI [12] Send {'type': 'http.response.body', 'body': '<45 bytes>', 'more_body': True}
2026-03-02 15:56:28,865 [TRACE] uvicorn.asgi: ::1:60056 - ASGI [12] Send {'type': 'http.response.body', 'body': '<45 bytes>', 'more_body': True}
2026-03-02 15:56:43,867 [TRACE] uvicorn.asgi: ::1:60056 - ASGI [12] Send {'type': 'http.response.body', 'body': '<45 bytes>', 'more_body': True}
2026-03-02 15:56:55,609 [TRACE] uvicorn.error: ::1:60105 - HTTP connection made
2026-03-02 15:56:55,609 [TRACE] uvicorn.asgi: ::1:60105 - ASGI [21] Started scope={'type': 'http', 'asgi': {'version': '3.0', 'spec_version': '2.3'}, 'http_version': '1.1', 'server': ('::1', 8003), 'client': ('::1', 60105), 'scheme': 'http', 'method': 'POST', 'root_path': '', 'path': '/mcp/', 'raw_path': b'/mcp/', 'query_string': b'', 'headers': '<...>', 'state': {}}
2026-03-02 15:56:55,610 [TRACE] uvicorn.asgi: ::1:60105 - ASGI [21] Receive {'type': 'http.request', 'body': '<142 bytes>', 'more_body': False}
2026-03-02 15:56:55,610 [TRACE] uvicorn.asgi: ::1:60105 - ASGI [21] Send {'type': 'http.response.start', 'status': 200, 'headers': '<...>'}
2026-03-02 15:56:55,610 [INFO] uvicorn.access: ::1:60105 - "POST /mcp/ HTTP/1.1" 200
2026-03-02 15:56:55,610 [INFO] mcp.server.lowlevel.server: Processing request of type CallToolRequest
2026-03-02 15:56:55,611 [INFO] httpx: HTTP Request: POST http://fastapi/celsius-to-fahrenheit?celsius=25 "HTTP/1.1 200 OK"
2026-03-02 15:56:55,612 [TRACE] uvicorn.asgi: ::1:60105 - ASGI [21] Send {'type': 'http.response.body', 'body': '<244 bytes>', 'more_body': True}
2026-03-02 15:56:55,612 [TRACE] uvicorn.asgi: ::1:60105 - ASGI [21] Send {'type': 'http.response.body', 'body': '<0 bytes>', 'more_body': False}
2026-03-02 15:56:55,612 [TRACE] uvicorn.asgi: ::1:60105 - ASGI [21] Receive {'type': 'http.disconnect'}
2026-03-02 15:56:55,612 [TRACE] uvicorn.error: ::1:60105 - HTTP connection lost
2026-03-02 15:56:55,612 [TRACE] uvicorn.asgi: ::1:60105 - ASGI [21] Completed
2026-03-02 15:56:58,869 [TRACE] uvicorn.asgi: ::1:60056 - ASGI [12] Send {'type': 'http.response.body', 'body': '<45 bytes>', 'more_body': True}
2026-03-02 15:57:13,871 [TRACE] uvicorn.asgi: ::1:60056 - ASGI [12] Send {'type': 'http.response.body', 'body': '<45 bytes>', 'more_body': True}
2026-03-02 15:57:28,873 [TRACE] uvicorn.asgi: ::1:60056 - ASGI [12] Send {'type': 'http.response.body', 'body': '<45 bytes>', 'more_body': True}
2026-03-02 15:57:43,875 [TRACE] uvicorn.asgi: ::1:60056 - ASGI [12] Send {'type': 'http.response.body', 'body': '<45 bytes>', 'more_body': True}
2026-03-02 15:57:58,878 [TRACE] uvicorn.asgi: ::1:60056 - ASGI [12] Send {'type': 'http.response.body', 'body': '<45 bytes>', 'more_body': True}
2026-03-02 15:58:13,879 [TRACE] uvicorn.asgi: ::1:60056 - ASGI [12] Send {'type': 'http.response.body', 'body': '<45 bytes>', 'more_body': True}
2026-03-02 15:58:28,880 [TRACE] uvicorn.asgi: ::1:60056 - ASGI [12] Send {'type': 'http.response.body', 'body': '<45 bytes>', 'more_body': True}
2026-03-02 15:58:43,882 [TRACE] uvicorn.asgi: ::1:60056 - ASGI [12] Send {'type': 'http.response.body', 'body': '<45 bytes>', 'more_body': True}
2026-03-02 15:58:58,884 [TRACE] uvicorn.asgi: ::1:60056 - ASGI [12] Send {'type': 'http.response.body', 'body': '<45 bytes>', 'more_body': True}
2026-03-02 15:59:13,886 [TRACE] uvicorn.asgi: ::1:60056 - ASGI [12] Send {'type': 'http.response.body', 'body': '<45 bytes>', 'more_body': True}
2026-03-02 15:59:28,888 [TRACE] uvicorn.asgi: ::1:60056 - ASGI [12] Send {'type': 'http.response.body', 'body': '<45 bytes>', 'more_body': True}
2026-03-02 15:59:43,889 [TRACE] uvicorn.asgi: ::1:60056 - ASGI [12] Send {'type': 'http.response.body', 'body': '<45 bytes>', 'more_body': True}
2026-03-02 15:59:58,891 [TRACE] uvicorn.asgi: ::1:60056 - ASGI [12] Send {'type': 'http.response.body', 'body': '<45 bytes>', 'more_body': True}
2026-03-02 16:00:13,892 [TRACE] uvicorn.asgi: ::1:60056 - ASGI [12] Send {'type': 'http.response.body', 'body': '<45 bytes>', 'more_body': True}
2026-03-02 16:00:28,894 [TRACE] uvicorn.asgi: ::1:60056 - ASGI [12] Send {'type': 'http.response.body', 'body': '<45 bytes>', 'more_body': True}
2026-03-02 16:00:43,896 [TRACE] uvicorn.asgi: ::1:60056 - ASGI [12] Send {'type': 'http.response.body', 'body': '<45 bytes>', 'more_body': True}
2026-03-02 16:00:58,898 [TRACE] uvicorn.asgi: ::1:60056 - ASGI [12] Send {'type': 'http.response.body', 'body': '<45 bytes>', 'more_body': True}
2026-03-02 16:01:08,431 [TRACE] uvicorn.error: ::1:60056 - HTTP connection lost
2026-03-02 16:01:08,431 [TRACE] uvicorn.asgi: ::1:60056 - ASGI [12] Receive {'type': 'http.disconnect'}
2026-03-02 16:01:08,432 [TRACE] uvicorn.asgi: ::1:60056 - ASGI [12] Completed
2026-03-09 14:31:44,723 [INFO] uvicorn.error: Started server process [92521]
2026-03-09 14:31:44,724 [INFO] uvicorn.error: Waiting for application startup.
2026-03-09 14:31:44,724 [TRACE] uvicorn.asgi: ASGI [1] Started scope={'type': 'lifespan', 'asgi': {'version': '3.0', 'spec_version': '2.0'}, 'state': {}}
2026-03-09 14:31:44,724 [TRACE] uvicorn.asgi: ASGI [1] Receive {'type': 'lifespan.startup'}
2026-03-09 14:31:44,726 [INFO] mcp.server.streamable_http_manager: StreamableHTTP session manager started
2026-03-09 14:31:44,726 [TRACE] uvicorn.asgi: ASGI [1] Send {'type': 'lifespan.startup.complete'}
2026-03-09 14:31:44,726 [INFO] uvicorn.error: Application startup complete.
2026-03-09 14:31:44,730 [INFO] uvicorn.error: Uvicorn running on http://localhost:8003 (Press CTRL+C to quit)
2026-06-13 18:24:53,261 [INFO] uvicorn.error: Started server process [36224]
2026-06-13 18:24:53,263 [INFO] uvicorn.error: Waiting for application startup.
2026-06-13 18:24:53,264 [TRACE] uvicorn.asgi: ASGI [1] Started scope={'type': 'lifespan', 'asgi': {'version': '3.0', 'spec_version': '2.0'}, 'state': {}}
2026-06-13 18:24:53,264 [TRACE] uvicorn.asgi: ASGI [1] Receive {'type': 'lifespan.startup'}
2026-06-13 18:24:53,270 [INFO] mcp.server.streamable_http_manager: StreamableHTTP session manager started
2026-06-13 18:24:53,270 [TRACE] uvicorn.asgi: ASGI [1] Send {'type': 'lifespan.startup.complete'}
2026-06-13 18:24:53,270 [INFO] uvicorn.error: Application startup complete.
2026-06-13 18:24:53,294 [INFO] uvicorn.error: Uvicorn running on http://localhost:8003 (Press CTRL+C to quit)
2026-06-13 18:25:33,938 [INFO] uvicorn.error: Started server process [37500]
2026-06-13 18:25:33,938 [INFO] uvicorn.error: Waiting for application startup.
2026-06-13 18:25:33,938 [TRACE] uvicorn.asgi: ASGI [1] Started scope={'type': 'lifespan', 'asgi': {'version': '3.0', 'spec_version': '2.0'}, 'state': {}}
2026-06-13 18:25:33,939 [TRACE] uvicorn.asgi: ASGI [1] Receive {'type': 'lifespan.startup'}
2026-06-13 18:25:33,942 [INFO] mcp.server.streamable_http_manager: StreamableHTTP session manager started
2026-06-13 18:25:33,942 [TRACE] uvicorn.asgi: ASGI [1] Send {'type': 'lifespan.startup.complete'}
2026-06-13 18:25:33,942 [INFO] uvicorn.error: Application startup complete.
2026-06-13 18:25:33,947 [ERROR] uvicorn.error: [Errno 10048] error while attempting to bind on address ('::1', 8003, 0, 0): [winerror 10048] only one usage of each socket address (protocol/network address/port) is normally permitted
2026-06-13 18:25:33,948 [INFO] uvicorn.error: Waiting for application shutdown.
2026-06-13 18:25:33,948 [TRACE] uvicorn.asgi: ASGI [1] Receive {'type': 'lifespan.shutdown'}
2026-06-13 18:25:33,948 [INFO] mcp.server.streamable_http_manager: StreamableHTTP session manager shutting down
2026-06-13 18:25:33,948 [TRACE] uvicorn.asgi: ASGI [1] Send {'type': 'lifespan.shutdown.complete'}
2026-06-13 18:25:33,949 [TRACE] uvicorn.asgi: ASGI [1] Completed
2026-06-13 18:25:33,949 [INFO] uvicorn.error: Application shutdown complete.
2026-06-13 18:26:08,473 [TRACE] uvicorn.error: ::1:58843 - HTTP connection made
2026-06-13 18:26:08,503 [TRACE] uvicorn.asgi: ::1:58843 - ASGI [2] Started scope={'type': 'http', 'asgi': {'version': '3.0', 'spec_version': '2.3'}, 'http_version': '1.1', 'server': ('::1', 8003), 'client': ('::1', 58843), 'scheme': 'http', 'method': 'GET', 'root_path': '', 'path': '/docs', 'raw_path': b'/docs', 'query_string': b'', 'headers': '<...>', 'state': {}}
2026-06-13 18:26:08,523 [TRACE] uvicorn.asgi: ::1:58843 - ASGI [2] Send {'type': 'http.response.start', 'status': 200, 'headers': '<...>'}
2026-06-13 18:26:08,534 [INFO] uvicorn.access: ::1:58843 - "GET /docs HTTP/1.1" 200
2026-06-13 18:26:08,535 [TRACE] uvicorn.asgi: ::1:58843 - ASGI [2] Send {'type': 'http.response.body', 'body': '<1024 bytes>'}
2026-06-13 18:26:08,536 [TRACE] uvicorn.asgi: ::1:58843 - ASGI [2] Completed
2026-06-13 18:26:08,537 [TRACE] uvicorn.error: ::1:56251 - HTTP connection made
2026-06-13 18:26:09,426 [TRACE] uvicorn.asgi: ::1:58843 - ASGI [3] Started scope={'type': 'http', 'asgi': {'version': '3.0', 'spec_version': '2.3'}, 'http_version': '1.1', 'server': ('::1', 8003), 'client': ('::1', 58843), 'scheme': 'http', 'method': 'GET', 'root_path': '', 'path': '/openapi.json', 'raw_path': b'/openapi.json', 'query_string': b'', 'headers': '<...>', 'state': {}}
2026-06-13 18:26:09,427 [TRACE] uvicorn.asgi: ::1:58843 - ASGI [3] Send {'type': 'http.response.start', 'status': 200, 'headers': '<...>'}
2026-06-13 18:26:09,427 [INFO] uvicorn.access: ::1:58843 - "GET /openapi.json HTTP/1.1" 200
2026-06-13 18:26:09,427 [TRACE] uvicorn.asgi: ::1:58843 - ASGI [3] Send {'type': 'http.response.body', 'body': '<1528 bytes>'}
2026-06-13 18:26:09,428 [TRACE] uvicorn.asgi: ::1:58843 - ASGI [3] Completed
2026-06-13 18:26:14,437 [TRACE] uvicorn.error: ::1:58843 - HTTP connection lost
2026-06-13 18:26:41,448 [TRACE] uvicorn.asgi: ::1:56251 - ASGI [4] Started scope={'type': 'http', 'asgi': {'version': '3.0', 'spec_version': '2.3'}, 'http_version': '1.1', 'server': ('::1', 8003), 'client': ('::1', 56251), 'scheme': 'http', 'method': 'POST', 'root_path': '', 'path': '/monitor-shipment', 'raw_path': b'/monitor-shipment', 'query_string': b'', 'headers': '<...>', 'state': {}}
2026-06-13 18:26:41,466 [TRACE] uvicorn.asgi: ::1:56251 - ASGI [4] Receive {'type': 'http.request', 'body': '<29 bytes>', 'more_body': False}
2026-06-13 18:26:41,468 [TRACE] uvicorn.asgi: ::1:56251 - ASGI [4] Send {'type': 'http.response.start', 'status': 200, 'headers': '<...>'}
2026-06-13 18:26:41,468 [INFO] uvicorn.access: ::1:56251 - "POST /monitor-shipment HTTP/1.1" 200
2026-06-13 18:26:41,469 [TRACE] uvicorn.asgi: ::1:56251 - ASGI [4] Send {'type': 'http.response.body', 'body': '<286 bytes>'}
2026-06-13 18:26:41,469 [TRACE] uvicorn.asgi: ::1:56251 - ASGI [4] Completed
2026-06-13 18:26:46,475 [TRACE] uvicorn.error: ::1:56251 - HTTP connection lost
2026-06-13 18:28:35,140 [TRACE] uvicorn.error: ::1:62281 - HTTP connection made
2026-06-13 18:28:35,152 [TRACE] uvicorn.asgi: ::1:62281 - ASGI [5] Started scope={'type': 'http', 'asgi': {'version': '3.0', 'spec_version': '2.3'}, 'http_version': '1.1', 'server': ('::1', 8003), 'client': ('::1', 62281), 'scheme': 'http', 'method': 'POST', 'root_path': '', 'path': '/monitor-shipment', 'raw_path': b'/monitor-shipment', 'query_string': b'', 'headers': '<...>', 'state': {}}
2026-06-13 18:28:35,153 [TRACE] uvicorn.asgi: ::1:62281 - ASGI [5] Receive {'type': 'http.request', 'body': '<29 bytes>', 'more_body': False}
2026-06-13 18:28:35,156 [TRACE] uvicorn.asgi: ::1:62281 - ASGI [5] Send {'type': 'http.response.start', 'status': 404, 'headers': '<...>'}
2026-06-13 18:28:35,161 [INFO] uvicorn.access: ::1:62281 - "POST /monitor-shipment HTTP/1.1" 404
2026-06-13 18:28:35,162 [TRACE] uvicorn.asgi: ::1:62281 - ASGI [5] Send {'type': 'http.response.body', 'body': '<42 bytes>'}
2026-06-13 18:28:35,162 [TRACE] uvicorn.asgi: ::1:62281 - ASGI [5] Completed
2026-06-13 18:28:40,178 [TRACE] uvicorn.error: ::1:62281 - HTTP connection lost
2026-06-13 18:32:08,498 [TRACE] uvicorn.error: ::1:60830 - HTTP connection made
2026-06-13 18:32:08,503 [TRACE] uvicorn.asgi: ::1:60830 - ASGI [6] Started scope={'type': 'http', 'asgi': {'version': '3.0', 'spec_version': '2.3'}, 'http_version': '1.1', 'server': ('::1', 8003), 'client': ('::1', 60830), 'scheme': 'http', 'method': 'POST', 'root_path': '', 'path': '/monitor-shipment', 'raw_path': b'/monitor-shipment', 'query_string': b'', 'headers': '<...>', 'state': {}}
2026-06-13 18:32:08,506 [TRACE] uvicorn.asgi: ::1:60830 - ASGI [6] Receive {'type': 'http.request', 'body': '<29 bytes>', 'more_body': False}
2026-06-13 18:32:08,508 [TRACE] uvicorn.asgi: ::1:60830 - ASGI [6] Send {'type': 'http.response.start', 'status': 200, 'headers': '<...>'}
2026-06-13 18:32:08,512 [INFO] uvicorn.access: ::1:60830 - "POST /monitor-shipment HTTP/1.1" 200
2026-06-13 18:32:08,513 [TRACE] uvicorn.asgi: ::1:60830 - ASGI [6] Send {'type': 'http.response.body', 'body': '<272 bytes>'}
2026-06-13 18:32:08,517 [TRACE] uvicorn.asgi: ::1:60830 - ASGI [6] Completed
2026-06-13 18:32:13,527 [TRACE] uvicorn.error: ::1:60830 - HTTP connection lost
2026-06-13 18:56:20,086 [TRACE] uvicorn.error: ::1:60231 - HTTP connection made
2026-06-13 18:56:20,087 [TRACE] uvicorn.asgi: ::1:60231 - ASGI [7] Started scope={'type': 'http', 'asgi': {'version': '3.0', 'spec_version': '2.3'}, 'http_version': '1.1', 'server': ('::1', 8003), 'client': ('::1', 60231), 'scheme': 'http', 'method': 'POST', 'root_path': '', 'path': '/monitor-shipment', 'raw_path': b'/monitor-shipment', 'query_string': b'', 'headers': '<...>', 'state': {}}
2026-06-13 18:56:20,088 [TRACE] uvicorn.asgi: ::1:60231 - ASGI [7] Receive {'type': 'http.request', 'body': '<28 bytes>', 'more_body': False}
2026-06-13 18:56:20,091 [TRACE] uvicorn.asgi: ::1:60231 - ASGI [7] Send {'type': 'http.response.start', 'status': 200, 'headers': '<...>'}
2026-06-13 18:56:20,091 [INFO] uvicorn.access: ::1:60231 - "POST /monitor-shipment HTTP/1.1" 200
2026-06-13 18:56:20,091 [TRACE] uvicorn.asgi: ::1:60231 - ASGI [7] Send {'type': 'http.response.body', 'body': '<279 bytes>'}
2026-06-13 18:56:20,091 [TRACE] uvicorn.asgi: ::1:60231 - ASGI [7] Completed
2026-06-13 18:56:20,092 [TRACE] uvicorn.error: ::1:60231 - HTTP connection lost
2026-06-13 19:17:06,412 [TRACE] uvicorn.error: ::1:58962 - HTTP connection made
2026-06-13 19:17:06,412 [TRACE] uvicorn.asgi: ::1:58962 - ASGI [8] Started scope={'type': 'http', 'asgi': {'version': '3.0', 'spec_version': '2.3'}, 'http_version': '1.1', 'server': ('::1', 8003), 'client': ('::1', 58962), 'scheme': 'http', 'method': 'POST', 'root_path': '', 'path': '/monitor-shipment', 'raw_path': b'/monitor-shipment', 'query_string': b'', 'headers': '<...>', 'state': {}}
2026-06-13 19:17:06,414 [TRACE] uvicorn.asgi: ::1:58962 - ASGI [8] Receive {'type': 'http.request', 'body': '<28 bytes>', 'more_body': False}
2026-06-13 19:17:06,428 [TRACE] uvicorn.asgi: ::1:58962 - ASGI [8] Send {'type': 'http.response.start', 'status': 404, 'headers': '<...>'}
2026-06-13 19:17:06,429 [INFO] uvicorn.access: ::1:58962 - "POST /monitor-shipment HTTP/1.1" 404
2026-06-13 19:17:06,429 [TRACE] uvicorn.asgi: ::1:58962 - ASGI [8] Send {'type': 'http.response.body', 'body': '<42 bytes>'}
2026-06-13 19:17:06,430 [TRACE] uvicorn.asgi: ::1:58962 - ASGI [8] Completed
2026-06-13 19:17:06,430 [TRACE] uvicorn.error: ::1:58962 - HTTP connection lost
2026-06-13 19:20:55,824 [TRACE] uvicorn.error: ::1:64970 - HTTP connection made
2026-06-13 19:20:55,824 [TRACE] uvicorn.asgi: ::1:64970 - ASGI [9] Started scope={'type': 'http', 'asgi': {'version': '3.0', 'spec_version': '2.3'}, 'http_version': '1.1', 'server': ('::1', 8003), 'client': ('::1', 64970), 'scheme': 'http', 'method': 'POST', 'root_path': '', 'path': '/mcp/', 'raw_path': b'/mcp/', 'query_string': b'', 'headers': '<...>', 'state': {}}
2026-06-13 19:20:55,855 [TRACE] uvicorn.asgi: ::1:64970 - ASGI [9] Send {'type': 'http.response.start', 'status': <HTTPStatus.NOT_FOUND: 404>, 'headers': '<...>'}
2026-06-13 19:20:55,857 [INFO] uvicorn.access: ::1:64970 - "POST /mcp/ HTTP/1.1" 404
2026-06-13 19:20:55,858 [TRACE] uvicorn.asgi: ::1:64970 - ASGI [9] Send {'type': 'http.response.body', 'body': '<91 bytes>'}
2026-06-13 19:20:55,858 [TRACE] uvicorn.asgi: ::1:64970 - ASGI [9] Completed
2026-06-13 19:20:55,859 [TRACE] uvicorn.error: ::1:64970 - HTTP connection lost
2026-06-13 19:25:30,933 [TRACE] uvicorn.error: ::1:52183 - HTTP connection made
2026-06-13 19:25:30,935 [TRACE] uvicorn.asgi: ::1:52183 - ASGI [10] Started scope={'type': 'http', 'asgi': {'version': '3.0', 'spec_version': '2.3'}, 'http_version': '1.1', 'server': ('::1', 8003), 'client': ('::1', 52183), 'scheme': 'http', 'method': 'GET', 'root_path': '', 'path': '/mcp/', 'raw_path': b'/mcp/', 'query_string': b'', 'headers': '<...>', 'state': {}}
2026-06-13 19:25:30,949 [INFO] mcp.server.streamable_http_manager: Created new transport with session ID: 76eb1373c97340cc8869f54980cee7a6
2026-06-13 19:25:31,007 [TRACE] uvicorn.asgi: ::1:52183 - ASGI [10] Send {'type': 'http.response.start', 'status': <HTTPStatus.NOT_ACCEPTABLE: 406>, 'headers': '<...>'}
2026-06-13 19:25:31,008 [INFO] uvicorn.access: ::1:52183 - "GET /mcp/ HTTP/1.1" 406
2026-06-13 19:25:31,009 [TRACE] uvicorn.asgi: ::1:52183 - ASGI [10] Send {'type': 'http.response.body', 'body': '<126 bytes>'}
2026-06-13 19:25:31,018 [TRACE] uvicorn.asgi: ::1:52183 - ASGI [10] Completed
2026-06-13 19:25:31,021 [TRACE] uvicorn.error: ::1:52183 - HTTP connection lost
2026-06-13 19:26:03,679 [TRACE] uvicorn.error: ::1:61154 - HTTP connection made
2026-06-13 19:26:03,680 [TRACE] uvicorn.asgi: ::1:61154 - ASGI [11] Started scope={'type': 'http', 'asgi': {'version': '3.0', 'spec_version': '2.3'}, 'http_version': '1.1', 'server': ('::1', 8003), 'client': ('::1', 61154), 'scheme': 'http', 'method': 'POST', 'root_path': '', 'path': '/mcp/', 'raw_path': b'/mcp/', 'query_string': b'', 'headers': '<...>', 'state': {}}
2026-06-13 19:26:03,680 [INFO] mcp.server.streamable_http_manager: Created new transport with session ID: a3c3c69b145b48768fe1821be26e53d3
2026-06-13 19:26:03,683 [TRACE] uvicorn.asgi: ::1:61154 - ASGI [11] Receive {'type': 'http.request', 'body': '<158 bytes>', 'more_body': False}
2026-06-13 19:26:03,767 [TRACE] uvicorn.asgi: ::1:61154 - ASGI [11] Send {'type': 'http.response.start', 'status': 200, 'headers': '<...>'}
2026-06-13 19:26:03,768 [INFO] uvicorn.access: ::1:61154 - "POST /mcp/ HTTP/1.1" 200
2026-06-13 19:26:03,770 [TRACE] uvicorn.asgi: ::1:61154 - ASGI [11] Send {'type': 'http.response.body', 'body': '<444 bytes>', 'more_body': True}
2026-06-13 19:26:03,771 [TRACE] uvicorn.asgi: ::1:61154 - ASGI [11] Send {'type': 'http.response.body', 'body': '<0 bytes>', 'more_body': False}
2026-06-13 19:26:03,773 [TRACE] uvicorn.asgi: ::1:61154 - ASGI [11] Receive {'type': 'http.disconnect'}
2026-06-13 19:26:03,773 [TRACE] uvicorn.asgi: ::1:61154 - ASGI [11] Completed
2026-06-13 19:26:03,774 [TRACE] uvicorn.error: ::1:61154 - HTTP connection lost
2026-06-13 19:30:10,221 [TRACE] uvicorn.error: ::1:62762 - HTTP connection made
2026-06-13 19:30:10,223 [TRACE] uvicorn.asgi: ::1:62762 - ASGI [12] Started scope={'type': 'http', 'asgi': {'version': '3.0', 'spec_version': '2.3'}, 'http_version': '1.1', 'server': ('::1', 8003), 'client': ('::1', 62762), 'scheme': 'http', 'method': 'POST', 'root_path': '', 'path': '/mcp/', 'raw_path': b'/mcp/', 'query_string': b'', 'headers': '<...>', 'state': {}}
2026-06-13 19:30:10,223 [TRACE] uvicorn.asgi: ::1:62762 - ASGI [12] Send {'type': 'http.response.start', 'status': <HTTPStatus.NOT_FOUND: 404>, 'headers': '<...>'}
2026-06-13 19:30:10,224 [INFO] uvicorn.access: ::1:62762 - "POST /mcp/ HTTP/1.1" 404
2026-06-13 19:30:10,224 [TRACE] uvicorn.asgi: ::1:62762 - ASGI [12] Send {'type': 'http.response.body', 'body': '<91 bytes>'}
2026-06-13 19:30:10,224 [TRACE] uvicorn.asgi: ::1:62762 - ASGI [12] Completed
2026-06-13 19:30:10,225 [TRACE] uvicorn.error: ::1:62762 - HTTP connection lost
2026-06-13 19:38:32,466 [TRACE] uvicorn.error: ::1:52476 - HTTP connection made
2026-06-13 19:38:32,467 [TRACE] uvicorn.asgi: ::1:52476 - ASGI [13] Started scope={'type': 'http', 'asgi': {'version': '3.0', 'spec_version': '2.3'}, 'http_version': '1.1', 'server': ('::1', 8003), 'client': ('::1', 52476), 'scheme': 'http', 'method': 'POST', 'root_path': '', 'path': '/mcp/', 'raw_path': b'/mcp/', 'query_string': b'', 'headers': '<...>', 'state': {}}
2026-06-13 19:38:32,467 [TRACE] uvicorn.asgi: ::1:52476 - ASGI [13] Receive {'type': 'http.request', 'body': '<58 bytes>', 'more_body': False}
2026-06-13 19:38:32,469 [TRACE] uvicorn.asgi: ::1:52476 - ASGI [13] Send {'type': 'http.response.start', 'status': 200, 'headers': '<...>'}
2026-06-13 19:38:32,469 [INFO] uvicorn.access: ::1:52476 - "POST /mcp/ HTTP/1.1" 200
2026-06-13 19:38:32,475 [INFO] mcp.server.lowlevel.server: Processing request of type ListToolsRequest
2026-06-13 19:38:32,519 [TRACE] uvicorn.asgi: ::1:52476 - ASGI [13] Send {'type': 'http.response.body', 'body': '<377 bytes>', 'more_body': True}
2026-06-13 19:38:32,519 [TRACE] uvicorn.asgi: ::1:52476 - ASGI [13] Send {'type': 'http.response.body', 'body': '<0 bytes>', 'more_body': False}
2026-06-13 19:38:32,520 [TRACE] uvicorn.asgi: ::1:52476 - ASGI [13] Receive {'type': 'http.disconnect'}
2026-06-13 19:38:32,520 [TRACE] uvicorn.error: ::1:52476 - HTTP connection lost
2026-06-13 19:38:32,521 [TRACE] uvicorn.asgi: ::1:52476 - ASGI [13] Completed
2026-06-13 19:40:37,585 [TRACE] uvicorn.error: ::1:52494 - HTTP connection made
2026-06-13 19:40:37,586 [TRACE] uvicorn.asgi: ::1:52494 - ASGI [14] Started scope={'type': 'http', 'asgi': {'version': '3.0', 'spec_version': '2.3'}, 'http_version': '1.1', 'server': ('::1', 8003), 'client': ('::1', 52494), 'scheme': 'http', 'method': 'POST', 'root_path': '', 'path': '/mcp/', 'raw_path': b'/mcp/', 'query_string': b'', 'headers': '<...>', 'state': {}}
2026-06-13 19:40:37,587 [TRACE] uvicorn.asgi: ::1:52494 - ASGI [14] Receive {'type': 'http.request', 'body': '<62 bytes>', 'more_body': False}
2026-06-13 19:40:37,587 [TRACE] uvicorn.asgi: ::1:52494 - ASGI [14] Send {'type': 'http.response.start', 'status': 200, 'headers': '<...>'}
2026-06-13 19:40:37,588 [INFO] uvicorn.access: ::1:52494 - "POST /mcp/ HTTP/1.1" 200
2026-06-13 19:40:37,589 [INFO] mcp.server.lowlevel.server: Processing request of type ListResourcesRequest
2026-06-13 19:40:37,597 [TRACE] uvicorn.asgi: ::1:52494 - ASGI [14] Send {'type': 'http.response.body', 'body': '<211 bytes>', 'more_body': True}
2026-06-13 19:40:37,597 [TRACE] uvicorn.asgi: ::1:52494 - ASGI [14] Send {'type': 'http.response.body', 'body': '<0 bytes>', 'more_body': False}
2026-06-13 19:40:37,598 [TRACE] uvicorn.asgi: ::1:52494 - ASGI [14] Receive {'type': 'http.disconnect'}
2026-06-13 19:40:37,598 [TRACE] uvicorn.error: ::1:52494 - HTTP connection lost
2026-06-13 19:40:37,599 [TRACE] uvicorn.asgi: ::1:52494 - ASGI [14] Completed
2026-06-13 19:42:23,564 [TRACE] uvicorn.error: ::1:52758 - HTTP connection made
2026-06-13 19:42:23,565 [TRACE] uvicorn.asgi: ::1:52758 - ASGI [15] Started scope={'type': 'http', 'asgi': {'version': '3.0', 'spec_version': '2.3'}, 'http_version': '1.1', 'server': ('::1', 8003), 'client': ('::1', 52758), 'scheme': 'http', 'method': 'POST', 'root_path': '', 'path': '/mcp/', 'raw_path': b'/mcp/', 'query_string': b'', 'headers': '<...>', 'state': {}}
2026-06-13 19:42:23,566 [TRACE] uvicorn.asgi: ::1:52758 - ASGI [15] Receive {'type': 'http.request', 'body': '<88 bytes>', 'more_body': False}
2026-06-13 19:42:23,566 [TRACE] uvicorn.asgi: ::1:52758 - ASGI [15] Send {'type': 'http.response.start', 'status': 200, 'headers': '<...>'}
2026-06-13 19:42:23,567 [INFO] uvicorn.access: ::1:52758 - "POST /mcp/ HTTP/1.1" 200
2026-06-13 19:42:23,568 [INFO] mcp.server.lowlevel.server: Processing request of type GetPromptRequest
2026-06-13 19:42:23,574 [TRACE] uvicorn.asgi: ::1:52758 - ASGI [15] Send {'type': 'http.response.body', 'body': '<120 bytes>', 'more_body': True}
2026-06-13 19:42:23,575 [TRACE] uvicorn.asgi: ::1:52758 - ASGI [15] Send {'type': 'http.response.body', 'body': '<0 bytes>', 'more_body': False}
2026-06-13 19:42:23,575 [TRACE] uvicorn.asgi: ::1:52758 - ASGI [15] Receive {'type': 'http.disconnect'}
2026-06-13 19:42:23,576 [TRACE] uvicorn.error: ::1:52758 - HTTP connection lost
2026-06-13 19:42:23,576 [TRACE] uvicorn.asgi: ::1:52758 - ASGI [15] Completed
2026-06-13 19:46:10,672 [TRACE] uvicorn.error: ::1:63356 - HTTP connection made
2026-06-13 19:46:10,673 [TRACE] uvicorn.asgi: ::1:63356 - ASGI [16] Started scope={'type': 'http', 'asgi': {'version': '3.0', 'spec_version': '2.3'}, 'http_version': '1.1', 'server': ('::1', 8003), 'client': ('::1', 63356), 'scheme': 'http', 'method': 'POST', 'root_path': '', 'path': '/mcp/', 'raw_path': b'/mcp/', 'query_string': b'', 'headers': '<...>', 'state': {}}
2026-06-13 19:46:10,674 [TRACE] uvicorn.asgi: ::1:63356 - ASGI [16] Receive {'type': 'http.request', 'body': '<88 bytes>', 'more_body': False}
2026-06-13 19:46:10,675 [TRACE] uvicorn.asgi: ::1:63356 - ASGI [16] Send {'type': 'http.response.start', 'status': <HTTPStatus.BAD_REQUEST: 400>, 'headers': '<...>'}
2026-06-13 19:46:10,675 [INFO] uvicorn.access: ::1:63356 - "POST /mcp/ HTTP/1.1" 400
2026-06-13 19:46:10,676 [TRACE] uvicorn.asgi: ::1:63356 - ASGI [16] Send {'type': 'http.response.body', 'body': '<138 bytes>'}
2026-06-13 19:46:10,676 [TRACE] uvicorn.asgi: ::1:63356 - ASGI [16] Completed
2026-06-13 19:46:10,676 [TRACE] uvicorn.error: ::1:63356 - HTTP connection lost
2026-06-13 19:48:12,450 [TRACE] uvicorn.error: ::1:63526 - HTTP connection made
2026-06-13 19:48:12,451 [TRACE] uvicorn.asgi: ::1:63526 - ASGI [17] Started scope={'type': 'http', 'asgi': {'version': '3.0', 'spec_version': '2.3'}, 'http_version': '1.1', 'server': ('::1', 8003), 'client': ('::1', 63526), 'scheme': 'http', 'method': 'POST', 'root_path': '', 'path': '/mcp/', 'raw_path': b'/mcp/', 'query_string': b'', 'headers': '<...>', 'state': {}}
2026-06-13 19:48:12,451 [TRACE] uvicorn.asgi: ::1:63526 - ASGI [17] Receive {'type': 'http.request', 'body': '<88 bytes>', 'more_body': False}
2026-06-13 19:48:12,452 [TRACE] uvicorn.asgi: ::1:63526 - ASGI [17] Send {'type': 'http.response.start', 'status': <HTTPStatus.BAD_REQUEST: 400>, 'headers': '<...>'}
2026-06-13 19:48:12,452 [INFO] uvicorn.access: ::1:63526 - "POST /mcp/ HTTP/1.1" 400
2026-06-13 19:48:12,452 [TRACE] uvicorn.asgi: ::1:63526 - ASGI [17] Send {'type': 'http.response.body', 'body': '<138 bytes>'}
2026-06-13 19:48:12,452 [TRACE] uvicorn.asgi: ::1:63526 - ASGI [17] Completed
2026-06-13 19:48:12,453 [TRACE] uvicorn.error: ::1:63526 - HTTP connection lost
2026-06-13 19:49:57,432 [TRACE] uvicorn.error: ::1:52393 - HTTP connection made
2026-06-13 19:49:57,432 [TRACE] uvicorn.asgi: ::1:52393 - ASGI [18] Started scope={'type': 'http', 'asgi': {'version': '3.0', 'spec_version': '2.3'}, 'http_version': '1.1', 'server': ('::1', 8003), 'client': ('::1', 52393), 'scheme': 'http', 'method': 'POST', 'root_path': '', 'path': '/mcp/', 'raw_path': b'/mcp/', 'query_string': b'', 'headers': '<...>', 'state': {}}
2026-06-13 19:49:57,433 [TRACE] uvicorn.asgi: ::1:52393 - ASGI [18] Receive {'type': 'http.request', 'body': '<87 bytes>', 'more_body': False}
2026-06-13 19:49:57,434 [TRACE] uvicorn.asgi: ::1:52393 - ASGI [18] Send {'type': 'http.response.start', 'status': 200, 'headers': '<...>'}
2026-06-13 19:49:57,434 [INFO] uvicorn.access: ::1:52393 - "POST /mcp/ HTTP/1.1" 200
2026-06-13 19:49:57,435 [INFO] mcp.server.lowlevel.server: Processing request of type GetPromptRequest
2026-06-13 19:49:57,483 [TRACE] uvicorn.asgi: ::1:52393 - ASGI [18] Send {'type': 'http.response.body', 'body': '<490 bytes>', 'more_body': True}
2026-06-13 19:49:57,484 [TRACE] uvicorn.asgi: ::1:52393 - ASGI [18] Send {'type': 'http.response.body', 'body': '<0 bytes>', 'more_body': False}
2026-06-13 19:49:57,484 [TRACE] uvicorn.asgi: ::1:52393 - ASGI [18] Receive {'type': 'http.disconnect'}
2026-06-13 19:49:57,485 [TRACE] uvicorn.error: ::1:52393 - HTTP connection lost
2026-06-13 19:49:57,485 [TRACE] uvicorn.asgi: ::1:52393 - ASGI [18] Completed
2026-06-13 19:50:33,404 [TRACE] uvicorn.error: ::1:52397 - HTTP connection made
2026-06-13 19:50:33,405 [TRACE] uvicorn.asgi: ::1:52397 - ASGI [19] Started scope={'type': 'http', 'asgi': {'version': '3.0', 'spec_version': '2.3'}, 'http_version': '1.1', 'server': ('::1', 8003), 'client': ('::1', 52397), 'scheme': 'http', 'method': 'POST', 'root_path': '', 'path': '/mcp/', 'raw_path': b'/mcp/', 'query_string': b'', 'headers': '<...>', 'state': {}}
2026-06-13 19:50:33,405 [TRACE] uvicorn.asgi: ::1:52397 - ASGI [19] Receive {'type': 'http.request', 'body': '<87 bytes>', 'more_body': False}
2026-06-13 19:50:33,406 [TRACE] uvicorn.asgi: ::1:52397 - ASGI [19] Send {'type': 'http.response.start', 'status': 200, 'headers': '<...>'}
2026-06-13 19:50:33,406 [INFO] uvicorn.access: ::1:52397 - "POST /mcp/ HTTP/1.1" 200
2026-06-13 19:50:33,407 [INFO] mcp.server.lowlevel.server: Processing request of type GetPromptRequest
2026-06-13 19:50:33,409 [TRACE] uvicorn.asgi: ::1:52397 - ASGI [19] Send {'type': 'http.response.body', 'body': '<490 bytes>', 'more_body': True}
2026-06-13 19:50:33,409 [TRACE] uvicorn.asgi: ::1:52397 - ASGI [19] Send {'type': 'http.response.body', 'body': '<0 bytes>', 'more_body': False}
2026-06-13 19:50:33,410 [TRACE] uvicorn.asgi: ::1:52397 - ASGI [19] Receive {'type': 'http.disconnect'}
2026-06-13 19:50:33,410 [TRACE] uvicorn.error: ::1:52397 - HTTP connection lost
2026-06-13 19:50:33,410 [TRACE] uvicorn.asgi: ::1:52397 - ASGI [19] Completed
2026-06-13 19:52:19,937 [TRACE] uvicorn.error: ::1:52414 - HTTP connection made
2026-06-13 19:52:19,938 [TRACE] uvicorn.asgi: ::1:52414 - ASGI [20] Started scope={'type': 'http', 'asgi': {'version': '3.0', 'spec_version': '2.3'}, 'http_version': '1.1', 'server': ('::1', 8003), 'client': ('::1', 52414), 'scheme': 'http', 'method': 'POST', 'root_path': '', 'path': '/mcp/', 'raw_path': b'/mcp/', 'query_string': b'', 'headers': '<...>', 'state': {}}
2026-06-13 19:52:19,939 [TRACE] uvicorn.asgi: ::1:52414 - ASGI [20] Receive {'type': 'http.request', 'body': '<102 bytes>', 'more_body': False}
2026-06-13 19:52:19,939 [TRACE] uvicorn.asgi: ::1:52414 - ASGI [20] Send {'type': 'http.response.start', 'status': 200, 'headers': '<...>'}
2026-06-13 19:52:19,940 [INFO] uvicorn.access: ::1:52414 - "POST /mcp/ HTTP/1.1" 200
2026-06-13 19:52:19,941 [INFO] mcp.server.lowlevel.server: Processing request of type ReadResourceRequest
2026-06-13 19:52:20,029 [TRACE] uvicorn.asgi: ::1:52414 - ASGI [20] Send {'type': 'http.response.body', 'body': '<204 bytes>', 'more_body': True}
2026-06-13 19:52:20,029 [TRACE] uvicorn.asgi: ::1:52414 - ASGI [20] Send {'type': 'http.response.body', 'body': '<0 bytes>', 'more_body': False}
2026-06-13 19:52:20,030 [TRACE] uvicorn.asgi: ::1:52414 - ASGI [20] Receive {'type': 'http.disconnect'}
2026-06-13 19:52:20,030 [TRACE] uvicorn.error: ::1:52414 - HTTP connection lost
2026-06-13 19:52:20,031 [TRACE] uvicorn.asgi: ::1:52414 - ASGI [20] Completed
2026-06-13 20:26:24,635 [INFO] uvicorn.error: Shutting down
2026-06-13 20:26:24,751 [INFO] uvicorn.error: Waiting for application shutdown.
2026-06-13 20:26:24,752 [TRACE] uvicorn.asgi: ASGI [1] Receive {'type': 'lifespan.shutdown'}
2026-06-13 20:26:24,754 [INFO] mcp.server.streamable_http_manager: StreamableHTTP session manager shutting down
2026-06-13 20:26:24,761 [TRACE] uvicorn.asgi: ASGI [1] Send {'type': 'lifespan.shutdown.complete'}
2026-06-13 20:26:24,761 [TRACE] uvicorn.asgi: ASGI [1] Completed
2026-06-13 20:26:24,761 [INFO] uvicorn.error: Application shutdown complete.
2026-06-13 20:26:24,764 [INFO] uvicorn.error: Finished server process [36224]
2026-06-13 20:30:06,239 [INFO] uvicorn.error: Started server process [40080]
2026-06-13 20:30:06,241 [INFO] uvicorn.error: Waiting for application startup.
2026-06-13 20:30:06,241 [TRACE] uvicorn.asgi: ASGI [1] Started scope={'type': 'lifespan', 'asgi': {'version': '3.0', 'spec_version': '2.0'}, 'state': {}}
2026-06-13 20:30:06,242 [TRACE] uvicorn.asgi: ASGI [1] Receive {'type': 'lifespan.startup'}
2026-06-13 20:30:06,248 [INFO] mcp.server.streamable_http_manager: StreamableHTTP session manager started
2026-06-13 20:30:06,248 [TRACE] uvicorn.asgi: ASGI [1] Send {'type': 'lifespan.startup.complete'}
2026-06-13 20:30:06,248 [INFO] uvicorn.error: Application startup complete.
2026-06-13 20:30:06,285 [INFO] uvicorn.error: Uvicorn running on http://localhost:8003 (Press CTRL+C to quit)
2026-06-13 20:30:56,248 [TRACE] uvicorn.error: ::1:53673 - HTTP connection made
2026-06-13 20:30:56,249 [TRACE] uvicorn.asgi: ::1:53673 - ASGI [2] Started scope={'type': 'http', 'asgi': {'version': '3.0', 'spec_version': '2.3'}, 'http_version': '1.1', 'server': ('::1', 8003), 'client': ('::1', 53673), 'scheme': 'http', 'method': 'POST', 'root_path': '', 'path': '/mcp/', 'raw_path': b'/mcp/', 'query_string': b'', 'headers': '<...>', 'state': {}}
2026-06-13 20:30:56,251 [TRACE] uvicorn.asgi: ::1:53673 - ASGI [2] Send {'type': 'http.response.start', 'status': <HTTPStatus.NOT_FOUND: 404>, 'headers': '<...>'}
2026-06-13 20:30:56,251 [INFO] uvicorn.access: ::1:53673 - "POST /mcp/ HTTP/1.1" 404
2026-06-13 20:30:56,252 [TRACE] uvicorn.asgi: ::1:53673 - ASGI [2] Send {'type': 'http.response.body', 'body': '<91 bytes>'}
2026-06-13 20:30:56,252 [TRACE] uvicorn.asgi: ::1:53673 - ASGI [2] Completed
2026-06-13 20:30:56,253 [TRACE] uvicorn.error: ::1:53673 - HTTP connection lost
2026-06-13 20:38:29,834 [TRACE] uvicorn.error: ::1:60782 - HTTP connection made
2026-06-13 20:38:29,834 [TRACE] uvicorn.asgi: ::1:60782 - ASGI [3] Started scope={'type': 'http', 'asgi': {'version': '3.0', 'spec_version': '2.3'}, 'http_version': '1.1', 'server': ('::1', 8003), 'client': ('::1', 60782), 'scheme': 'http', 'method': 'GET', 'root_path': '', 'path': '/mcp', 'raw_path': b'/mcp', 'query_string': b'', 'headers': '<...>', 'state': {}}
2026-06-13 20:38:29,834 [TRACE] uvicorn.asgi: ::1:60782 - ASGI [3] Send {'type': 'http.response.start', 'status': 307, 'headers': '<...>'}
2026-06-13 20:38:29,835 [INFO] uvicorn.access: ::1:60782 - "GET /mcp HTTP/1.1" 307
2026-06-13 20:38:29,835 [TRACE] uvicorn.asgi: ::1:60782 - ASGI [3] Send {'type': 'http.response.body', 'body': '<0 bytes>'}
2026-06-13 20:38:29,835 [TRACE] uvicorn.asgi: ::1:60782 - ASGI [3] Completed
2026-06-13 20:38:29,838 [TRACE] uvicorn.error: ::1:60782 - HTTP connection lost
2026-06-13 20:39:01,112 [TRACE] uvicorn.error: ::1:64997 - HTTP connection made
2026-06-13 20:39:01,113 [TRACE] uvicorn.asgi: ::1:64997 - ASGI [4] Started scope={'type': 'http', 'asgi': {'version': '3.0', 'spec_version': '2.3'}, 'http_version': '1.1', 'server': ('::1', 8003), 'client': ('::1', 64997), 'scheme': 'http', 'method': 'POST', 'root_path': '', 'path': '/mcp', 'raw_path': b'/mcp', 'query_string': b'', 'headers': '<...>', 'state': {}}
2026-06-13 20:39:01,113 [TRACE] uvicorn.asgi: ::1:64997 - ASGI [4] Send {'type': 'http.response.start', 'status': 307, 'headers': '<...>'}
2026-06-13 20:39:01,114 [INFO] uvicorn.access: ::1:64997 - "POST /mcp HTTP/1.1" 307
2026-06-13 20:39:01,114 [TRACE] uvicorn.asgi: ::1:64997 - ASGI [4] Send {'type': 'http.response.body', 'body': '<0 bytes>'}
2026-06-13 20:39:01,114 [TRACE] uvicorn.asgi: ::1:64997 - ASGI [4] Completed
2026-06-13 20:39:01,115 [TRACE] uvicorn.error: ::1:64997 - HTTP connection lost
2026-06-13 20:40:31,760 [TRACE] uvicorn.error: ::1:59023 - HTTP connection made
2026-06-13 20:40:31,760 [TRACE] uvicorn.asgi: ::1:59023 - ASGI [5] Started scope={'type': 'http', 'asgi': {'version': '3.0', 'spec_version': '2.3'}, 'http_version': '1.1', 'server': ('::1', 8003), 'client': ('::1', 59023), 'scheme': 'http', 'method': 'POST', 'root_path': '', 'path': '/mcp/', 'raw_path': b'/mcp/', 'query_string': b'', 'headers': '<...>', 'state': {}}
2026-06-13 20:40:31,761 [INFO] mcp.server.streamable_http_manager: Created new transport with session ID: 786a9cdf610f4ede94c8e84c2b8865ab
2026-06-13 20:40:31,762 [TRACE] uvicorn.asgi: ::1:59023 - ASGI [5] Receive {'type': 'http.request', 'body': '<58 bytes>', 'more_body': False}
2026-06-13 20:40:31,763 [TRACE] uvicorn.asgi: ::1:59023 - ASGI [5] Send {'type': 'http.response.start', 'status': <HTTPStatus.BAD_REQUEST: 400>, 'headers': '<...>'}
2026-06-13 20:40:31,764 [INFO] uvicorn.access: ::1:59023 - "POST /mcp/ HTTP/1.1" 400
2026-06-13 20:40:31,764 [TRACE] uvicorn.asgi: ::1:59023 - ASGI [5] Send {'type': 'http.response.body', 'body': '<105 bytes>'}
2026-06-13 20:40:31,764 [TRACE] uvicorn.asgi: ::1:59023 - ASGI [5] Completed
2026-06-13 20:40:31,765 [TRACE] uvicorn.error: ::1:59023 - HTTP connection lost
2026-06-13 20:44:58,730 [TRACE] uvicorn.error: ::1:64799 - HTTP connection made
2026-06-13 20:44:58,731 [TRACE] uvicorn.asgi: ::1:64799 - ASGI [6] Started scope={'type': 'http', 'asgi': {'version': '3.0', 'spec_version': '2.3'}, 'http_version': '1.1', 'server': ('::1', 8003), 'client': ('::1', 64799), 'scheme': 'http', 'method': 'POST', 'root_path': '', 'path': '/mcp/', 'raw_path': b'/mcp/', 'query_string': b'', 'headers': '<...>', 'state': {}}
2026-06-13 20:44:58,731 [INFO] mcp.server.streamable_http_manager: Created new transport with session ID: 1bc62f5123c44c4e9fd241510c442174
2026-06-13 20:44:58,733 [TRACE] uvicorn.asgi: ::1:64799 - ASGI [6] Receive {'type': 'http.request', 'body': '<58 bytes>', 'more_body': False}
2026-06-13 20:44:58,733 [TRACE] uvicorn.asgi: ::1:64799 - ASGI [6] Send {'type': 'http.response.start', 'status': <HTTPStatus.BAD_REQUEST: 400>, 'headers': '<...>'}
2026-06-13 20:44:58,734 [INFO] uvicorn.access: ::1:64799 - "POST /mcp/ HTTP/1.1" 400
2026-06-13 20:44:58,734 [TRACE] uvicorn.asgi: ::1:64799 - ASGI [6] Send {'type': 'http.response.body', 'body': '<105 bytes>'}
2026-06-13 20:44:58,734 [TRACE] uvicorn.asgi: ::1:64799 - ASGI [6] Completed
2026-06-13 20:44:58,735 [TRACE] uvicorn.error: ::1:64799 - HTTP connection lost
2026-06-13 20:46:06,636 [TRACE] uvicorn.error: ::1:64805 - HTTP connection made
2026-06-13 20:46:06,637 [TRACE] uvicorn.asgi: ::1:64805 - ASGI [7] Started scope={'type': 'http', 'asgi': {'version': '3.0', 'spec_version': '2.3'}, 'http_version': '1.1', 'server': ('::1', 8003), 'client': ('::1', 64805), 'scheme': 'http', 'method': 'GET', 'root_path': '', 'path': '/mcp/', 'raw_path': b'/mcp/', 'query_string': b'', 'headers': '<...>', 'state': {}}
2026-06-13 20:46:06,637 [INFO] mcp.server.streamable_http_manager: Created new transport with session ID: 1772b4ac82714b2b90591a33c6cb80e5
2026-06-13 20:46:06,639 [TRACE] uvicorn.asgi: ::1:64805 - ASGI [7] Send {'type': 'http.response.start', 'status': <HTTPStatus.BAD_REQUEST: 400>, 'headers': '<...>'}
2026-06-13 20:46:06,639 [INFO] uvicorn.access: ::1:64805 - "GET /mcp/ HTTP/1.1" 400
2026-06-13 20:46:06,639 [TRACE] uvicorn.asgi: ::1:64805 - ASGI [7] Send {'type': 'http.response.body', 'body': '<105 bytes>'}
2026-06-13 20:46:06,640 [TRACE] uvicorn.asgi: ::1:64805 - ASGI [7] Completed
2026-06-13 20:46:06,642 [TRACE] uvicorn.error: ::1:64805 - HTTP connection lost
2026-06-13 20:46:37,390 [TRACE] uvicorn.error: ::1:64807 - HTTP connection made
2026-06-13 20:46:37,391 [TRACE] uvicorn.asgi: ::1:64807 - ASGI [8] Started scope={'type': 'http', 'asgi': {'version': '3.0', 'spec_version': '2.3'}, 'http_version': '1.1', 'server': ('::1', 8003), 'client': ('::1', 64807), 'scheme': 'http', 'method': 'GET', 'root_path': '', 'path': '/mcp/', 'raw_path': b'/mcp/', 'query_string': b'', 'headers': '<...>', 'state': {}}
2026-06-13 20:46:37,392 [INFO] mcp.server.streamable_http_manager: Created new transport with session ID: 02f69b804959441fa5ebad3152003f95
2026-06-13 20:46:37,393 [TRACE] uvicorn.asgi: ::1:64807 - ASGI [8] Send {'type': 'http.response.start', 'status': <HTTPStatus.BAD_REQUEST: 400>, 'headers': '<...>'}
2026-06-13 20:46:37,393 [INFO] uvicorn.access: ::1:64807 - "GET /mcp/ HTTP/1.1" 400
2026-06-13 20:46:37,394 [TRACE] uvicorn.asgi: ::1:64807 - ASGI [8] Send {'type': 'http.response.body', 'body': '<105 bytes>'}
2026-06-13 20:46:37,394 [TRACE] uvicorn.asgi: ::1:64807 - ASGI [8] Completed
2026-06-13 20:46:37,397 [TRACE] uvicorn.error: ::1:64807 - HTTP connection lost
2026-06-13 20:48:07,473 [TRACE] uvicorn.error: ::1:64814 - HTTP connection made
2026-06-13 20:48:07,474 [TRACE] uvicorn.asgi: ::1:64814 - ASGI [9] Started scope={'type': 'http', 'asgi': {'version': '3.0', 'spec_version': '2.3'}, 'http_version': '1.1', 'server': ('::1', 8003), 'client': ('::1', 64814), 'scheme': 'http', 'method': 'POST', 'root_path': '', 'path': '/mcp/', 'raw_path': b'/mcp/', 'query_string': b'', 'headers': '<...>', 'state': {}}
2026-06-13 20:48:07,493 [TRACE] uvicorn.asgi: ::1:64814 - ASGI [9] Receive {'type': 'http.request', 'body': '<0 bytes>', 'more_body': False}
2026-06-13 20:48:07,494 [TRACE] uvicorn.asgi: ::1:64814 - ASGI [9] Send {'type': 'http.response.start', 'status': <HTTPStatus.BAD_REQUEST: 400>, 'headers': '<...>'}
2026-06-13 20:48:07,494 [INFO] uvicorn.access: ::1:64814 - "POST /mcp/ HTTP/1.1" 400
2026-06-13 20:48:07,495 [TRACE] uvicorn.asgi: ::1:64814 - ASGI [9] Send {'type': 'http.response.body', 'body': '<128 bytes>'}
2026-06-13 20:48:07,495 [WARNING] uvicorn.error: Invalid HTTP request received.
2026-06-13 20:48:07,496 [TRACE] uvicorn.asgi: ::1:64814 - ASGI [9] Completed
2026-06-13 20:48:07,497 [TRACE] uvicorn.error: ::1:64814 - HTTP connection lost
2026-06-13 20:48:59,081 [TRACE] uvicorn.error: ::1:52118 - HTTP connection made
2026-06-13 20:48:59,083 [TRACE] uvicorn.asgi: ::1:52118 - ASGI [10] Started scope={'type': 'http', 'asgi': {'version': '3.0', 'spec_version': '2.3'}, 'http_version': '1.1', 'server': ('::1', 8003), 'client': ('::1', 52118), 'scheme': 'http', 'method': 'POST', 'root_path': '', 'path': '/mcp/', 'raw_path': b'/mcp/', 'query_string': b'', 'headers': '<...>', 'state': {}}
2026-06-13 20:48:59,083 [TRACE] uvicorn.asgi: ::1:52118 - ASGI [10] Receive {'type': 'http.request', 'body': '<58 bytes>', 'more_body': False}
2026-06-13 20:48:59,085 [TRACE] uvicorn.asgi: ::1:52118 - ASGI [10] Send {'type': 'http.response.start', 'status': 200, 'headers': '<...>'}
2026-06-13 20:48:59,085 [INFO] uvicorn.access: ::1:52118 - "POST /mcp/ HTTP/1.1" 200
2026-06-13 20:48:59,089 [WARNING] root: Failed to validate request: Received request before initialization was complete
2026-06-13 20:48:59,093 [TRACE] uvicorn.asgi: ::1:52118 - ASGI [10] Send {'type': 'http.response.body', 'body': '<123 bytes>', 'more_body': True}
2026-06-13 20:48:59,094 [TRACE] uvicorn.asgi: ::1:52118 - ASGI [10] Send {'type': 'http.response.body', 'body': '<0 bytes>', 'more_body': False}
2026-06-13 20:48:59,095 [TRACE] uvicorn.asgi: ::1:52118 - ASGI [10] Receive {'type': 'http.disconnect'}
2026-06-13 20:48:59,096 [TRACE] uvicorn.error: ::1:52118 - HTTP connection lost
2026-06-13 20:48:59,097 [TRACE] uvicorn.asgi: ::1:52118 - ASGI [10] Completed
2026-06-13 20:49:20,365 [TRACE] uvicorn.error: ::1:52120 - HTTP connection made
2026-06-13 20:49:20,366 [TRACE] uvicorn.asgi: ::1:52120 - ASGI [11] Started scope={'type': 'http', 'asgi': {'version': '3.0', 'spec_version': '2.3'}, 'http_version': '1.1', 'server': ('::1', 8003), 'client': ('::1', 52120), 'scheme': 'http', 'method': 'POST', 'root_path': '', 'path': '/mcp/', 'raw_path': b'/mcp/', 'query_string': b'', 'headers': '<...>', 'state': {}}
2026-06-13 20:49:20,366 [TRACE] uvicorn.asgi: ::1:52120 - ASGI [11] Receive {'type': 'http.request', 'body': '<58 bytes>', 'more_body': False}
2026-06-13 20:49:20,367 [TRACE] uvicorn.asgi: ::1:52120 - ASGI [11] Send {'type': 'http.response.start', 'status': 200, 'headers': '<...>'}
2026-06-13 20:49:20,367 [INFO] uvicorn.access: ::1:52120 - "POST /mcp/ HTTP/1.1" 200
2026-06-13 20:49:20,367 [WARNING] root: Failed to validate request: Received request before initialization was complete
2026-06-13 20:49:20,368 [TRACE] uvicorn.asgi: ::1:52120 - ASGI [11] Send {'type': 'http.response.body', 'body': '<123 bytes>', 'more_body': True}
2026-06-13 20:49:20,368 [TRACE] uvicorn.asgi: ::1:52120 - ASGI [11] Send {'type': 'http.response.body', 'body': '<0 bytes>', 'more_body': False}
2026-06-13 20:49:20,368 [TRACE] uvicorn.asgi: ::1:52120 - ASGI [11] Receive {'type': 'http.disconnect'}
2026-06-13 20:49:20,368 [TRACE] uvicorn.error: ::1:52120 - HTTP connection lost
2026-06-13 20:49:20,369 [TRACE] uvicorn.asgi: ::1:52120 - ASGI [11] Completed
2026-06-13 20:49:26,346 [TRACE] uvicorn.error: ::1:64485 - HTTP connection made
2026-06-13 20:49:26,346 [TRACE] uvicorn.asgi: ::1:64485 - ASGI [12] Started scope={'type': 'http', 'asgi': {'version': '3.0', 'spec_version': '2.3'}, 'http_version': '1.1', 'server': ('::1', 8003), 'client': ('::1', 64485), 'scheme': 'http', 'method': 'POST', 'root_path': '', 'path': '/mcp/', 'raw_path': b'/mcp/', 'query_string': b'', 'headers': '<...>', 'state': {}}
2026-06-13 20:49:26,347 [TRACE] uvicorn.asgi: ::1:64485 - ASGI [12] Receive {'type': 'http.request', 'body': '<58 bytes>', 'more_body': False}
2026-06-13 20:49:26,347 [TRACE] uvicorn.asgi: ::1:64485 - ASGI [12] Send {'type': 'http.response.start', 'status': 200, 'headers': '<...>'}
2026-06-13 20:49:26,347 [INFO] uvicorn.access: ::1:64485 - "POST /mcp/ HTTP/1.1" 200
2026-06-13 20:49:26,348 [WARNING] root: Failed to validate request: Received request before initialization was complete
2026-06-13 20:49:26,348 [TRACE] uvicorn.asgi: ::1:64485 - ASGI [12] Send {'type': 'http.response.body', 'body': '<123 bytes>', 'more_body': True}
2026-06-13 20:49:26,348 [TRACE] uvicorn.asgi: ::1:64485 - ASGI [12] Send {'type': 'http.response.body', 'body': '<0 bytes>', 'more_body': False}
2026-06-13 20:49:26,349 [TRACE] uvicorn.asgi: ::1:64485 - ASGI [12] Receive {'type': 'http.disconnect'}
2026-06-13 20:49:26,349 [TRACE] uvicorn.error: ::1:64485 - HTTP connection lost
2026-06-13 20:49:26,349 [TRACE] uvicorn.asgi: ::1:64485 - ASGI [12] Completed
2026-06-13 20:52:39,580 [TRACE] uvicorn.error: ::1:50669 - HTTP connection made
2026-06-13 20:52:39,581 [TRACE] uvicorn.asgi: ::1:50669 - ASGI [13] Started scope={'type': 'http', 'asgi': {'version': '3.0', 'spec_version': '2.3'}, 'http_version': '1.1', 'server': ('::1', 8003), 'client': ('::1', 50669), 'scheme': 'http', 'method': 'GET', 'root_path': '', 'path': '/mcp/', 'raw_path': b'/mcp/', 'query_string': b'', 'headers': '<...>', 'state': {}}
2026-06-13 20:52:39,582 [INFO] mcp.server.streamable_http_manager: Created new transport with session ID: 7fb9160581874b3caea2981a0ea1c0c6
2026-06-13 20:52:39,583 [TRACE] uvicorn.asgi: ::1:50669 - ASGI [13] Send {'type': 'http.response.start', 'status': <HTTPStatus.BAD_REQUEST: 400>, 'headers': '<...>'}
2026-06-13 20:52:39,583 [INFO] uvicorn.access: ::1:50669 - "GET /mcp/ HTTP/1.1" 400
2026-06-13 20:52:39,584 [TRACE] uvicorn.asgi: ::1:50669 - ASGI [13] Send {'type': 'http.response.body', 'body': '<105 bytes>'}
2026-06-13 20:52:39,584 [TRACE] uvicorn.asgi: ::1:50669 - ASGI [13] Completed
2026-06-13 20:52:39,587 [TRACE] uvicorn.error: ::1:50669 - HTTP connection lost
2026-06-13 20:53:38,093 [TRACE] uvicorn.error: ::1:64401 - HTTP connection made
2026-06-13 20:53:38,094 [TRACE] uvicorn.asgi: ::1:64401 - ASGI [14] Started scope={'type': 'http', 'asgi': {'version': '3.0', 'spec_version': '2.3'}, 'http_version': '1.1', 'server': ('::1', 8003), 'client': ('::1', 64401), 'scheme': 'http', 'method': 'POST', 'root_path': '', 'path': '/mcp/', 'raw_path': b'/mcp/', 'query_string': b'', 'headers': '<...>', 'state': {}}
2026-06-13 20:53:38,094 [TRACE] uvicorn.asgi: ::1:64401 - ASGI [14] Receive {'type': 'http.request', 'body': '<58 bytes>', 'more_body': False}
2026-06-13 20:53:38,095 [TRACE] uvicorn.asgi: ::1:64401 - ASGI [14] Send {'type': 'http.response.start', 'status': 200, 'headers': '<...>'}
2026-06-13 20:53:38,095 [INFO] uvicorn.access: ::1:64401 - "POST /mcp/ HTTP/1.1" 200
2026-06-13 20:53:38,098 [WARNING] root: Failed to validate request: 30 validation errors for ClientRequest
PingRequest.method
  Input should be 'ping' [type=literal_error, input_value='initialize', input_type=str]
    For further information visit https://errors.pydantic.dev/2.12/v/literal_error
InitializeRequest.params.protocolVersion
  Field required [type=missing, input_value={}, input_type=dict]
    For further information visit https://errors.pydantic.dev/2.12/v/missing
InitializeRequest.params.capabilities
  Field required [type=missing, input_value={}, input_type=dict]
    For further information visit https://errors.pydantic.dev/2.12/v/missing
InitializeRequest.params.clientInfo
  Field required [type=missing, input_value={}, input_type=dict]
    For further information visit https://errors.pydantic.dev/2.12/v/missing
CompleteRequest.method
  Input should be 'completion/complete' [type=literal_error, input_value='initialize', input_type=str]
    For further information visit https://errors.pydantic.dev/2.12/v/literal_error
CompleteRequest.params.ref
  Field required [type=missing, input_value={}, input_type=dict]
    For further information visit https://errors.pydantic.dev/2.12/v/missing
CompleteRequest.params.argument
  Field required [type=missing, input_value={}, input_type=dict]
    For further information visit https://errors.pydantic.dev/2.12/v/missing
SetLevelRequest.method
  Input should be 'logging/setLevel' [type=literal_error, input_value='initialize', input_type=str]
    For further information visit https://errors.pydantic.dev/2.12/v/literal_error
SetLevelRequest.params.level
  Field required [type=missing, input_value={}, input_type=dict]
    For further information visit https://errors.pydantic.dev/2.12/v/missing
GetPromptRequest.method
  Input should be 'prompts/get' [type=literal_error, input_value='initialize', input_type=str]
    For further information visit https://errors.pydantic.dev/2.12/v/literal_error
GetPromptRequest.params.name
  Field required [type=missing, input_value={}, input_type=dict]
    For further information visit https://errors.pydantic.dev/2.12/v/missing
ListPromptsRequest.method
  Input should be 'prompts/list' [type=literal_error, input_value='initialize', input_type=str]
    For further information visit https://errors.pydantic.dev/2.12/v/literal_error
ListResourcesRequest.method
  Input should be 'resources/list' [type=literal_error, input_value='initialize', input_type=str]
    For further information visit https://errors.pydantic.dev/2.12/v/literal_error
ListResourceTemplatesRequest.method
  Input should be 'resources/templates/list' [type=literal_error, input_value='initialize', input_type=str]
    For further information visit https://errors.pydantic.dev/2.12/v/literal_error
ReadResourceRequest.method
  Input should be 'resources/read' [type=literal_error, input_value='initialize', input_type=str]
    For further information visit https://errors.pydantic.dev/2.12/v/literal_error
ReadResourceRequest.params.uri
  Field required [type=missing, input_value={}, input_type=dict]
    For further information visit https://errors.pydantic.dev/2.12/v/missing
SubscribeRequest.method
  Input should be 'resources/subscribe' [type=literal_error, input_value='initialize', input_type=str]
    For further information visit https://errors.pydantic.dev/2.12/v/literal_error
SubscribeRequest.params.uri
  Field required [type=missing, input_value={}, input_type=dict]
    For further information visit https://errors.pydantic.dev/2.12/v/missing
UnsubscribeRequest.method
  Input should be 'resources/unsubscribe' [type=literal_error, input_value='initialize', input_type=str]
    For further information visit https://errors.pydantic.dev/2.12/v/literal_error
UnsubscribeRequest.params.uri
  Field required [type=missing, input_value={}, input_type=dict]
    For further information visit https://errors.pydantic.dev/2.12/v/missing
CallToolRequest.method
  Input should be 'tools/call' [type=literal_error, input_value='initialize', input_type=str]
    For further information visit https://errors.pydantic.dev/2.12/v/literal_error
CallToolRequest.params.name
  Field required [type=missing, input_value={}, input_type=dict]
    For further information visit https://errors.pydantic.dev/2.12/v/missing
ListToolsRequest.method
  Input should be 'tools/list' [type=literal_error, input_value='initialize', input_type=str]
    For further information visit https://errors.pydantic.dev/2.12/v/literal_error
GetTaskRequest.method
  Input should be 'tasks/get' [type=literal_error, input_value='initialize', input_type=str]
    For further information visit https://errors.pydantic.dev/2.12/v/literal_error
GetTaskRequest.params.taskId
  Field required [type=missing, input_value={}, input_type=dict]
    For further information visit https://errors.pydantic.dev/2.12/v/missing
GetTaskPayloadRequest.method
  Input should be 'tasks/result' [type=literal_error, input_value='initialize', input_type=str]
    For further information visit https://errors.pydantic.dev/2.12/v/literal_error
GetTaskPayloadRequest.params.taskId
  Field required [type=missing, input_value={}, input_type=dict]
    For further information visit https://errors.pydantic.dev/2.12/v/missing
ListTasksRequest.method
  Input should be 'tasks/list' [type=literal_error, input_value='initialize', input_type=str]
    For further information visit https://errors.pydantic.dev/2.12/v/literal_error
CancelTaskRequest.method
  Input should be 'tasks/cancel' [type=literal_error, input_value='initialize', input_type=str]
    For further information visit https://errors.pydantic.dev/2.12/v/literal_error
CancelTaskRequest.params.taskId
  Field required [type=missing, input_value={}, input_type=dict]
    For further information visit https://errors.pydantic.dev/2.12/v/missing
2026-06-13 20:53:38,100 [TRACE] uvicorn.asgi: ::1:64401 - ASGI [14] Send {'type': 'http.response.body', 'body': '<123 bytes>', 'more_body': True}
2026-06-13 20:53:38,100 [TRACE] uvicorn.asgi: ::1:64401 - ASGI [14] Send {'type': 'http.response.body', 'body': '<0 bytes>', 'more_body': False}
2026-06-13 20:53:38,101 [TRACE] uvicorn.asgi: ::1:64401 - ASGI [14] Receive {'type': 'http.disconnect'}
2026-06-13 20:53:38,101 [TRACE] uvicorn.error: ::1:64401 - HTTP connection lost
2026-06-13 20:53:38,101 [TRACE] uvicorn.asgi: ::1:64401 - ASGI [14] Completed
2026-06-13 21:07:20,072 [INFO] uvicorn.error: Started server process [40864]
2026-06-13 21:07:20,072 [INFO] uvicorn.error: Waiting for application startup.
2026-06-13 21:07:20,073 [TRACE] uvicorn.asgi: ASGI [1] Started scope={'type': 'lifespan', 'asgi': {'version': '3.0', 'spec_version': '2.0'}, 'state': {}}
2026-06-13 21:07:20,073 [TRACE] uvicorn.asgi: ASGI [1] Receive {'type': 'lifespan.startup'}
2026-06-13 21:07:20,078 [INFO] mcp.server.streamable_http_manager: StreamableHTTP session manager started
2026-06-13 21:07:20,078 [TRACE] uvicorn.asgi: ASGI [1] Send {'type': 'lifespan.startup.complete'}
2026-06-13 21:07:20,079 [INFO] uvicorn.error: Application startup complete.
2026-06-13 21:07:20,088 [ERROR] uvicorn.error: [Errno 10048] error while attempting to bind on address ('::1', 8003, 0, 0): [winerror 10048] only one usage of each socket address (protocol/network address/port) is normally permitted
2026-06-13 21:07:20,088 [INFO] uvicorn.error: Waiting for application shutdown.
2026-06-13 21:07:20,088 [TRACE] uvicorn.asgi: ASGI [1] Receive {'type': 'lifespan.shutdown'}
2026-06-13 21:07:20,088 [INFO] mcp.server.streamable_http_manager: StreamableHTTP session manager shutting down
2026-06-13 21:07:20,088 [TRACE] uvicorn.asgi: ASGI [1] Send {'type': 'lifespan.shutdown.complete'}
2026-06-13 21:07:20,089 [TRACE] uvicorn.asgi: ASGI [1] Completed
2026-06-13 21:07:20,089 [INFO] uvicorn.error: Application shutdown complete.
2026-06-13 21:14:53,148 [INFO] uvicorn.error: Started server process [47796]
2026-06-13 21:14:53,148 [INFO] uvicorn.error: Waiting for application startup.
2026-06-13 21:14:53,149 [TRACE] uvicorn.asgi: ASGI [1] Started scope={'type': 'lifespan', 'asgi': {'version': '3.0', 'spec_version': '2.0'}, 'state': {}}
2026-06-13 21:14:53,149 [TRACE] uvicorn.asgi: ASGI [1] Receive {'type': 'lifespan.startup'}
2026-06-13 21:14:53,152 [INFO] mcp.server.streamable_http_manager: StreamableHTTP session manager started
2026-06-13 21:14:53,152 [TRACE] uvicorn.asgi: ASGI [1] Send {'type': 'lifespan.startup.complete'}
2026-06-13 21:14:53,153 [INFO] uvicorn.error: Application startup complete.
2026-06-13 21:14:53,158 [ERROR] uvicorn.error: [Errno 10048] error while attempting to bind on address ('::1', 8003, 0, 0): [winerror 10048] only one usage of each socket address (protocol/network address/port) is normally permitted
2026-06-13 21:14:53,158 [INFO] uvicorn.error: Waiting for application shutdown.
2026-06-13 21:14:53,158 [TRACE] uvicorn.asgi: ASGI [1] Receive {'type': 'lifespan.shutdown'}
2026-06-13 21:14:53,158 [INFO] mcp.server.streamable_http_manager: StreamableHTTP session manager shutting down
2026-06-13 21:14:53,158 [TRACE] uvicorn.asgi: ASGI [1] Send {'type': 'lifespan.shutdown.complete'}
2026-06-13 21:14:53,159 [TRACE] uvicorn.asgi: ASGI [1] Completed
2026-06-13 21:14:53,159 [INFO] uvicorn.error: Application shutdown complete.
2026-06-13 21:21:04,601 [INFO] uvicorn.error: Started server process [14504]
2026-06-13 21:21:04,602 [INFO] uvicorn.error: Waiting for application startup.
2026-06-13 21:21:04,602 [TRACE] uvicorn.asgi: ASGI [1] Started scope={'type': 'lifespan', 'asgi': {'version': '3.0', 'spec_version': '2.0'}, 'state': {}}
2026-06-13 21:21:04,602 [TRACE] uvicorn.asgi: ASGI [1] Receive {'type': 'lifespan.startup'}
2026-06-13 21:21:04,606 [INFO] mcp.server.streamable_http_manager: StreamableHTTP session manager started
2026-06-13 21:21:04,607 [TRACE] uvicorn.asgi: ASGI [1] Send {'type': 'lifespan.startup.complete'}
2026-06-13 21:21:04,607 [INFO] uvicorn.error: Application startup complete.
2026-06-13 21:21:04,612 [INFO] uvicorn.error: Uvicorn running on http://localhost:8003 (Press CTRL+C to quit)
2026-06-13 21:22:21,463 [TRACE] uvicorn.error: ::1:50340 - HTTP connection made
2026-06-13 21:22:21,487 [TRACE] uvicorn.asgi: ::1:50340 - ASGI [2] Started scope={'type': 'http', 'asgi': {'version': '3.0', 'spec_version': '2.3'}, 'http_version': '1.1', 'server': ('::1', 8003), 'client': ('::1', 50340), 'scheme': 'http', 'method': 'GET', 'root_path': '', 'path': '/docs', 'raw_path': b'/docs', 'query_string': b'', 'headers': '<...>', 'state': {}}
2026-06-13 21:22:21,489 [TRACE] uvicorn.asgi: ::1:50340 - ASGI [2] Send {'type': 'http.response.start', 'status': 200, 'headers': '<...>'}
2026-06-13 21:22:21,490 [INFO] uvicorn.access: ::1:50340 - "GET /docs HTTP/1.1" 200
2026-06-13 21:22:21,490 [TRACE] uvicorn.asgi: ::1:50340 - ASGI [2] Send {'type': 'http.response.body', 'body': '<1024 bytes>'}
2026-06-13 21:22:21,491 [TRACE] uvicorn.asgi: ::1:50340 - ASGI [2] Completed
2026-06-13 21:22:21,508 [TRACE] uvicorn.error: ::1:60346 - HTTP connection made
2026-06-13 21:22:21,748 [TRACE] uvicorn.asgi: ::1:50340 - ASGI [3] Started scope={'type': 'http', 'asgi': {'version': '3.0', 'spec_version': '2.3'}, 'http_version': '1.1', 'server': ('::1', 8003), 'client': ('::1', 50340), 'scheme': 'http', 'method': 'GET', 'root_path': '', 'path': '/openapi.json', 'raw_path': b'/openapi.json', 'query_string': b'', 'headers': '<...>', 'state': {}}
2026-06-13 21:22:21,749 [TRACE] uvicorn.asgi: ::1:50340 - ASGI [3] Send {'type': 'http.response.start', 'status': 200, 'headers': '<...>'}
2026-06-13 21:22:21,750 [INFO] uvicorn.access: ::1:50340 - "GET /openapi.json HTTP/1.1" 200
2026-06-13 21:22:21,750 [TRACE] uvicorn.asgi: ::1:50340 - ASGI [3] Send {'type': 'http.response.body', 'body': '<1528 bytes>'}
2026-06-13 21:22:21,751 [TRACE] uvicorn.asgi: ::1:50340 - ASGI [3] Completed
2026-06-13 21:22:26,758 [TRACE] uvicorn.error: ::1:50340 - HTTP connection lost
2026-06-13 21:22:57,362 [TRACE] uvicorn.error: ::1:55140 - HTTP connection made
2026-06-13 21:22:57,363 [TRACE] uvicorn.asgi: ::1:55140 - ASGI [4] Started scope={'type': 'http', 'asgi': {'version': '3.0', 'spec_version': '2.3'}, 'http_version': '1.1', 'server': ('::1', 8003), 'client': ('::1', 55140), 'scheme': 'http', 'method': 'POST', 'root_path': '', 'path': '/monitor-shipment', 'raw_path': b'/monitor-shipment', 'query_string': b'', 'headers': '<...>', 'state': {}}
2026-06-13 21:22:57,381 [TRACE] uvicorn.asgi: ::1:55140 - ASGI [4] Receive {'type': 'http.request', 'body': '<24 bytes>', 'more_body': False}
2026-06-13 21:22:57,385 [TRACE] uvicorn.asgi: ::1:55140 - ASGI [4] Send {'type': 'http.response.start', 'status': 200, 'headers': '<...>'}
2026-06-13 21:22:57,386 [INFO] uvicorn.access: ::1:55140 - "POST /monitor-shipment HTTP/1.1" 200
2026-06-13 21:22:57,386 [TRACE] uvicorn.asgi: ::1:55140 - ASGI [4] Send {'type': 'http.response.body', 'body': '<279 bytes>'}
2026-06-13 21:22:57,386 [TRACE] uvicorn.asgi: ::1:55140 - ASGI [4] Completed
2026-06-13 21:22:57,387 [TRACE] uvicorn.error: ::1:55140 - HTTP connection lost
2026-06-13 21:24:22,671 [TRACE] uvicorn.error: ::1:60346 - HTTP connection lost
2026-06-13 21:26:42,350 [TRACE] uvicorn.error: ::1:50215 - HTTP connection made
2026-06-13 21:26:42,351 [TRACE] uvicorn.asgi: ::1:50215 - ASGI [5] Started scope={'type': 'http', 'asgi': {'version': '3.0', 'spec_version': '2.3'}, 'http_version': '1.1', 'server': ('::1', 8003), 'client': ('::1', 50215), 'scheme': 'http', 'method': 'POST', 'root_path': '', 'path': '/monitor-shipment', 'raw_path': b'/monitor-shipment', 'query_string': b'', 'headers': '<...>', 'state': {}}
2026-06-13 21:26:42,352 [TRACE] uvicorn.asgi: ::1:50215 - ASGI [5] Receive {'type': 'http.request', 'body': '<24 bytes>', 'more_body': False}
2026-06-13 21:26:42,353 [TRACE] uvicorn.asgi: ::1:50215 - ASGI [5] Send {'type': 'http.response.start', 'status': 200, 'headers': '<...>'}
2026-06-13 21:26:42,353 [INFO] uvicorn.access: ::1:50215 - "POST /monitor-shipment HTTP/1.1" 200
2026-06-13 21:26:42,354 [TRACE] uvicorn.asgi: ::1:50215 - ASGI [5] Send {'type': 'http.response.body', 'body': '<279 bytes>'}
2026-06-13 21:26:42,354 [TRACE] uvicorn.asgi: ::1:50215 - ASGI [5] Completed
2026-06-13 21:26:42,354 [TRACE] uvicorn.error: ::1:50215 - HTTP connection lost
2026-06-13 21:29:20,116 [TRACE] uvicorn.error: ::1:53276 - HTTP connection made
2026-06-13 21:29:20,117 [TRACE] uvicorn.asgi: ::1:53276 - ASGI [6] Started scope={'type': 'http', 'asgi': {'version': '3.0', 'spec_version': '2.3'}, 'http_version': '1.1', 'server': ('::1', 8003), 'client': ('::1', 53276), 'scheme': 'http', 'method': 'GET', 'root_path': '', 'path': '/mcp/', 'raw_path': b'/mcp/', 'query_string': b'', 'headers': '<...>', 'state': {}}
2026-06-13 21:29:20,117 [INFO] mcp.server.streamable_http_manager: Created new transport with session ID: 4952b604701346f1897028ad51aebc2a
2026-06-13 21:29:20,121 [TRACE] uvicorn.asgi: ::1:53276 - ASGI [6] Send {'type': 'http.response.start', 'status': <HTTPStatus.BAD_REQUEST: 400>, 'headers': '<...>'}
2026-06-13 21:29:20,121 [INFO] uvicorn.access: ::1:53276 - "GET /mcp/ HTTP/1.1" 400
2026-06-13 21:29:20,122 [TRACE] uvicorn.asgi: ::1:53276 - ASGI [6] Send {'type': 'http.response.body', 'body': '<105 bytes>'}
2026-06-13 21:29:20,122 [TRACE] uvicorn.asgi: ::1:53276 - ASGI [6] Completed
2026-06-13 21:29:20,125 [TRACE] uvicorn.error: ::1:53276 - HTTP connection lost
2026-06-13 21:31:19,626 [TRACE] uvicorn.error: ::1:58425 - HTTP connection made
2026-06-13 21:31:19,627 [TRACE] uvicorn.asgi: ::1:58425 - ASGI [7] Started scope={'type': 'http', 'asgi': {'version': '3.0', 'spec_version': '2.3'}, 'http_version': '1.1', 'server': ('::1', 8003), 'client': ('::1', 58425), 'scheme': 'http', 'method': 'POST', 'root_path': '', 'path': '/mcp/', 'raw_path': b'/mcp/', 'query_string': b'', 'headers': '<...>', 'state': {}}
2026-06-13 21:31:19,627 [TRACE] uvicorn.asgi: ::1:58425 - ASGI [7] Receive {'type': 'http.request', 'body': '<151 bytes>', 'more_body': False}
2026-06-13 21:31:19,628 [TRACE] uvicorn.asgi: ::1:58425 - ASGI [7] Send {'type': 'http.response.start', 'status': 200, 'headers': '<...>'}
2026-06-13 21:31:19,628 [INFO] uvicorn.access: ::1:58425 - "POST /mcp/ HTTP/1.1" 200
2026-06-13 21:31:19,631 [TRACE] uvicorn.asgi: ::1:58425 - ASGI [7] Send {'type': 'http.response.body', 'body': '<444 bytes>', 'more_body': True}
2026-06-13 21:31:19,632 [TRACE] uvicorn.asgi: ::1:58425 - ASGI [7] Send {'type': 'http.response.body', 'body': '<0 bytes>', 'more_body': False}
2026-06-13 21:31:19,632 [TRACE] uvicorn.asgi: ::1:58425 - ASGI [7] Receive {'type': 'http.disconnect'}
2026-06-13 21:31:19,632 [TRACE] uvicorn.error: ::1:58425 - HTTP connection lost
2026-06-13 21:31:19,633 [TRACE] uvicorn.asgi: ::1:58425 - ASGI [7] Completed
2026-06-13 21:31:38,593 [TRACE] uvicorn.error: ::1:58429 - HTTP connection made
2026-06-13 21:31:38,593 [TRACE] uvicorn.asgi: ::1:58429 - ASGI [8] Started scope={'type': 'http', 'asgi': {'version': '3.0', 'spec_version': '2.3'}, 'http_version': '1.1', 'server': ('::1', 8003), 'client': ('::1', 58429), 'scheme': 'http', 'method': 'POST', 'root_path': '', 'path': '/mcp/', 'raw_path': b'/mcp/', 'query_string': b'', 'headers': '<...>', 'state': {}}
2026-06-13 21:31:38,594 [TRACE] uvicorn.asgi: ::1:58429 - ASGI [8] Receive {'type': 'http.request', 'body': '<66 bytes>', 'more_body': False}
2026-06-13 21:31:38,594 [TRACE] uvicorn.asgi: ::1:58429 - ASGI [8] Send {'type': 'http.response.start', 'status': <HTTPStatus.ACCEPTED: 202>, 'headers': '<...>'}
2026-06-13 21:31:38,594 [INFO] uvicorn.access: ::1:58429 - "POST /mcp/ HTTP/1.1" 202
2026-06-13 21:31:38,594 [TRACE] uvicorn.asgi: ::1:58429 - ASGI [8] Send {'type': 'http.response.body', 'body': '<0 bytes>'}
2026-06-13 21:31:38,595 [TRACE] uvicorn.asgi: ::1:58429 - ASGI [8] Completed
2026-06-13 21:31:38,595 [TRACE] uvicorn.error: ::1:58429 - HTTP connection lost
2026-06-13 21:31:53,783 [TRACE] uvicorn.error: ::1:58431 - HTTP connection made
2026-06-13 21:31:53,783 [TRACE] uvicorn.asgi: ::1:58431 - ASGI [9] Started scope={'type': 'http', 'asgi': {'version': '3.0', 'spec_version': '2.3'}, 'http_version': '1.1', 'server': ('::1', 8003), 'client': ('::1', 58431), 'scheme': 'http', 'method': 'POST', 'root_path': '', 'path': '/mcp/', 'raw_path': b'/mcp/', 'query_string': b'', 'headers': '<...>', 'state': {}}
2026-06-13 21:31:53,784 [TRACE] uvicorn.asgi: ::1:58431 - ASGI [9] Receive {'type': 'http.request', 'body': '<102 bytes>', 'more_body': False}
2026-06-13 21:31:53,790 [TRACE] uvicorn.asgi: ::1:58431 - ASGI [9] Send {'type': 'http.response.start', 'status': 200, 'headers': '<...>'}
2026-06-13 21:31:53,790 [INFO] uvicorn.access: ::1:58431 - "POST /mcp/ HTTP/1.1" 200
2026-06-13 21:31:53,792 [INFO] mcp.server.lowlevel.server: Processing request of type ReadResourceRequest
2026-06-13 21:31:53,811 [TRACE] uvicorn.asgi: ::1:58431 - ASGI [9] Send {'type': 'http.response.body', 'body': '<204 bytes>', 'more_body': True}
2026-06-13 21:31:53,811 [TRACE] uvicorn.asgi: ::1:58431 - ASGI [9] Send {'type': 'http.response.body', 'body': '<0 bytes>', 'more_body': False}
2026-06-13 21:31:53,811 [TRACE] uvicorn.asgi: ::1:58431 - ASGI [9] Receive {'type': 'http.disconnect'}
2026-06-13 21:31:53,812 [TRACE] uvicorn.error: ::1:58431 - HTTP connection lost
2026-06-13 21:31:53,812 [TRACE] uvicorn.asgi: ::1:58431 - ASGI [9] Completed
2026-06-13 21:43:50,247 [INFO] uvicorn.error: Started server process [28260]
2026-06-13 21:43:50,248 [INFO] uvicorn.error: Waiting for application startup.
2026-06-13 21:43:50,248 [TRACE] uvicorn.asgi: ASGI [1] Started scope={'type': 'lifespan', 'asgi': {'version': '3.0', 'spec_version': '2.0'}, 'state': {}}
2026-06-13 21:43:50,248 [TRACE] uvicorn.asgi: ASGI [1] Receive {'type': 'lifespan.startup'}
2026-06-13 21:43:50,253 [INFO] mcp.server.streamable_http_manager: StreamableHTTP session manager started
2026-06-13 21:43:50,253 [TRACE] uvicorn.asgi: ASGI [1] Send {'type': 'lifespan.startup.complete'}
2026-06-13 21:43:50,253 [INFO] uvicorn.error: Application startup complete.
2026-06-13 21:43:50,259 [ERROR] uvicorn.error: [Errno 10048] error while attempting to bind on address ('127.0.0.1', 8003): [winerror 10048] only one usage of each socket address (protocol/network address/port) is normally permitted
2026-06-13 21:43:50,259 [INFO] uvicorn.error: Waiting for application shutdown.
2026-06-13 21:43:50,259 [TRACE] uvicorn.asgi: ASGI [1] Receive {'type': 'lifespan.shutdown'}
2026-06-13 21:43:50,259 [INFO] mcp.server.streamable_http_manager: StreamableHTTP session manager shutting down
2026-06-13 21:43:50,259 [TRACE] uvicorn.asgi: ASGI [1] Send {'type': 'lifespan.shutdown.complete'}
2026-06-13 21:43:50,259 [TRACE] uvicorn.asgi: ASGI [1] Completed
2026-06-13 21:43:50,259 [INFO] uvicorn.error: Application shutdown complete.
2026-06-13 21:45:37,225 [INFO] uvicorn.error: Shutting down
2026-06-13 21:45:37,336 [INFO] uvicorn.error: Waiting for application shutdown.
2026-06-13 21:45:37,337 [TRACE] uvicorn.asgi: ASGI [1] Receive {'type': 'lifespan.shutdown'}
2026-06-13 21:45:37,337 [INFO] mcp.server.streamable_http_manager: StreamableHTTP session manager shutting down
2026-06-13 21:45:37,338 [TRACE] uvicorn.asgi: ASGI [1] Send {'type': 'lifespan.shutdown.complete'}
2026-06-13 21:45:37,338 [TRACE] uvicorn.asgi: ASGI [1] Completed
2026-06-13 21:45:37,339 [INFO] uvicorn.error: Application shutdown complete.
2026-06-13 21:45:37,339 [INFO] uvicorn.error: Finished server process [14504]
2026-06-13 21:46:34,577 [INFO] uvicorn.error: Started server process [47908]
2026-06-13 21:46:34,578 [INFO] uvicorn.error: Waiting for application startup.
2026-06-13 21:46:34,578 [TRACE] uvicorn.asgi: ASGI [1] Started scope={'type': 'lifespan', 'asgi': {'version': '3.0', 'spec_version': '2.0'}, 'state': {}}
2026-06-13 21:46:34,578 [TRACE] uvicorn.asgi: ASGI [1] Receive {'type': 'lifespan.startup'}
2026-06-13 21:46:34,582 [INFO] mcp.server.streamable_http_manager: StreamableHTTP session manager started
2026-06-13 21:46:34,582 [TRACE] uvicorn.asgi: ASGI [1] Send {'type': 'lifespan.startup.complete'}
2026-06-13 21:46:34,582 [INFO] uvicorn.error: Application startup complete.
2026-06-13 21:46:34,587 [INFO] uvicorn.error: Uvicorn running on http://localhost:8003 (Press CTRL+C to quit)
2026-06-13 21:47:08,344 [TRACE] uvicorn.error: ::1:53443 - HTTP connection made
2026-06-13 21:47:08,345 [TRACE] uvicorn.asgi: ::1:53443 - ASGI [2] Started scope={'type': 'http', 'asgi': {'version': '3.0', 'spec_version': '2.3'}, 'http_version': '1.1', 'server': ('::1', 8003), 'client': ('::1', 53443), 'scheme': 'http', 'method': 'POST', 'root_path': '', 'path': '/monitor-shipment', 'raw_path': b'/monitor-shipment', 'query_string': b'', 'headers': '<...>', 'state': {}}
2026-06-13 21:47:08,347 [TRACE] uvicorn.asgi: ::1:53443 - ASGI [2] Receive {'type': 'http.request', 'body': '<24 bytes>', 'more_body': False}
2026-06-13 21:47:08,349 [TRACE] uvicorn.asgi: ::1:53443 - ASGI [2] Send {'type': 'http.response.start', 'status': 200, 'headers': '<...>'}
2026-06-13 21:47:08,349 [INFO] uvicorn.access: ::1:53443 - "POST /monitor-shipment HTTP/1.1" 200
2026-06-13 21:47:08,350 [TRACE] uvicorn.asgi: ::1:53443 - ASGI [2] Send {'type': 'http.response.body', 'body': '<279 bytes>'}
2026-06-13 21:47:08,350 [TRACE] uvicorn.asgi: ::1:53443 - ASGI [2] Completed
2026-06-13 21:47:08,350 [TRACE] uvicorn.error: ::1:53443 - HTTP connection lost
2026-06-13 21:47:26,834 [TRACE] uvicorn.error: ::1:53446 - HTTP connection made
2026-06-13 21:47:26,834 [TRACE] uvicorn.asgi: ::1:53446 - ASGI [3] Started scope={'type': 'http', 'asgi': {'version': '3.0', 'spec_version': '2.3'}, 'http_version': '1.1', 'server': ('::1', 8003), 'client': ('::1', 53446), 'scheme': 'http', 'method': 'GET', 'root_path': '', 'path': '/mcp/', 'raw_path': b'/mcp/', 'query_string': b'', 'headers': '<...>', 'state': {}}
2026-06-13 21:47:26,835 [INFO] mcp.server.streamable_http_manager: Created new transport with session ID: de6a50e0292e4302bb22519122b5ac10
2026-06-13 21:47:26,836 [TRACE] uvicorn.asgi: ::1:53446 - ASGI [3] Send {'type': 'http.response.start', 'status': <HTTPStatus.BAD_REQUEST: 400>, 'headers': '<...>'}
2026-06-13 21:47:26,836 [INFO] uvicorn.access: ::1:53446 - "GET /mcp/ HTTP/1.1" 400
2026-06-13 21:47:26,837 [TRACE] uvicorn.asgi: ::1:53446 - ASGI [3] Send {'type': 'http.response.body', 'body': '<105 bytes>'}
2026-06-13 21:47:26,837 [TRACE] uvicorn.asgi: ::1:53446 - ASGI [3] Completed
2026-06-13 21:47:26,839 [TRACE] uvicorn.error: ::1:53446 - HTTP connection lost
2026-06-13 21:47:53,113 [TRACE] uvicorn.error: ::1:53449 - HTTP connection made
2026-06-13 21:47:53,114 [TRACE] uvicorn.asgi: ::1:53449 - ASGI [4] Started scope={'type': 'http', 'asgi': {'version': '3.0', 'spec_version': '2.3'}, 'http_version': '1.1', 'server': ('::1', 8003), 'client': ('::1', 53449), 'scheme': 'http', 'method': 'POST', 'root_path': '', 'path': '/mcp/', 'raw_path': b'/mcp/', 'query_string': b'', 'headers': '<...>', 'state': {}}
2026-06-13 21:47:53,114 [TRACE] uvicorn.asgi: ::1:53449 - ASGI [4] Send {'type': 'http.response.start', 'status': <HTTPStatus.NOT_FOUND: 404>, 'headers': '<...>'}
2026-06-13 21:47:53,114 [INFO] uvicorn.access: ::1:53449 - "POST /mcp/ HTTP/1.1" 404
2026-06-13 21:47:53,114 [TRACE] uvicorn.asgi: ::1:53449 - ASGI [4] Send {'type': 'http.response.body', 'body': '<91 bytes>'}
2026-06-13 21:47:53,115 [TRACE] uvicorn.asgi: ::1:53449 - ASGI [4] Completed
2026-06-13 21:47:53,115 [TRACE] uvicorn.error: ::1:53449 - HTTP connection lost
2026-06-13 21:49:54,629 [TRACE] uvicorn.error: ::1:55627 - HTTP connection made
2026-06-13 21:49:54,630 [TRACE] uvicorn.asgi: ::1:55627 - ASGI [5] Started scope={'type': 'http', 'asgi': {'version': '3.0', 'spec_version': '2.3'}, 'http_version': '1.1', 'server': ('::1', 8003), 'client': ('::1', 55627), 'scheme': 'http', 'method': 'POST', 'root_path': '', 'path': '/mcp/', 'raw_path': b'/mcp/', 'query_string': b'', 'headers': '<...>', 'state': {}}
2026-06-13 21:49:54,631 [TRACE] uvicorn.asgi: ::1:55627 - ASGI [5] Send {'type': 'http.response.start', 'status': <HTTPStatus.NOT_FOUND: 404>, 'headers': '<...>'}
2026-06-13 21:49:54,631 [INFO] uvicorn.access: ::1:55627 - "POST /mcp/ HTTP/1.1" 404
2026-06-13 21:49:54,631 [TRACE] uvicorn.asgi: ::1:55627 - ASGI [5] Send {'type': 'http.response.body', 'body': '<91 bytes>'}
2026-06-13 21:49:54,632 [TRACE] uvicorn.asgi: ::1:55627 - ASGI [5] Completed
2026-06-13 21:49:54,632 [TRACE] uvicorn.error: ::1:55627 - HTTP connection lost
2026-06-13 21:54:08,324 [TRACE] uvicorn.error: ::1:60791 - HTTP connection made
2026-06-13 21:54:08,325 [TRACE] uvicorn.asgi: ::1:60791 - ASGI [6] Started scope={'type': 'http', 'asgi': {'version': '3.0', 'spec_version': '2.3'}, 'http_version': '1.1', 'server': ('::1', 8003), 'client': ('::1', 60791), 'scheme': 'http', 'method': 'POST', 'root_path': '', 'path': '/mcp/', 'raw_path': b'/mcp/', 'query_string': b'', 'headers': '<...>', 'state': {}}
2026-06-13 21:54:08,325 [TRACE] uvicorn.asgi: ::1:60791 - ASGI [6] Receive {'type': 'http.request', 'body': '<102 bytes>', 'more_body': False}
2026-06-13 21:54:08,326 [TRACE] uvicorn.asgi: ::1:60791 - ASGI [6] Send {'type': 'http.response.start', 'status': 200, 'headers': '<...>'}
2026-06-13 21:54:08,326 [INFO] uvicorn.access: ::1:60791 - "POST /mcp/ HTTP/1.1" 200
2026-06-13 21:54:08,327 [WARNING] root: Failed to validate request: Received request before initialization was complete
2026-06-13 21:54:08,328 [TRACE] uvicorn.asgi: ::1:60791 - ASGI [6] Send {'type': 'http.response.body', 'body': '<123 bytes>', 'more_body': True}
2026-06-13 21:54:08,328 [TRACE] uvicorn.asgi: ::1:60791 - ASGI [6] Send {'type': 'http.response.body', 'body': '<0 bytes>', 'more_body': False}
2026-06-13 21:54:08,329 [TRACE] uvicorn.asgi: ::1:60791 - ASGI [6] Receive {'type': 'http.disconnect'}
2026-06-13 21:54:08,329 [TRACE] uvicorn.error: ::1:60791 - HTTP connection lost
2026-06-13 21:54:08,329 [TRACE] uvicorn.asgi: ::1:60791 - ASGI [6] Completed
2026-06-13 22:06:27,960 [TRACE] uvicorn.error: ::1:53107 - HTTP connection made
2026-06-13 22:06:27,961 [TRACE] uvicorn.asgi: ::1:53107 - ASGI [7] Started scope={'type': 'http', 'asgi': {'version': '3.0', 'spec_version': '2.3'}, 'http_version': '1.1', 'server': ('::1', 8003), 'client': ('::1', 53107), 'scheme': 'http', 'method': 'POST', 'root_path': '', 'path': '/mcp/', 'raw_path': b'/mcp/', 'query_string': b'', 'headers': '<...>', 'state': {}}
2026-06-13 22:06:27,961 [TRACE] uvicorn.asgi: ::1:53107 - ASGI [7] Receive {'type': 'http.request', 'body': '<62 bytes>', 'more_body': False}
2026-06-13 22:06:27,962 [TRACE] uvicorn.asgi: ::1:53107 - ASGI [7] Send {'type': 'http.response.start', 'status': 200, 'headers': '<...>'}
2026-06-13 22:06:27,962 [INFO] uvicorn.access: ::1:53107 - "POST /mcp/ HTTP/1.1" 200
2026-06-13 22:06:27,963 [WARNING] root: Failed to validate request: Received request before initialization was complete
2026-06-13 22:06:27,964 [TRACE] uvicorn.asgi: ::1:53107 - ASGI [7] Send {'type': 'http.response.body', 'body': '<123 bytes>', 'more_body': True}
2026-06-13 22:06:27,964 [TRACE] uvicorn.asgi: ::1:53107 - ASGI [7] Send {'type': 'http.response.body', 'body': '<0 bytes>', 'more_body': False}
2026-06-13 22:06:27,964 [TRACE] uvicorn.asgi: ::1:53107 - ASGI [7] Receive {'type': 'http.disconnect'}
2026-06-13 22:06:27,965 [TRACE] uvicorn.error: ::1:53107 - HTTP connection lost
2026-06-13 22:06:27,965 [TRACE] uvicorn.asgi: ::1:53107 - ASGI [7] Completed
2026-06-13 22:07:10,387 [TRACE] uvicorn.error: ::1:53118 - HTTP connection made
2026-06-13 22:07:10,388 [TRACE] uvicorn.asgi: ::1:53118 - ASGI [8] Started scope={'type': 'http', 'asgi': {'version': '3.0', 'spec_version': '2.3'}, 'http_version': '1.1', 'server': ('::1', 8003), 'client': ('::1', 53118), 'scheme': 'http', 'method': 'POST', 'root_path': '', 'path': '/mcp/', 'raw_path': b'/mcp/', 'query_string': b'', 'headers': '<...>', 'state': {}}
2026-06-13 22:07:10,388 [TRACE] uvicorn.asgi: ::1:53118 - ASGI [8] Receive {'type': 'http.request', 'body': '<151 bytes>', 'more_body': False}
2026-06-13 22:07:10,394 [TRACE] uvicorn.asgi: ::1:53118 - ASGI [8] Send {'type': 'http.response.start', 'status': 200, 'headers': '<...>'}
2026-06-13 22:07:10,394 [INFO] uvicorn.access: ::1:53118 - "POST /mcp/ HTTP/1.1" 200
2026-06-13 22:07:10,397 [TRACE] uvicorn.asgi: ::1:53118 - ASGI [8] Send {'type': 'http.response.body', 'body': '<444 bytes>', 'more_body': True}
2026-06-13 22:07:10,397 [TRACE] uvicorn.asgi: ::1:53118 - ASGI [8] Send {'type': 'http.response.body', 'body': '<0 bytes>', 'more_body': False}
2026-06-13 22:07:10,398 [TRACE] uvicorn.asgi: ::1:53118 - ASGI [8] Receive {'type': 'http.disconnect'}
2026-06-13 22:07:10,398 [TRACE] uvicorn.error: ::1:53118 - HTTP connection lost
2026-06-13 22:07:10,398 [TRACE] uvicorn.asgi: ::1:53118 - ASGI [8] Completed
2026-06-13 22:07:24,568 [TRACE] uvicorn.error: ::1:53119 - HTTP connection made
2026-06-13 22:07:24,569 [TRACE] uvicorn.asgi: ::1:53119 - ASGI [9] Started scope={'type': 'http', 'asgi': {'version': '3.0', 'spec_version': '2.3'}, 'http_version': '1.1', 'server': ('::1', 8003), 'client': ('::1', 53119), 'scheme': 'http', 'method': 'POST', 'root_path': '', 'path': '/mcp/', 'raw_path': b'/mcp/', 'query_string': b'', 'headers': '<...>', 'state': {}}
2026-06-13 22:07:24,570 [TRACE] uvicorn.asgi: ::1:53119 - ASGI [9] Receive {'type': 'http.request', 'body': '<62 bytes>', 'more_body': False}
2026-06-13 22:07:24,570 [TRACE] uvicorn.asgi: ::1:53119 - ASGI [9] Send {'type': 'http.response.start', 'status': 200, 'headers': '<...>'}
2026-06-13 22:07:24,571 [INFO] uvicorn.access: ::1:53119 - "POST /mcp/ HTTP/1.1" 200
2026-06-13 22:07:24,571 [INFO] mcp.server.lowlevel.server: Processing request of type ListResourcesRequest
2026-06-13 22:07:24,575 [TRACE] uvicorn.asgi: ::1:53119 - ASGI [9] Send {'type': 'http.response.body', 'body': '<211 bytes>', 'more_body': True}
2026-06-13 22:07:24,575 [TRACE] uvicorn.asgi: ::1:53119 - ASGI [9] Send {'type': 'http.response.body', 'body': '<0 bytes>', 'more_body': False}
2026-06-13 22:07:24,576 [TRACE] uvicorn.asgi: ::1:53119 - ASGI [9] Receive {'type': 'http.disconnect'}
2026-06-13 22:07:24,576 [TRACE] uvicorn.error: ::1:53119 - HTTP connection lost
2026-06-13 22:07:24,577 [TRACE] uvicorn.asgi: ::1:53119 - ASGI [9] Completed
2026-06-13 22:08:20,854 [TRACE] uvicorn.error: ::1:62447 - HTTP connection made
2026-06-13 22:08:20,854 [TRACE] uvicorn.asgi: ::1:62447 - ASGI [10] Started scope={'type': 'http', 'asgi': {'version': '3.0', 'spec_version': '2.3'}, 'http_version': '1.1', 'server': ('::1', 8003), 'client': ('::1', 62447), 'scheme': 'http', 'method': 'POST', 'root_path': '', 'path': '/mcp/', 'raw_path': b'/mcp/', 'query_string': b'', 'headers': '<...>', 'state': {}}
2026-06-13 22:08:20,855 [TRACE] uvicorn.asgi: ::1:62447 - ASGI [10] Receive {'type': 'http.request', 'body': '<102 bytes>', 'more_body': False}
2026-06-13 22:08:20,855 [TRACE] uvicorn.asgi: ::1:62447 - ASGI [10] Send {'type': 'http.response.start', 'status': 200, 'headers': '<...>'}
2026-06-13 22:08:20,856 [INFO] uvicorn.access: ::1:62447 - "POST /mcp/ HTTP/1.1" 200
2026-06-13 22:08:20,856 [INFO] mcp.server.lowlevel.server: Processing request of type ReadResourceRequest
2026-06-13 22:08:20,883 [TRACE] uvicorn.asgi: ::1:62447 - ASGI [10] Send {'type': 'http.response.body', 'body': '<1882 bytes>', 'more_body': True}
2026-06-13 22:08:20,883 [TRACE] uvicorn.asgi: ::1:62447 - ASGI [10] Send {'type': 'http.response.body', 'body': '<0 bytes>', 'more_body': False}
2026-06-13 22:08:20,884 [TRACE] uvicorn.asgi: ::1:62447 - ASGI [10] Receive {'type': 'http.disconnect'}
2026-06-13 22:08:20,884 [TRACE] uvicorn.error: ::1:62447 - HTTP connection lost
2026-06-13 22:08:20,885 [TRACE] uvicorn.asgi: ::1:62447 - ASGI [10] Completed
2026-06-13 22:29:51,773 [TRACE] uvicorn.error: ::1:59058 - HTTP connection made
2026-06-13 22:29:51,774 [TRACE] uvicorn.asgi: ::1:59058 - ASGI [11] Started scope={'type': 'http', 'asgi': {'version': '3.0', 'spec_version': '2.3'}, 'http_version': '1.1', 'server': ('::1', 8003), 'client': ('::1', 59058), 'scheme': 'http', 'method': 'POST', 'root_path': '', 'path': '/mcp/', 'raw_path': b'/mcp/', 'query_string': b'', 'headers': '<...>', 'state': {}}
2026-06-13 22:29:51,775 [TRACE] uvicorn.asgi: ::1:59058 - ASGI [11] Receive {'type': 'http.request', 'body': '<60 bytes>', 'more_body': False}
2026-06-13 22:29:51,776 [TRACE] uvicorn.asgi: ::1:59058 - ASGI [11] Send {'type': 'http.response.start', 'status': 200, 'headers': '<...>'}
2026-06-13 22:29:51,776 [INFO] uvicorn.access: ::1:59058 - "POST /mcp/ HTTP/1.1" 200
2026-06-13 22:29:51,777 [INFO] mcp.server.lowlevel.server: Processing request of type ListPromptsRequest
2026-06-13 22:29:51,779 [TRACE] uvicorn.asgi: ::1:59058 - ASGI [11] Send {'type': 'http.response.body', 'body': '<229 bytes>', 'more_body': True}
2026-06-13 22:29:51,780 [TRACE] uvicorn.asgi: ::1:59058 - ASGI [11] Send {'type': 'http.response.body', 'body': '<0 bytes>', 'more_body': False}
2026-06-13 22:29:51,780 [TRACE] uvicorn.asgi: ::1:59058 - ASGI [11] Receive {'type': 'http.disconnect'}
2026-06-13 22:29:51,780 [TRACE] uvicorn.error: ::1:59058 - HTTP connection lost
2026-06-13 22:29:51,781 [TRACE] uvicorn.asgi: ::1:59058 - ASGI [11] Completed
2026-06-13 22:30:51,624 [TRACE] uvicorn.error: ::1:59075 - HTTP connection made
2026-06-13 22:30:51,626 [TRACE] uvicorn.asgi: ::1:59075 - ASGI [12] Started scope={'type': 'http', 'asgi': {'version': '3.0', 'spec_version': '2.3'}, 'http_version': '1.1', 'server': ('::1', 8003), 'client': ('::1', 59075), 'scheme': 'http', 'method': 'POST', 'root_path': '', 'path': '/mcp/', 'raw_path': b'/mcp/', 'query_string': b'', 'headers': '<...>', 'state': {}}
2026-06-13 22:30:51,626 [TRACE] uvicorn.asgi: ::1:59075 - ASGI [12] Receive {'type': 'http.request', 'body': '<87 bytes>', 'more_body': False}
2026-06-13 22:30:51,627 [TRACE] uvicorn.asgi: ::1:59075 - ASGI [12] Send {'type': 'http.response.start', 'status': 200, 'headers': '<...>'}
2026-06-13 22:30:51,627 [INFO] uvicorn.access: ::1:59075 - "POST /mcp/ HTTP/1.1" 200
2026-06-13 22:30:51,630 [INFO] mcp.server.lowlevel.server: Processing request of type GetPromptRequest
2026-06-13 22:30:51,641 [TRACE] uvicorn.asgi: ::1:59075 - ASGI [12] Send {'type': 'http.response.body', 'body': '<490 bytes>', 'more_body': True}
2026-06-13 22:30:51,642 [TRACE] uvicorn.asgi: ::1:59075 - ASGI [12] Send {'type': 'http.response.body', 'body': '<0 bytes>', 'more_body': False}
2026-06-13 22:30:51,642 [TRACE] uvicorn.asgi: ::1:59075 - ASGI [12] Receive {'type': 'http.disconnect'}
2026-06-13 22:30:51,642 [TRACE] uvicorn.error: ::1:59075 - HTTP connection lost
2026-06-13 22:30:51,643 [TRACE] uvicorn.asgi: ::1:59075 - ASGI [12] Completed
2026-06-16 16:27:37,061 [INFO] uvicorn.error: Started server process [44588]
2026-06-16 16:27:37,064 [INFO] uvicorn.error: Waiting for application startup.
2026-06-16 16:27:37,065 [TRACE] uvicorn.asgi: ASGI [1] Started scope={'type': 'lifespan', 'asgi': {'version': '3.0', 'spec_version': '2.0'}, 'state': {}}
2026-06-16 16:27:37,065 [TRACE] uvicorn.asgi: ASGI [1] Receive {'type': 'lifespan.startup'}
2026-06-16 16:27:37,094 [INFO] mcp.server.streamable_http_manager: StreamableHTTP session manager started
2026-06-16 16:27:37,095 [TRACE] uvicorn.asgi: ASGI [1] Send {'type': 'lifespan.startup.complete'}
2026-06-16 16:27:37,095 [INFO] uvicorn.error: Application startup complete.
2026-06-16 16:27:37,129 [INFO] uvicorn.error: Uvicorn running on http://localhost:8003 (Press CTRL+C to quit)
2026-06-16 16:27:42,030 [TRACE] uvicorn.error: ::1:62206 - HTTP connection made
2026-06-16 16:27:42,041 [TRACE] uvicorn.asgi: ::1:62206 - ASGI [2] Started scope={'type': 'http', 'asgi': {'version': '3.0', 'spec_version': '2.3'}, 'http_version': '1.1', 'server': ('::1', 8003), 'client': ('::1', 62206), 'scheme': 'http', 'method': 'POST', 'root_path': '', 'path': '/mcp', 'raw_path': b'/mcp', 'query_string': b'', 'headers': '<...>', 'state': {}}
2026-06-16 16:27:42,049 [TRACE] uvicorn.asgi: ::1:62206 - ASGI [2] Send {'type': 'http.response.start', 'status': 307, 'headers': '<...>'}
2026-06-16 16:27:42,103 [INFO] uvicorn.access: ::1:62206 - "POST /mcp HTTP/1.1" 307
2026-06-16 16:27:42,110 [TRACE] uvicorn.asgi: ::1:62206 - ASGI [2] Send {'type': 'http.response.body', 'body': '<0 bytes>'}
2026-06-16 16:27:42,151 [TRACE] uvicorn.asgi: ::1:62206 - ASGI [2] Completed
2026-06-16 16:27:42,174 [TRACE] uvicorn.error: ::1:62206 - HTTP connection lost
2026-06-16 16:27:42,220 [TRACE] uvicorn.error: ::1:62207 - HTTP connection made
2026-06-16 16:27:42,222 [TRACE] uvicorn.asgi: ::1:62207 - ASGI [3] Started scope={'type': 'http', 'asgi': {'version': '3.0', 'spec_version': '2.3'}, 'http_version': '1.1', 'server': ('::1', 8003), 'client': ('::1', 62207), 'scheme': 'http', 'method': 'POST', 'root_path': '', 'path': '/mcp/', 'raw_path': b'/mcp/', 'query_string': b'', 'headers': '<...>', 'state': {}}
2026-06-16 16:27:42,224 [INFO] mcp.server.streamable_http_manager: Created new transport with session ID: 3099e3ad8db94ff6bd3f97f514240006
2026-06-16 16:27:42,253 [TRACE] uvicorn.asgi: ::1:62207 - ASGI [3] Receive {'type': 'http.request', 'body': '<348 bytes>', 'more_body': False}
2026-06-16 16:27:42,288 [TRACE] uvicorn.asgi: ::1:62207 - ASGI [3] Send {'type': 'http.response.start', 'status': 200, 'headers': '<...>'}
2026-06-16 16:27:42,298 [INFO] uvicorn.access: ::1:62207 - "POST /mcp/ HTTP/1.1" 200
2026-06-16 16:27:42,310 [TRACE] uvicorn.asgi: ::1:62207 - ASGI [3] Send {'type': 'http.response.body', 'body': '<444 bytes>', 'more_body': True}
2026-06-16 16:27:42,318 [TRACE] uvicorn.asgi: ::1:62207 - ASGI [3] Send {'type': 'http.response.body', 'body': '<0 bytes>', 'more_body': False}
2026-06-16 16:27:42,342 [TRACE] uvicorn.asgi: ::1:62207 - ASGI [3] Receive {'type': 'http.disconnect'}
2026-06-16 16:27:42,387 [TRACE] uvicorn.error: ::1:62207 - HTTP connection lost
2026-06-16 16:27:42,423 [TRACE] uvicorn.asgi: ::1:62207 - ASGI [3] Completed
2026-06-16 16:27:42,461 [TRACE] uvicorn.error: ::1:62208 - HTTP connection made
2026-06-16 16:27:42,484 [TRACE] uvicorn.asgi: ::1:62208 - ASGI [4] Started scope={'type': 'http', 'asgi': {'version': '3.0', 'spec_version': '2.3'}, 'http_version': '1.1', 'server': ('::1', 8003), 'client': ('::1', 62208), 'scheme': 'http', 'method': 'POST', 'root_path': '', 'path': '/mcp', 'raw_path': b'/mcp', 'query_string': b'', 'headers': '<...>', 'state': {}}
2026-06-16 16:27:42,493 [TRACE] uvicorn.asgi: ::1:62208 - ASGI [4] Send {'type': 'http.response.start', 'status': 307, 'headers': '<...>'}
2026-06-16 16:27:42,502 [INFO] uvicorn.access: ::1:62208 - "POST /mcp HTTP/1.1" 307
2026-06-16 16:27:42,503 [TRACE] uvicorn.asgi: ::1:62208 - ASGI [4] Send {'type': 'http.response.body', 'body': '<0 bytes>'}
2026-06-16 16:27:42,509 [TRACE] uvicorn.asgi: ::1:62208 - ASGI [4] Completed
2026-06-16 16:27:42,520 [TRACE] uvicorn.error: ::1:62208 - HTTP connection lost
2026-06-16 16:27:42,526 [TRACE] uvicorn.error: ::1:62209 - HTTP connection made
2026-06-16 16:27:42,532 [TRACE] uvicorn.asgi: ::1:62209 - ASGI [5] Started scope={'type': 'http', 'asgi': {'version': '3.0', 'spec_version': '2.3'}, 'http_version': '1.1', 'server': ('::1', 8003), 'client': ('::1', 62209), 'scheme': 'http', 'method': 'POST', 'root_path': '', 'path': '/mcp/', 'raw_path': b'/mcp/', 'query_string': b'', 'headers': '<...>', 'state': {}}
2026-06-16 16:27:42,533 [TRACE] uvicorn.asgi: ::1:62209 - ASGI [5] Receive {'type': 'http.request', 'body': '<54 bytes>', 'more_body': False}
2026-06-16 16:27:42,536 [TRACE] uvicorn.asgi: ::1:62209 - ASGI [5] Send {'type': 'http.response.start', 'status': <HTTPStatus.ACCEPTED: 202>, 'headers': '<...>'}
2026-06-16 16:27:42,541 [INFO] uvicorn.access: ::1:62209 - "POST /mcp/ HTTP/1.1" 202
2026-06-16 16:27:42,542 [TRACE] uvicorn.asgi: ::1:62209 - ASGI [5] Send {'type': 'http.response.body', 'body': '<0 bytes>'}
2026-06-16 16:27:42,550 [TRACE] uvicorn.asgi: ::1:62209 - ASGI [5] Completed
2026-06-16 16:27:42,554 [TRACE] uvicorn.error: ::1:62209 - HTTP connection lost
2026-06-16 16:27:42,558 [TRACE] uvicorn.error: ::1:62210 - HTTP connection made
2026-06-16 16:27:42,561 [TRACE] uvicorn.asgi: ::1:62210 - ASGI [6] Started scope={'type': 'http', 'asgi': {'version': '3.0', 'spec_version': '2.3'}, 'http_version': '1.1', 'server': ('::1', 8003), 'client': ('::1', 62210), 'scheme': 'http', 'method': 'GET', 'root_path': '', 'path': '/mcp', 'raw_path': b'/mcp', 'query_string': b'', 'headers': '<...>', 'state': {}}
2026-06-16 16:27:42,574 [TRACE] uvicorn.asgi: ::1:62210 - ASGI [6] Send {'type': 'http.response.start', 'status': 307, 'headers': '<...>'}
2026-06-16 16:27:42,590 [INFO] uvicorn.access: ::1:62210 - "GET /mcp HTTP/1.1" 307
2026-06-16 16:27:42,594 [TRACE] uvicorn.asgi: ::1:62210 - ASGI [6] Send {'type': 'http.response.body', 'body': '<0 bytes>'}
2026-06-16 16:27:42,621 [TRACE] uvicorn.asgi: ::1:62210 - ASGI [6] Completed
2026-06-16 16:27:42,625 [TRACE] uvicorn.error: ::1:62210 - HTTP connection lost
2026-06-16 16:27:42,636 [TRACE] uvicorn.error: ::1:62211 - HTTP connection made
2026-06-16 16:27:42,642 [TRACE] uvicorn.asgi: ::1:62211 - ASGI [7] Started scope={'type': 'http', 'asgi': {'version': '3.0', 'spec_version': '2.3'}, 'http_version': '1.1', 'server': ('::1', 8003), 'client': ('::1', 62211), 'scheme': 'http', 'method': 'GET', 'root_path': '', 'path': '/mcp/', 'raw_path': b'/mcp/', 'query_string': b'', 'headers': '<...>', 'state': {}}
2026-06-16 16:27:42,652 [TRACE] uvicorn.asgi: ::1:62211 - ASGI [7] Send {'type': 'http.response.start', 'status': 200, 'headers': '<...>'}
2026-06-16 16:27:42,657 [INFO] uvicorn.access: ::1:62211 - "GET /mcp/ HTTP/1.1" 200
2026-06-16 16:27:42,659 [TRACE] uvicorn.asgi: ::1:62211 - ASGI [7] Receive {'type': 'http.request', 'body': '<0 bytes>', 'more_body': False}
2026-06-16 16:27:50,777 [TRACE] uvicorn.error: ::1:61343 - HTTP connection made
2026-06-16 16:27:50,778 [TRACE] uvicorn.asgi: ::1:61343 - ASGI [8] Started scope={'type': 'http', 'asgi': {'version': '3.0', 'spec_version': '2.3'}, 'http_version': '1.1', 'server': ('::1', 8003), 'client': ('::1', 61343), 'scheme': 'http', 'method': 'POST', 'root_path': '', 'path': '/mcp', 'raw_path': b'/mcp', 'query_string': b'', 'headers': '<...>', 'state': {}}
2026-06-16 16:27:50,778 [TRACE] uvicorn.asgi: ::1:61343 - ASGI [8] Send {'type': 'http.response.start', 'status': 307, 'headers': '<...>'}
2026-06-16 16:27:50,779 [INFO] uvicorn.access: ::1:61343 - "POST /mcp HTTP/1.1" 307
2026-06-16 16:27:50,779 [TRACE] uvicorn.asgi: ::1:61343 - ASGI [8] Send {'type': 'http.response.body', 'body': '<0 bytes>'}
2026-06-16 16:27:50,782 [TRACE] uvicorn.asgi: ::1:61343 - ASGI [8] Completed
2026-06-16 16:27:50,783 [TRACE] uvicorn.error: ::1:61343 - HTTP connection lost
2026-06-16 16:27:50,783 [TRACE] uvicorn.error: ::1:61344 - HTTP connection made
2026-06-16 16:27:50,784 [TRACE] uvicorn.asgi: ::1:61344 - ASGI [9] Started scope={'type': 'http', 'asgi': {'version': '3.0', 'spec_version': '2.3'}, 'http_version': '1.1', 'server': ('::1', 8003), 'client': ('::1', 61344), 'scheme': 'http', 'method': 'POST', 'root_path': '', 'path': '/mcp/', 'raw_path': b'/mcp/', 'query_string': b'', 'headers': '<...>', 'state': {}}
2026-06-16 16:27:50,785 [TRACE] uvicorn.asgi: ::1:61344 - ASGI [9] Receive {'type': 'http.request', 'body': '<89 bytes>', 'more_body': False}
2026-06-16 16:27:50,785 [TRACE] uvicorn.asgi: ::1:61344 - ASGI [9] Send {'type': 'http.response.start', 'status': 200, 'headers': '<...>'}
2026-06-16 16:27:50,788 [INFO] uvicorn.access: ::1:61344 - "POST /mcp/ HTTP/1.1" 200
2026-06-16 16:27:50,789 [INFO] mcp.server.lowlevel.server: Processing request of type ListResourcesRequest
2026-06-16 16:27:50,796 [TRACE] uvicorn.asgi: ::1:61344 - ASGI [9] Send {'type': 'http.response.body', 'body': '<363 bytes>', 'more_body': True}
2026-06-16 16:27:50,803 [TRACE] uvicorn.asgi: ::1:61344 - ASGI [9] Send {'type': 'http.response.body', 'body': '<0 bytes>', 'more_body': False}
2026-06-16 16:27:50,805 [TRACE] uvicorn.asgi: ::1:61344 - ASGI [9] Receive {'type': 'http.disconnect'}
2026-06-16 16:27:50,805 [TRACE] uvicorn.error: ::1:61344 - HTTP connection lost
2026-06-16 16:27:50,806 [TRACE] uvicorn.asgi: ::1:61344 - ASGI [9] Completed
2026-06-16 16:27:57,659 [TRACE] uvicorn.asgi: ::1:62211 - ASGI [7] Send {'type': 'http.response.body', 'body': '<45 bytes>', 'more_body': True}
2026-06-16 16:28:03,112 [TRACE] uvicorn.error: ::1:60089 - HTTP connection made
2026-06-16 16:28:03,112 [TRACE] uvicorn.asgi: ::1:60089 - ASGI [10] Started scope={'type': 'http', 'asgi': {'version': '3.0', 'spec_version': '2.3'}, 'http_version': '1.1', 'server': ('::1', 8003), 'client': ('::1', 60089), 'scheme': 'http', 'method': 'POST', 'root_path': '', 'path': '/mcp', 'raw_path': b'/mcp', 'query_string': b'', 'headers': '<...>', 'state': {}}
2026-06-16 16:28:03,113 [TRACE] uvicorn.asgi: ::1:60089 - ASGI [10] Send {'type': 'http.response.start', 'status': 307, 'headers': '<...>'}
2026-06-16 16:28:03,113 [INFO] uvicorn.access: ::1:60089 - "POST /mcp HTTP/1.1" 307
2026-06-16 16:28:03,113 [TRACE] uvicorn.asgi: ::1:60089 - ASGI [10] Send {'type': 'http.response.body', 'body': '<0 bytes>'}
2026-06-16 16:28:03,113 [TRACE] uvicorn.asgi: ::1:60089 - ASGI [10] Completed
2026-06-16 16:28:03,114 [TRACE] uvicorn.error: ::1:60089 - HTTP connection lost
2026-06-16 16:28:03,115 [TRACE] uvicorn.error: ::1:60090 - HTTP connection made
2026-06-16 16:28:03,116 [TRACE] uvicorn.asgi: ::1:60090 - ASGI [11] Started scope={'type': 'http', 'asgi': {'version': '3.0', 'spec_version': '2.3'}, 'http_version': '1.1', 'server': ('::1', 8003), 'client': ('::1', 60090), 'scheme': 'http', 'method': 'POST', 'root_path': '', 'path': '/mcp/', 'raw_path': b'/mcp/', 'query_string': b'', 'headers': '<...>', 'state': {}}
2026-06-16 16:28:03,116 [TRACE] uvicorn.asgi: ::1:60090 - ASGI [11] Receive {'type': 'http.request', 'body': '<130 bytes>', 'more_body': False}
2026-06-16 16:28:03,117 [TRACE] uvicorn.asgi: ::1:60090 - ASGI [11] Send {'type': 'http.response.start', 'status': 200, 'headers': '<...>'}
2026-06-16 16:28:03,117 [INFO] uvicorn.access: ::1:60090 - "POST /mcp/ HTTP/1.1" 200
2026-06-16 16:28:03,118 [INFO] mcp.server.lowlevel.server: Processing request of type ReadResourceRequest
2026-06-16 16:28:03,152 [TRACE] uvicorn.asgi: ::1:60090 - ASGI [11] Send {'type': 'http.response.body', 'body': '<1882 bytes>', 'more_body': True}
2026-06-16 16:28:03,153 [TRACE] uvicorn.asgi: ::1:60090 - ASGI [11] Send {'type': 'http.response.body', 'body': '<0 bytes>', 'more_body': False}
2026-06-16 16:28:03,153 [TRACE] uvicorn.asgi: ::1:60090 - ASGI [11] Receive {'type': 'http.disconnect'}
2026-06-16 16:28:03,154 [TRACE] uvicorn.error: ::1:60090 - HTTP connection lost
2026-06-16 16:28:03,154 [TRACE] uvicorn.asgi: ::1:60090 - ASGI [11] Completed
2026-06-16 16:28:12,664 [TRACE] uvicorn.asgi: ::1:62211 - ASGI [7] Send {'type': 'http.response.body', 'body': '<45 bytes>', 'more_body': True}
2026-06-16 16:28:27,673 [TRACE] uvicorn.asgi: ::1:62211 - ASGI [7] Send {'type': 'http.response.body', 'body': '<45 bytes>', 'more_body': True}
2026-06-16 16:28:42,678 [TRACE] uvicorn.asgi: ::1:62211 - ASGI [7] Send {'type': 'http.response.body', 'body': '<45 bytes>', 'more_body': True}
2026-06-16 16:28:57,681 [TRACE] uvicorn.asgi: ::1:62211 - ASGI [7] Send {'type': 'http.response.body', 'body': '<45 bytes>', 'more_body': True}
2026-06-16 16:29:12,695 [TRACE] uvicorn.asgi: ::1:62211 - ASGI [7] Send {'type': 'http.response.body', 'body': '<45 bytes>', 'more_body': True}
2026-06-16 16:29:27,699 [TRACE] uvicorn.asgi: ::1:62211 - ASGI [7] Send {'type': 'http.response.body', 'body': '<45 bytes>', 'more_body': True}
2026-06-16 16:29:42,706 [TRACE] uvicorn.asgi: ::1:62211 - ASGI [7] Send {'type': 'http.response.body', 'body': '<45 bytes>', 'more_body': True}
2026-06-16 16:29:57,716 [TRACE] uvicorn.asgi: ::1:62211 - ASGI [7] Send {'type': 'http.response.body', 'body': '<45 bytes>', 'more_body': True}
2026-06-16 16:30:12,728 [TRACE] uvicorn.asgi: ::1:62211 - ASGI [7] Send {'type': 'http.response.body', 'body': '<45 bytes>', 'more_body': True}
2026-06-16 16:30:27,730 [TRACE] uvicorn.asgi: ::1:62211 - ASGI [7] Send {'type': 'http.response.body', 'body': '<45 bytes>', 'more_body': True}
2026-06-16 16:30:42,742 [TRACE] uvicorn.asgi: ::1:62211 - ASGI [7] Send {'type': 'http.response.body', 'body': '<45 bytes>', 'more_body': True}
2026-06-16 16:30:57,758 [TRACE] uvicorn.asgi: ::1:62211 - ASGI [7] Send {'type': 'http.response.body', 'body': '<45 bytes>', 'more_body': True}
2026-06-16 16:31:12,767 [TRACE] uvicorn.asgi: ::1:62211 - ASGI [7] Send {'type': 'http.response.body', 'body': '<45 bytes>', 'more_body': True}
2026-06-16 16:31:27,778 [TRACE] uvicorn.asgi: ::1:62211 - ASGI [7] Send {'type': 'http.response.body', 'body': '<45 bytes>', 'more_body': True}
2026-06-16 16:31:42,780 [TRACE] uvicorn.asgi: ::1:62211 - ASGI [7] Send {'type': 'http.response.body', 'body': '<45 bytes>', 'more_body': True}
2026-06-16 16:31:57,792 [TRACE] uvicorn.asgi: ::1:62211 - ASGI [7] Send {'type': 'http.response.body', 'body': '<45 bytes>', 'more_body': True}
2026-06-16 16:32:12,806 [TRACE] uvicorn.asgi: ::1:62211 - ASGI [7] Send {'type': 'http.response.body', 'body': '<45 bytes>', 'more_body': True}
2026-06-16 16:32:27,818 [TRACE] uvicorn.asgi: ::1:62211 - ASGI [7] Send {'type': 'http.response.body', 'body': '<45 bytes>', 'more_body': True}
2026-06-16 16:32:42,831 [TRACE] uvicorn.asgi: ::1:62211 - ASGI [7] Send {'type': 'http.response.body', 'body': '<45 bytes>', 'more_body': True}
2026-06-16 16:32:57,842 [TRACE] uvicorn.asgi: ::1:62211 - ASGI [7] Send {'type': 'http.response.body', 'body': '<45 bytes>', 'more_body': True}
2026-06-16 16:33:12,856 [TRACE] uvicorn.asgi: ::1:62211 - ASGI [7] Send {'type': 'http.response.body', 'body': '<45 bytes>', 'more_body': True}
2026-06-16 16:33:27,865 [TRACE] uvicorn.asgi: ::1:62211 - ASGI [7] Send {'type': 'http.response.body', 'body': '<45 bytes>', 'more_body': True}
2026-06-16 16:33:42,871 [TRACE] uvicorn.asgi: ::1:62211 - ASGI [7] Send {'type': 'http.response.body', 'body': '<45 bytes>', 'more_body': True}
2026-06-16 16:33:57,874 [TRACE] uvicorn.asgi: ::1:62211 - ASGI [7] Send {'type': 'http.response.body', 'body': '<45 bytes>', 'more_body': True}
2026-06-16 16:34:12,879 [TRACE] uvicorn.asgi: ::1:62211 - ASGI [7] Send {'type': 'http.response.body', 'body': '<45 bytes>', 'more_body': True}
2026-06-16 16:34:27,893 [TRACE] uvicorn.asgi: ::1:62211 - ASGI [7] Send {'type': 'http.response.body', 'body': '<45 bytes>', 'more_body': True}
2026-06-16 16:34:42,910 [TRACE] uvicorn.asgi: ::1:62211 - ASGI [7] Send {'type': 'http.response.body', 'body': '<45 bytes>', 'more_body': True}
2026-06-16 16:34:57,923 [TRACE] uvicorn.asgi: ::1:62211 - ASGI [7] Send {'type': 'http.response.body', 'body': '<45 bytes>', 'more_body': True}
2026-06-16 16:35:12,932 [TRACE] uvicorn.asgi: ::1:62211 - ASGI [7] Send {'type': 'http.response.body', 'body': '<45 bytes>', 'more_body': True}
2026-06-16 16:35:27,949 [TRACE] uvicorn.asgi: ::1:62211 - ASGI [7] Send {'type': 'http.response.body', 'body': '<45 bytes>', 'more_body': True}
2026-06-16 16:35:42,959 [TRACE] uvicorn.asgi: ::1:62211 - ASGI [7] Send {'type': 'http.response.body', 'body': '<45 bytes>', 'more_body': True}
2026-06-16 16:35:57,989 [TRACE] uvicorn.asgi: ::1:62211 - ASGI [7] Send {'type': 'http.response.body', 'body': '<45 bytes>', 'more_body': True}
2026-06-16 16:36:13,089 [TRACE] uvicorn.asgi: ::1:62211 - ASGI [7] Send {'type': 'http.response.body', 'body': '<45 bytes>', 'more_body': True}
2026-06-16 16:36:28,095 [TRACE] uvicorn.asgi: ::1:62211 - ASGI [7] Send {'type': 'http.response.body', 'body': '<45 bytes>', 'more_body': True}
2026-06-16 16:36:43,107 [TRACE] uvicorn.asgi: ::1:62211 - ASGI [7] Send {'type': 'http.response.body', 'body': '<45 bytes>', 'more_body': True}
2026-06-16 16:36:58,122 [TRACE] uvicorn.asgi: ::1:62211 - ASGI [7] Send {'type': 'http.response.body', 'body': '<45 bytes>', 'more_body': True}
2026-06-16 16:37:13,131 [TRACE] uvicorn.asgi: ::1:62211 - ASGI [7] Send {'type': 'http.response.body', 'body': '<45 bytes>', 'more_body': True}
2026-06-16 16:37:28,144 [TRACE] uvicorn.asgi: ::1:62211 - ASGI [7] Send {'type': 'http.response.body', 'body': '<45 bytes>', 'more_body': True}
2026-06-16 16:37:36,438 [TRACE] uvicorn.error: ::1:56630 - HTTP connection made
2026-06-16 16:37:36,440 [TRACE] uvicorn.asgi: ::1:56630 - ASGI [12] Started scope={'type': 'http', 'asgi': {'version': '3.0', 'spec_version': '2.3'}, 'http_version': '1.1', 'server': ('::1', 8003), 'client': ('::1', 56630), 'scheme': 'http', 'method': 'POST', 'root_path': '', 'path': '/mcp', 'raw_path': b'/mcp', 'query_string': b'', 'headers': '<...>', 'state': {}}
2026-06-16 16:37:36,441 [TRACE] uvicorn.asgi: ::1:56630 - ASGI [12] Send {'type': 'http.response.start', 'status': 307, 'headers': '<...>'}
2026-06-16 16:37:36,441 [INFO] uvicorn.access: ::1:56630 - "POST /mcp HTTP/1.1" 307
2026-06-16 16:37:36,441 [TRACE] uvicorn.asgi: ::1:56630 - ASGI [12] Send {'type': 'http.response.body', 'body': '<0 bytes>'}
2026-06-16 16:37:36,444 [TRACE] uvicorn.asgi: ::1:56630 - ASGI [12] Completed
2026-06-16 16:37:36,445 [TRACE] uvicorn.error: ::1:56630 - HTTP connection lost
2026-06-16 16:37:36,445 [TRACE] uvicorn.error: ::1:56631 - HTTP connection made
2026-06-16 16:37:36,449 [TRACE] uvicorn.asgi: ::1:56631 - ASGI [13] Started scope={'type': 'http', 'asgi': {'version': '3.0', 'spec_version': '2.3'}, 'http_version': '1.1', 'server': ('::1', 8003), 'client': ('::1', 56631), 'scheme': 'http', 'method': 'POST', 'root_path': '', 'path': '/mcp/', 'raw_path': b'/mcp/', 'query_string': b'', 'headers': '<...>', 'state': {}}
2026-06-16 16:37:36,452 [TRACE] uvicorn.asgi: ::1:56631 - ASGI [13] Receive {'type': 'http.request', 'body': '<138 bytes>', 'more_body': False}
2026-06-16 16:37:36,453 [TRACE] uvicorn.asgi: ::1:56631 - ASGI [13] Send {'type': 'http.response.start', 'status': 200, 'headers': '<...>'}
2026-06-16 16:37:36,453 [INFO] uvicorn.access: ::1:56631 - "POST /mcp/ HTTP/1.1" 200
2026-06-16 16:37:36,454 [INFO] mcp.server.lowlevel.server: Processing request of type ReadResourceRequest
2026-06-16 16:37:36,468 [TRACE] uvicorn.asgi: ::1:56631 - ASGI [13] Send {'type': 'http.response.body', 'body': '<773 bytes>', 'more_body': True}
2026-06-16 16:37:36,469 [TRACE] uvicorn.asgi: ::1:56631 - ASGI [13] Send {'type': 'http.response.body', 'body': '<0 bytes>', 'more_body': False}
2026-06-16 16:37:36,472 [TRACE] uvicorn.asgi: ::1:56631 - ASGI [13] Receive {'type': 'http.disconnect'}
2026-06-16 16:37:36,472 [TRACE] uvicorn.error: ::1:56631 - HTTP connection lost
2026-06-16 16:37:36,478 [TRACE] uvicorn.asgi: ::1:56631 - ASGI [13] Completed
2026-06-16 16:37:43,155 [TRACE] uvicorn.asgi: ::1:62211 - ASGI [7] Send {'type': 'http.response.body', 'body': '<45 bytes>', 'more_body': True}
2026-06-16 16:37:58,162 [TRACE] uvicorn.asgi: ::1:62211 - ASGI [7] Send {'type': 'http.response.body', 'body': '<45 bytes>', 'more_body': True}
2026-06-16 16:38:13,173 [TRACE] uvicorn.asgi: ::1:62211 - ASGI [7] Send {'type': 'http.response.body', 'body': '<45 bytes>', 'more_body': True}
2026-06-16 16:38:28,179 [TRACE] uvicorn.asgi: ::1:62211 - ASGI [7] Send {'type': 'http.response.body', 'body': '<45 bytes>', 'more_body': True}
2026-06-16 16:38:43,191 [TRACE] uvicorn.asgi: ::1:62211 - ASGI [7] Send {'type': 'http.response.body', 'body': '<45 bytes>', 'more_body': True}
2026-06-16 16:38:58,202 [TRACE] uvicorn.asgi: ::1:62211 - ASGI [7] Send {'type': 'http.response.body', 'body': '<45 bytes>', 'more_body': True}
2026-06-16 16:39:13,208 [TRACE] uvicorn.asgi: ::1:62211 - ASGI [7] Send {'type': 'http.response.body', 'body': '<45 bytes>', 'more_body': True}
2026-06-16 16:39:28,222 [TRACE] uvicorn.asgi: ::1:62211 - ASGI [7] Send {'type': 'http.response.body', 'body': '<45 bytes>', 'more_body': True}
2026-06-16 16:39:43,226 [TRACE] uvicorn.asgi: ::1:62211 - ASGI [7] Send {'type': 'http.response.body', 'body': '<45 bytes>', 'more_body': True}
2026-06-16 16:39:58,228 [TRACE] uvicorn.asgi: ::1:62211 - ASGI [7] Send {'type': 'http.response.body', 'body': '<45 bytes>', 'more_body': True}
2026-06-16 16:40:13,236 [TRACE] uvicorn.asgi: ::1:62211 - ASGI [7] Send {'type': 'http.response.body', 'body': '<45 bytes>', 'more_body': True}
2026-06-16 16:40:28,251 [TRACE] uvicorn.asgi: ::1:62211 - ASGI [7] Send {'type': 'http.response.body', 'body': '<45 bytes>', 'more_body': True}
2026-06-16 16:40:43,265 [TRACE] uvicorn.asgi: ::1:62211 - ASGI [7] Send {'type': 'http.response.body', 'body': '<45 bytes>', 'more_body': True}
2026-06-16 16:40:58,271 [TRACE] uvicorn.asgi: ::1:62211 - ASGI [7] Send {'type': 'http.response.body', 'body': '<45 bytes>', 'more_body': True}
2026-06-16 16:41:05,572 [TRACE] uvicorn.error: ::1:54997 - HTTP connection made
2026-06-16 16:41:05,573 [TRACE] uvicorn.asgi: ::1:54997 - ASGI [14] Started scope={'type': 'http', 'asgi': {'version': '3.0', 'spec_version': '2.3'}, 'http_version': '1.1', 'server': ('::1', 8003), 'client': ('::1', 54997), 'scheme': 'http', 'method': 'POST', 'root_path': '', 'path': '/mcp', 'raw_path': b'/mcp', 'query_string': b'', 'headers': '<...>', 'state': {}}
2026-06-16 16:41:05,573 [TRACE] uvicorn.asgi: ::1:54997 - ASGI [14] Send {'type': 'http.response.start', 'status': 307, 'headers': '<...>'}
2026-06-16 16:41:05,574 [INFO] uvicorn.access: ::1:54997 - "POST /mcp HTTP/1.1" 307
2026-06-16 16:41:05,574 [TRACE] uvicorn.asgi: ::1:54997 - ASGI [14] Send {'type': 'http.response.body', 'body': '<0 bytes>'}
2026-06-16 16:41:05,574 [TRACE] uvicorn.asgi: ::1:54997 - ASGI [14] Completed
2026-06-16 16:41:05,574 [TRACE] uvicorn.error: ::1:54997 - HTTP connection lost
2026-06-16 16:41:05,576 [TRACE] uvicorn.error: ::1:54998 - HTTP connection made
2026-06-16 16:41:05,576 [TRACE] uvicorn.asgi: ::1:54998 - ASGI [15] Started scope={'type': 'http', 'asgi': {'version': '3.0', 'spec_version': '2.3'}, 'http_version': '1.1', 'server': ('::1', 8003), 'client': ('::1', 54998), 'scheme': 'http', 'method': 'POST', 'root_path': '', 'path': '/mcp/', 'raw_path': b'/mcp/', 'query_string': b'', 'headers': '<...>', 'state': {}}
2026-06-16 16:41:05,577 [TRACE] uvicorn.asgi: ::1:54998 - ASGI [15] Receive {'type': 'http.request', 'body': '<87 bytes>', 'more_body': False}
2026-06-16 16:41:05,578 [TRACE] uvicorn.asgi: ::1:54998 - ASGI [15] Send {'type': 'http.response.start', 'status': 200, 'headers': '<...>'}
2026-06-16 16:41:05,578 [INFO] uvicorn.access: ::1:54998 - "POST /mcp/ HTTP/1.1" 200
2026-06-16 16:41:05,580 [INFO] mcp.server.lowlevel.server: Processing request of type ListPromptsRequest
2026-06-16 16:41:05,581 [TRACE] uvicorn.asgi: ::1:54998 - ASGI [15] Send {'type': 'http.response.body', 'body': '<405 bytes>', 'more_body': True}
2026-06-16 16:41:05,581 [TRACE] uvicorn.asgi: ::1:54998 - ASGI [15] Send {'type': 'http.response.body', 'body': '<0 bytes>', 'more_body': False}
2026-06-16 16:41:05,582 [TRACE] uvicorn.asgi: ::1:54998 - ASGI [15] Receive {'type': 'http.disconnect'}
2026-06-16 16:41:05,582 [TRACE] uvicorn.error: ::1:54998 - HTTP connection lost
2026-06-16 16:41:05,582 [TRACE] uvicorn.asgi: ::1:54998 - ASGI [15] Completed
2026-06-16 16:41:10,072 [TRACE] uvicorn.error: ::1:55000 - HTTP connection made
2026-06-16 16:41:10,073 [TRACE] uvicorn.asgi: ::1:55000 - ASGI [16] Started scope={'type': 'http', 'asgi': {'version': '3.0', 'spec_version': '2.3'}, 'http_version': '1.1', 'server': ('::1', 8003), 'client': ('::1', 55000), 'scheme': 'http', 'method': 'POST', 'root_path': '', 'path': '/mcp', 'raw_path': b'/mcp', 'query_string': b'', 'headers': '<...>', 'state': {}}
2026-06-16 16:41:10,073 [TRACE] uvicorn.asgi: ::1:55000 - ASGI [16] Send {'type': 'http.response.start', 'status': 307, 'headers': '<...>'}
2026-06-16 16:41:10,073 [INFO] uvicorn.access: ::1:55000 - "POST /mcp HTTP/1.1" 307
2026-06-16 16:41:10,073 [TRACE] uvicorn.asgi: ::1:55000 - ASGI [16] Send {'type': 'http.response.body', 'body': '<0 bytes>'}
2026-06-16 16:41:10,074 [TRACE] uvicorn.asgi: ::1:55000 - ASGI [16] Completed
2026-06-16 16:41:10,074 [TRACE] uvicorn.error: ::1:55000 - HTTP connection lost
2026-06-16 16:41:10,076 [TRACE] uvicorn.error: ::1:55001 - HTTP connection made
2026-06-16 16:41:10,076 [TRACE] uvicorn.asgi: ::1:55001 - ASGI [17] Started scope={'type': 'http', 'asgi': {'version': '3.0', 'spec_version': '2.3'}, 'http_version': '1.1', 'server': ('::1', 8003), 'client': ('::1', 55001), 'scheme': 'http', 'method': 'POST', 'root_path': '', 'path': '/mcp/', 'raw_path': b'/mcp/', 'query_string': b'', 'headers': '<...>', 'state': {}}
2026-06-16 16:41:10,076 [TRACE] uvicorn.asgi: ::1:55001 - ASGI [17] Receive {'type': 'http.request', 'body': '<130 bytes>', 'more_body': False}
2026-06-16 16:41:10,077 [TRACE] uvicorn.asgi: ::1:55001 - ASGI [17] Send {'type': 'http.response.start', 'status': 200, 'headers': '<...>'}
2026-06-16 16:41:10,077 [INFO] uvicorn.access: ::1:55001 - "POST /mcp/ HTTP/1.1" 200
2026-06-16 16:41:10,078 [INFO] mcp.server.lowlevel.server: Processing request of type GetPromptRequest
2026-06-16 16:41:10,083 [TRACE] uvicorn.asgi: ::1:55001 - ASGI [17] Send {'type': 'http.response.body', 'body': '<520 bytes>', 'more_body': True}
2026-06-16 16:41:10,084 [TRACE] uvicorn.asgi: ::1:55001 - ASGI [17] Send {'type': 'http.response.body', 'body': '<0 bytes>', 'more_body': False}
2026-06-16 16:41:10,087 [TRACE] uvicorn.asgi: ::1:55001 - ASGI [17] Receive {'type': 'http.disconnect'}
2026-06-16 16:41:10,087 [TRACE] uvicorn.error: ::1:55001 - HTTP connection lost
2026-06-16 16:41:10,088 [TRACE] uvicorn.asgi: ::1:55001 - ASGI [17] Completed
2026-06-16 16:41:13,278 [TRACE] uvicorn.asgi: ::1:62211 - ASGI [7] Send {'type': 'http.response.body', 'body': '<45 bytes>', 'more_body': True}
2026-06-16 16:41:28,296 [TRACE] uvicorn.asgi: ::1:62211 - ASGI [7] Send {'type': 'http.response.body', 'body': '<45 bytes>', 'more_body': True}
2026-06-16 16:41:43,306 [TRACE] uvicorn.asgi: ::1:62211 - ASGI [7] Send {'type': 'http.response.body', 'body': '<45 bytes>', 'more_body': True}
2026-06-16 16:41:48,050 [TRACE] uvicorn.error: ::1:55821 - HTTP connection made
2026-06-16 16:41:48,050 [TRACE] uvicorn.asgi: ::1:55821 - ASGI [18] Started scope={'type': 'http', 'asgi': {'version': '3.0', 'spec_version': '2.3'}, 'http_version': '1.1', 'server': ('::1', 8003), 'client': ('::1', 55821), 'scheme': 'http', 'method': 'POST', 'root_path': '', 'path': '/mcp', 'raw_path': b'/mcp', 'query_string': b'', 'headers': '<...>', 'state': {}}
2026-06-16 16:41:48,051 [TRACE] uvicorn.asgi: ::1:55821 - ASGI [18] Send {'type': 'http.response.start', 'status': 307, 'headers': '<...>'}
2026-06-16 16:41:48,051 [INFO] uvicorn.access: ::1:55821 - "POST /mcp HTTP/1.1" 307
2026-06-16 16:41:48,051 [TRACE] uvicorn.asgi: ::1:55821 - ASGI [18] Send {'type': 'http.response.body', 'body': '<0 bytes>'}
2026-06-16 16:41:48,051 [TRACE] uvicorn.asgi: ::1:55821 - ASGI [18] Completed
2026-06-16 16:41:48,052 [TRACE] uvicorn.error: ::1:55821 - HTTP connection lost
2026-06-16 16:41:48,054 [TRACE] uvicorn.error: ::1:55822 - HTTP connection made
2026-06-16 16:41:48,054 [TRACE] uvicorn.asgi: ::1:55822 - ASGI [19] Started scope={'type': 'http', 'asgi': {'version': '3.0', 'spec_version': '2.3'}, 'http_version': '1.1', 'server': ('::1', 8003), 'client': ('::1', 55822), 'scheme': 'http', 'method': 'POST', 'root_path': '', 'path': '/mcp/', 'raw_path': b'/mcp/', 'query_string': b'', 'headers': '<...>', 'state': {}}
2026-06-16 16:41:48,055 [TRACE] uvicorn.asgi: ::1:55822 - ASGI [19] Receive {'type': 'http.request', 'body': '<130 bytes>', 'more_body': False}
2026-06-16 16:41:48,055 [TRACE] uvicorn.asgi: ::1:55822 - ASGI [19] Send {'type': 'http.response.start', 'status': 200, 'headers': '<...>'}
2026-06-16 16:41:48,055 [INFO] uvicorn.access: ::1:55822 - "POST /mcp/ HTTP/1.1" 200
2026-06-16 16:41:48,056 [INFO] mcp.server.lowlevel.server: Processing request of type GetPromptRequest
2026-06-16 16:41:48,058 [TRACE] uvicorn.asgi: ::1:55822 - ASGI [19] Send {'type': 'http.response.body', 'body': '<541 bytes>', 'more_body': True}
2026-06-16 16:41:48,059 [TRACE] uvicorn.asgi: ::1:55822 - ASGI [19] Send {'type': 'http.response.body', 'body': '<0 bytes>', 'more_body': False}
2026-06-16 16:41:48,059 [TRACE] uvicorn.asgi: ::1:55822 - ASGI [19] Receive {'type': 'http.disconnect'}
2026-06-16 16:41:48,059 [TRACE] uvicorn.error: ::1:55822 - HTTP connection lost
2026-06-16 16:41:48,060 [TRACE] uvicorn.asgi: ::1:55822 - ASGI [19] Completed
2026-06-16 16:41:58,310 [TRACE] uvicorn.asgi: ::1:62211 - ASGI [7] Send {'type': 'http.response.body', 'body': '<45 bytes>', 'more_body': True}
2026-06-16 16:42:13,316 [TRACE] uvicorn.asgi: ::1:62211 - ASGI [7] Send {'type': 'http.response.body', 'body': '<45 bytes>', 'more_body': True}
2026-06-16 16:42:28,327 [TRACE] uvicorn.asgi: ::1:62211 - ASGI [7] Send {'type': 'http.response.body', 'body': '<45 bytes>', 'more_body': True}
2026-06-16 16:42:43,340 [TRACE] uvicorn.asgi: ::1:62211 - ASGI [7] Send {'type': 'http.response.body', 'body': '<45 bytes>', 'more_body': True}
2026-06-16 16:42:58,343 [TRACE] uvicorn.asgi: ::1:62211 - ASGI [7] Send {'type': 'http.response.body', 'body': '<45 bytes>', 'more_body': True}
2026-06-16 16:43:13,359 [TRACE] uvicorn.asgi: ::1:62211 - ASGI [7] Send {'type': 'http.response.body', 'body': '<45 bytes>', 'more_body': True}
2026-06-16 16:43:24,697 [TRACE] uvicorn.error: ::1:62395 - HTTP connection made
2026-06-16 16:43:24,699 [TRACE] uvicorn.asgi: ::1:62395 - ASGI [20] Started scope={'type': 'http', 'asgi': {'version': '3.0', 'spec_version': '2.3'}, 'http_version': '1.1', 'server': ('::1', 8003), 'client': ('::1', 62395), 'scheme': 'http', 'method': 'POST', 'root_path': '', 'path': '/mcp', 'raw_path': b'/mcp', 'query_string': b'', 'headers': '<...>', 'state': {}}
2026-06-16 16:43:24,700 [TRACE] uvicorn.asgi: ::1:62395 - ASGI [20] Send {'type': 'http.response.start', 'status': 307, 'headers': '<...>'}
2026-06-16 16:43:24,700 [INFO] uvicorn.access: ::1:62395 - "POST /mcp HTTP/1.1" 307
2026-06-16 16:43:24,700 [TRACE] uvicorn.asgi: ::1:62395 - ASGI [20] Send {'type': 'http.response.body', 'body': '<0 bytes>'}
2026-06-16 16:43:24,703 [TRACE] uvicorn.asgi: ::1:62395 - ASGI [20] Completed
2026-06-16 16:43:24,703 [TRACE] uvicorn.error: ::1:62395 - HTTP connection lost
2026-06-16 16:43:24,703 [TRACE] uvicorn.error: ::1:62396 - HTTP connection made
2026-06-16 16:43:24,704 [TRACE] uvicorn.asgi: ::1:62396 - ASGI [21] Started scope={'type': 'http', 'asgi': {'version': '3.0', 'spec_version': '2.3'}, 'http_version': '1.1', 'server': ('::1', 8003), 'client': ('::1', 62396), 'scheme': 'http', 'method': 'POST', 'root_path': '', 'path': '/mcp/', 'raw_path': b'/mcp/', 'query_string': b'', 'headers': '<...>', 'state': {}}
2026-06-16 16:43:24,704 [TRACE] uvicorn.asgi: ::1:62396 - ASGI [21] Receive {'type': 'http.request', 'body': '<85 bytes>', 'more_body': False}
2026-06-16 16:43:24,705 [TRACE] uvicorn.asgi: ::1:62396 - ASGI [21] Send {'type': 'http.response.start', 'status': 200, 'headers': '<...>'}
2026-06-16 16:43:24,708 [INFO] uvicorn.access: ::1:62396 - "POST /mcp/ HTTP/1.1" 200
2026-06-16 16:43:24,709 [INFO] mcp.server.lowlevel.server: Processing request of type ListToolsRequest
2026-06-16 16:43:24,711 [TRACE] uvicorn.asgi: ::1:62396 - ASGI [21] Send {'type': 'http.response.body', 'body': '<791 bytes>', 'more_body': True}
2026-06-16 16:43:24,715 [TRACE] uvicorn.asgi: ::1:62396 - ASGI [21] Send {'type': 'http.response.body', 'body': '<0 bytes>', 'more_body': False}
2026-06-16 16:43:24,720 [TRACE] uvicorn.asgi: ::1:62396 - ASGI [21] Receive {'type': 'http.disconnect'}
2026-06-16 16:43:24,720 [TRACE] uvicorn.error: ::1:62396 - HTTP connection lost
2026-06-16 16:43:24,720 [TRACE] uvicorn.asgi: ::1:62396 - ASGI [21] Completed
2026-06-16 16:43:28,366 [TRACE] uvicorn.asgi: ::1:62211 - ASGI [7] Send {'type': 'http.response.body', 'body': '<45 bytes>', 'more_body': True}
2026-06-16 16:43:43,375 [TRACE] uvicorn.asgi: ::1:62211 - ASGI [7] Send {'type': 'http.response.body', 'body': '<45 bytes>', 'more_body': True}
2026-06-16 16:43:58,388 [TRACE] uvicorn.asgi: ::1:62211 - ASGI [7] Send {'type': 'http.response.body', 'body': '<45 bytes>', 'more_body': True}
2026-06-16 16:44:13,403 [TRACE] uvicorn.asgi: ::1:62211 - ASGI [7] Send {'type': 'http.response.body', 'body': '<45 bytes>', 'more_body': True}
2026-06-16 16:44:28,413 [TRACE] uvicorn.asgi: ::1:62211 - ASGI [7] Send {'type': 'http.response.body', 'body': '<45 bytes>', 'more_body': True}
2026-06-16 16:44:39,429 [TRACE] uvicorn.error: ::1:63904 - HTTP connection made
2026-06-16 16:44:39,430 [TRACE] uvicorn.asgi: ::1:63904 - ASGI [22] Started scope={'type': 'http', 'asgi': {'version': '3.0', 'spec_version': '2.3'}, 'http_version': '1.1', 'server': ('::1', 8003), 'client': ('::1', 63904), 'scheme': 'http', 'method': 'POST', 'root_path': '', 'path': '/mcp', 'raw_path': b'/mcp', 'query_string': b'', 'headers': '<...>', 'state': {}}
2026-06-16 16:44:39,430 [TRACE] uvicorn.asgi: ::1:63904 - ASGI [22] Send {'type': 'http.response.start', 'status': 307, 'headers': '<...>'}
2026-06-16 16:44:39,430 [INFO] uvicorn.access: ::1:63904 - "POST /mcp HTTP/1.1" 307
2026-06-16 16:44:39,431 [TRACE] uvicorn.asgi: ::1:63904 - ASGI [22] Send {'type': 'http.response.body', 'body': '<0 bytes>'}
2026-06-16 16:44:39,431 [TRACE] uvicorn.asgi: ::1:63904 - ASGI [22] Completed
2026-06-16 16:44:39,431 [TRACE] uvicorn.error: ::1:63904 - HTTP connection lost
2026-06-16 16:44:39,433 [TRACE] uvicorn.error: ::1:63905 - HTTP connection made
2026-06-16 16:44:39,434 [TRACE] uvicorn.asgi: ::1:63905 - ASGI [23] Started scope={'type': 'http', 'asgi': {'version': '3.0', 'spec_version': '2.3'}, 'http_version': '1.1', 'server': ('::1', 8003), 'client': ('::1', 63905), 'scheme': 'http', 'method': 'POST', 'root_path': '', 'path': '/mcp/', 'raw_path': b'/mcp/', 'query_string': b'', 'headers': '<...>', 'state': {}}
2026-06-16 16:44:39,435 [TRACE] uvicorn.asgi: ::1:63905 - ASGI [23] Receive {'type': 'http.request', 'body': '<170 bytes>', 'more_body': False}
2026-06-16 16:44:39,435 [TRACE] uvicorn.asgi: ::1:63905 - ASGI [23] Send {'type': 'http.response.start', 'status': 200, 'headers': '<...>'}
2026-06-16 16:44:39,435 [INFO] uvicorn.access: ::1:63905 - "POST /mcp/ HTTP/1.1" 200
2026-06-16 16:44:39,436 [INFO] mcp.server.lowlevel.server: Processing request of type CallToolRequest
2026-06-16 16:44:39,445 [INFO] httpx: HTTP Request: POST http://fastapi/monitor-shipment "HTTP/1.1 200 OK"
2026-06-16 16:44:39,447 [TRACE] uvicorn.asgi: ::1:63905 - ASGI [23] Send {'type': 'http.response.body', 'body': '<744 bytes>', 'more_body': True}
2026-06-16 16:44:39,448 [TRACE] uvicorn.asgi: ::1:63905 - ASGI [23] Send {'type': 'http.response.body', 'body': '<0 bytes>', 'more_body': False}
2026-06-16 16:44:39,449 [TRACE] uvicorn.asgi: ::1:63905 - ASGI [23] Receive {'type': 'http.disconnect'}
2026-06-16 16:44:39,449 [TRACE] uvicorn.error: ::1:63905 - HTTP connection lost
2026-06-16 16:44:39,449 [TRACE] uvicorn.asgi: ::1:63905 - ASGI [23] Completed
2026-06-16 16:44:43,422 [TRACE] uvicorn.asgi: ::1:62211 - ASGI [7] Send {'type': 'http.response.body', 'body': '<45 bytes>', 'more_body': True}
2026-06-16 16:44:58,437 [TRACE] uvicorn.asgi: ::1:62211 - ASGI [7] Send {'type': 'http.response.body', 'body': '<45 bytes>', 'more_body': True}
2026-06-16 16:45:13,446 [TRACE] uvicorn.asgi: ::1:62211 - ASGI [7] Send {'type': 'http.response.body', 'body': '<45 bytes>', 'more_body': True}
2026-06-16 16:45:28,448 [TRACE] uvicorn.asgi: ::1:62211 - ASGI [7] Send {'type': 'http.response.body', 'body': '<45 bytes>', 'more_body': True}
2026-06-16 16:45:43,140 [TRACE] uvicorn.error: ::1:61144 - HTTP connection made
2026-06-16 16:45:43,140 [TRACE] uvicorn.asgi: ::1:61144 - ASGI [24] Started scope={'type': 'http', 'asgi': {'version': '3.0', 'spec_version': '2.3'}, 'http_version': '1.1', 'server': ('::1', 8003), 'client': ('::1', 61144), 'scheme': 'http', 'method': 'POST', 'root_path': '', 'path': '/mcp', 'raw_path': b'/mcp', 'query_string': b'', 'headers': '<...>', 'state': {}}
2026-06-16 16:45:43,140 [TRACE] uvicorn.asgi: ::1:61144 - ASGI [24] Send {'type': 'http.response.start', 'status': 307, 'headers': '<...>'}
2026-06-16 16:45:43,141 [INFO] uvicorn.access: ::1:61144 - "POST /mcp HTTP/1.1" 307
2026-06-16 16:45:43,141 [TRACE] uvicorn.asgi: ::1:61144 - ASGI [24] Send {'type': 'http.response.body', 'body': '<0 bytes>'}
2026-06-16 16:45:43,141 [TRACE] uvicorn.asgi: ::1:61144 - ASGI [24] Completed
2026-06-16 16:45:43,142 [TRACE] uvicorn.error: ::1:61144 - HTTP connection lost
2026-06-16 16:45:43,143 [TRACE] uvicorn.error: ::1:61145 - HTTP connection made
2026-06-16 16:45:43,143 [TRACE] uvicorn.asgi: ::1:61145 - ASGI [25] Started scope={'type': 'http', 'asgi': {'version': '3.0', 'spec_version': '2.3'}, 'http_version': '1.1', 'server': ('::1', 8003), 'client': ('::1', 61145), 'scheme': 'http', 'method': 'POST', 'root_path': '', 'path': '/mcp/', 'raw_path': b'/mcp/', 'query_string': b'', 'headers': '<...>', 'state': {}}
2026-06-16 16:45:43,143 [TRACE] uvicorn.asgi: ::1:61145 - ASGI [25] Receive {'type': 'http.request', 'body': '<213 bytes>', 'more_body': False}
2026-06-16 16:45:43,144 [TRACE] uvicorn.asgi: ::1:61145 - ASGI [25] Send {'type': 'http.response.start', 'status': 200, 'headers': '<...>'}
2026-06-16 16:45:43,144 [INFO] uvicorn.access: ::1:61145 - "POST /mcp/ HTTP/1.1" 200
2026-06-16 16:45:43,145 [INFO] mcp.server.lowlevel.server: Processing request of type CallToolRequest
2026-06-16 16:45:43,149 [INFO] httpx: HTTP Request: POST http://fastapi/generate-delay-communication "HTTP/1.1 200 OK"
2026-06-16 16:45:43,158 [TRACE] uvicorn.asgi: ::1:61145 - ASGI [25] Send {'type': 'http.response.body', 'body': '<1416 bytes>', 'more_body': True}
2026-06-16 16:45:43,158 [TRACE] uvicorn.asgi: ::1:61145 - ASGI [25] Send {'type': 'http.response.body', 'body': '<0 bytes>', 'more_body': False}
2026-06-16 16:45:43,159 [TRACE] uvicorn.asgi: ::1:61145 - ASGI [25] Receive {'type': 'http.disconnect'}
2026-06-16 16:45:43,160 [TRACE] uvicorn.error: ::1:61145 - HTTP connection lost
2026-06-16 16:45:43,160 [TRACE] uvicorn.asgi: ::1:61145 - ASGI [25] Completed
2026-06-16 16:45:43,463 [TRACE] uvicorn.asgi: ::1:62211 - ASGI [7] Send {'type': 'http.response.body', 'body': '<45 bytes>', 'more_body': True}
2026-06-16 16:45:58,487 [TRACE] uvicorn.asgi: ::1:62211 - ASGI [7] Send {'type': 'http.response.body', 'body': '<45 bytes>', 'more_body': True}
2026-06-16 16:46:13,495 [TRACE] uvicorn.asgi: ::1:62211 - ASGI [7] Send {'type': 'http.response.body', 'body': '<45 bytes>', 'more_body': True}
2026-06-16 16:46:28,501 [TRACE] uvicorn.asgi: ::1:62211 - ASGI [7] Send {'type': 'http.response.body', 'body': '<45 bytes>', 'more_body': True}
2026-06-16 16:46:43,511 [TRACE] uvicorn.asgi: ::1:62211 - ASGI [7] Send {'type': 'http.response.body', 'body': '<45 bytes>', 'more_body': True}
2026-06-16 16:46:58,528 [TRACE] uvicorn.asgi: ::1:62211 - ASGI [7] Send {'type': 'http.response.body', 'body': '<45 bytes>', 'more_body': True}
2026-06-16 16:47:13,544 [TRACE] uvicorn.asgi: ::1:62211 - ASGI [7] Send {'type': 'http.response.body', 'body': '<45 bytes>', 'more_body': True}
2026-06-16 16:47:28,550 [TRACE] uvicorn.asgi: ::1:62211 - ASGI [7] Send {'type': 'http.response.body', 'body': '<45 bytes>', 'more_body': True}
2026-06-16 16:47:43,566 [TRACE] uvicorn.asgi: ::1:62211 - ASGI [7] Send {'type': 'http.response.body', 'body': '<45 bytes>', 'more_body': True}
2026-06-16 16:47:58,581 [TRACE] uvicorn.asgi: ::1:62211 - ASGI [7] Send {'type': 'http.response.body', 'body': '<45 bytes>', 'more_body': True}
2026-06-16 16:48:13,594 [TRACE] uvicorn.asgi: ::1:62211 - ASGI [7] Send {'type': 'http.response.body', 'body': '<45 bytes>', 'more_body': True}
2026-06-16 16:48:28,601 [TRACE] uvicorn.asgi: ::1:62211 - ASGI [7] Send {'type': 'http.response.body', 'body': '<45 bytes>', 'more_body': True}
2026-06-16 16:48:43,617 [TRACE] uvicorn.asgi: ::1:62211 - ASGI [7] Send {'type': 'http.response.body', 'body': '<45 bytes>', 'more_body': True}
2026-06-16 16:48:58,619 [TRACE] uvicorn.asgi: ::1:62211 - ASGI [7] Send {'type': 'http.response.body', 'body': '<45 bytes>', 'more_body': True}
2026-06-16 16:49:13,633 [TRACE] uvicorn.asgi: ::1:62211 - ASGI [7] Send {'type': 'http.response.body', 'body': '<45 bytes>', 'more_body': True}
2026-06-16 16:49:28,642 [TRACE] uvicorn.asgi: ::1:62211 - ASGI [7] Send {'type': 'http.response.body', 'body': '<45 bytes>', 'more_body': True}
2026-06-16 16:49:43,656 [TRACE] uvicorn.asgi: ::1:62211 - ASGI [7] Send {'type': 'http.response.body', 'body': '<45 bytes>', 'more_body': True}
2026-06-16 16:49:58,669 [TRACE] uvicorn.asgi: ::1:62211 - ASGI [7] Send {'type': 'http.response.body', 'body': '<45 bytes>', 'more_body': True}
2026-06-16 16:50:13,682 [TRACE] uvicorn.asgi: ::1:62211 - ASGI [7] Send {'type': 'http.response.body', 'body': '<45 bytes>', 'more_body': True}
2026-06-16 16:50:28,685 [TRACE] uvicorn.asgi: ::1:62211 - ASGI [7] Send {'type': 'http.response.body', 'body': '<45 bytes>', 'more_body': True}
2026-06-16 16:50:43,694 [TRACE] uvicorn.asgi: ::1:62211 - ASGI [7] Send {'type': 'http.response.body', 'body': '<45 bytes>', 'more_body': True}
2026-06-16 16:50:58,702 [TRACE] uvicorn.asgi: ::1:62211 - ASGI [7] Send {'type': 'http.response.body', 'body': '<45 bytes>', 'more_body': True}
2026-06-16 16:51:13,714 [TRACE] uvicorn.asgi: ::1:62211 - ASGI [7] Send {'type': 'http.response.body', 'body': '<45 bytes>', 'more_body': True}
2026-06-16 16:51:28,722 [TRACE] uvicorn.asgi: ::1:62211 - ASGI [7] Send {'type': 'http.response.body', 'body': '<45 bytes>', 'more_body': True}
2026-06-16 16:51:43,735 [TRACE] uvicorn.asgi: ::1:62211 - ASGI [7] Send {'type': 'http.response.body', 'body': '<45 bytes>', 'more_body': True}
2026-06-16 16:51:58,738 [TRACE] uvicorn.asgi: ::1:62211 - ASGI [7] Send {'type': 'http.response.body', 'body': '<45 bytes>', 'more_body': True}
2026-06-16 16:52:13,741 [TRACE] uvicorn.asgi: ::1:62211 - ASGI [7] Send {'type': 'http.response.body', 'body': '<45 bytes>', 'more_body': True}
2026-06-16 16:52:28,745 [TRACE] uvicorn.asgi: ::1:62211 - ASGI [7] Send {'type': 'http.response.body', 'body': '<45 bytes>', 'more_body': True}
2026-06-16 16:52:43,747 [TRACE] uvicorn.asgi: ::1:62211 - ASGI [7] Send {'type': 'http.response.body', 'body': '<45 bytes>', 'more_body': True}
2026-06-16 16:52:58,770 [TRACE] uvicorn.asgi: ::1:62211 - ASGI [7] Send {'type': 'http.response.body', 'body': '<45 bytes>', 'more_body': True}
2026-06-16 16:53:13,775 [TRACE] uvicorn.asgi: ::1:62211 - ASGI [7] Send {'type': 'http.response.body', 'body': '<45 bytes>', 'more_body': True}
2026-06-16 16:53:28,784 [TRACE] uvicorn.asgi: ::1:62211 - ASGI [7] Send {'type': 'http.response.body', 'body': '<45 bytes>', 'more_body': True}
2026-06-16 16:53:43,794 [TRACE] uvicorn.asgi: ::1:62211 - ASGI [7] Send {'type': 'http.response.body', 'body': '<45 bytes>', 'more_body': True}
2026-06-16 16:53:58,815 [TRACE] uvicorn.asgi: ::1:62211 - ASGI [7] Send {'type': 'http.response.body', 'body': '<45 bytes>', 'more_body': True}
2026-06-16 16:53:59,217 [TRACE] uvicorn.error: ::1:55300 - HTTP connection made
2026-06-16 16:53:59,218 [TRACE] uvicorn.asgi: ::1:55300 - ASGI [26] Started scope={'type': 'http', 'asgi': {'version': '3.0', 'spec_version': '2.3'}, 'http_version': '1.1', 'server': ('::1', 8003), 'client': ('::1', 55300), 'scheme': 'http', 'method': 'POST', 'root_path': '', 'path': '/mcp', 'raw_path': b'/mcp', 'query_string': b'', 'headers': '<...>', 'state': {}}
2026-06-16 16:53:59,219 [TRACE] uvicorn.asgi: ::1:55300 - ASGI [26] Send {'type': 'http.response.start', 'status': 307, 'headers': '<...>'}
2026-06-16 16:53:59,219 [INFO] uvicorn.access: ::1:55300 - "POST /mcp HTTP/1.1" 307
2026-06-16 16:53:59,219 [TRACE] uvicorn.asgi: ::1:55300 - ASGI [26] Send {'type': 'http.response.body', 'body': '<0 bytes>'}
2026-06-16 16:53:59,220 [TRACE] uvicorn.asgi: ::1:55300 - ASGI [26] Completed
2026-06-16 16:53:59,220 [TRACE] uvicorn.error: ::1:55300 - HTTP connection lost
2026-06-16 16:53:59,221 [TRACE] uvicorn.error: ::1:55301 - HTTP connection made
2026-06-16 16:53:59,222 [TRACE] uvicorn.asgi: ::1:55301 - ASGI [27] Started scope={'type': 'http', 'asgi': {'version': '3.0', 'spec_version': '2.3'}, 'http_version': '1.1', 'server': ('::1', 8003), 'client': ('::1', 55301), 'scheme': 'http', 'method': 'POST', 'root_path': '', 'path': '/mcp/', 'raw_path': b'/mcp/', 'query_string': b'', 'headers': '<...>', 'state': {}}
2026-06-16 16:53:59,222 [TRACE] uvicorn.asgi: ::1:55301 - ASGI [27] Receive {'type': 'http.request', 'body': '<172 bytes>', 'more_body': False}
2026-06-16 16:53:59,223 [TRACE] uvicorn.asgi: ::1:55301 - ASGI [27] Send {'type': 'http.response.start', 'status': 200, 'headers': '<...>'}
2026-06-16 16:53:59,224 [INFO] uvicorn.access: ::1:55301 - "POST /mcp/ HTTP/1.1" 200
2026-06-16 16:53:59,231 [INFO] mcp.server.lowlevel.server: Processing request of type CallToolRequest
2026-06-16 16:53:59,244 [INFO] httpx: HTTP Request: POST http://fastapi/monitor-shipment "HTTP/1.1 404 Not Found"
2026-06-16 16:53:59,430 [TRACE] uvicorn.asgi: ::1:55301 - ASGI [27] Send {'type': 'http.response.body', 'body': '<247 bytes>', 'more_body': True}
2026-06-16 16:53:59,431 [TRACE] uvicorn.asgi: ::1:55301 - ASGI [27] Send {'type': 'http.response.body', 'body': '<0 bytes>', 'more_body': False}
2026-06-16 16:53:59,431 [TRACE] uvicorn.asgi: ::1:55301 - ASGI [27] Receive {'type': 'http.disconnect'}
2026-06-16 16:53:59,432 [TRACE] uvicorn.error: ::1:55301 - HTTP connection lost
2026-06-16 16:53:59,433 [TRACE] uvicorn.asgi: ::1:55301 - ASGI [27] Completed
2026-06-16 16:54:13,833 [TRACE] uvicorn.asgi: ::1:62211 - ASGI [7] Send {'type': 'http.response.body', 'body': '<45 bytes>', 'more_body': True}
2026-06-16 16:54:28,840 [TRACE] uvicorn.asgi: ::1:62211 - ASGI [7] Send {'type': 'http.response.body', 'body': '<45 bytes>', 'more_body': True}
2026-06-16 16:54:43,842 [TRACE] uvicorn.asgi: ::1:62211 - ASGI [7] Send {'type': 'http.response.body', 'body': '<45 bytes>', 'more_body': True}
2026-06-16 16:54:58,854 [TRACE] uvicorn.asgi: ::1:62211 - ASGI [7] Send {'type': 'http.response.body', 'body': '<45 bytes>', 'more_body': True}
2026-06-16 16:55:13,871 [TRACE] uvicorn.asgi: ::1:62211 - ASGI [7] Send {'type': 'http.response.body', 'body': '<45 bytes>', 'more_body': True}
2026-06-16 16:55:28,876 [TRACE] uvicorn.asgi: ::1:62211 - ASGI [7] Send {'type': 'http.response.body', 'body': '<45 bytes>', 'more_body': True}
2026-06-16 16:55:33,959 [TRACE] uvicorn.error: ::1:57672 - HTTP connection made
2026-06-16 16:55:33,960 [TRACE] uvicorn.asgi: ::1:57672 - ASGI [28] Started scope={'type': 'http', 'asgi': {'version': '3.0', 'spec_version': '2.3'}, 'http_version': '1.1', 'server': ('::1', 8003), 'client': ('::1', 57672), 'scheme': 'http', 'method': 'POST', 'root_path': '', 'path': '/mcp', 'raw_path': b'/mcp', 'query_string': b'', 'headers': '<...>', 'state': {}}
2026-06-16 16:55:33,960 [TRACE] uvicorn.asgi: ::1:57672 - ASGI [28] Send {'type': 'http.response.start', 'status': 307, 'headers': '<...>'}
2026-06-16 16:55:33,960 [INFO] uvicorn.access: ::1:57672 - "POST /mcp HTTP/1.1" 307
2026-06-16 16:55:33,961 [TRACE] uvicorn.asgi: ::1:57672 - ASGI [28] Send {'type': 'http.response.body', 'body': '<0 bytes>'}
2026-06-16 16:55:33,961 [TRACE] uvicorn.asgi: ::1:57672 - ASGI [28] Completed
2026-06-16 16:55:33,961 [TRACE] uvicorn.error: ::1:57672 - HTTP connection lost
2026-06-16 16:55:33,963 [TRACE] uvicorn.error: ::1:57673 - HTTP connection made
2026-06-16 16:55:33,964 [TRACE] uvicorn.asgi: ::1:57673 - ASGI [29] Started scope={'type': 'http', 'asgi': {'version': '3.0', 'spec_version': '2.3'}, 'http_version': '1.1', 'server': ('::1', 8003), 'client': ('::1', 57673), 'scheme': 'http', 'method': 'POST', 'root_path': '', 'path': '/mcp/', 'raw_path': b'/mcp/', 'query_string': b'', 'headers': '<...>', 'state': {}}
2026-06-16 16:55:33,965 [TRACE] uvicorn.asgi: ::1:57673 - ASGI [29] Receive {'type': 'http.request', 'body': '<214 bytes>', 'more_body': False}
2026-06-16 16:55:33,966 [TRACE] uvicorn.asgi: ::1:57673 - ASGI [29] Send {'type': 'http.response.start', 'status': 200, 'headers': '<...>'}
2026-06-16 16:55:33,966 [INFO] uvicorn.access: ::1:57673 - "POST /mcp/ HTTP/1.1" 200
2026-06-16 16:55:33,967 [INFO] mcp.server.lowlevel.server: Processing request of type CallToolRequest
2026-06-16 16:55:33,971 [INFO] httpx: HTTP Request: POST http://fastapi/generate-delay-communication "HTTP/1.1 422 Unprocessable Entity"
2026-06-16 16:55:34,069 [TRACE] uvicorn.asgi: ::1:57673 - ASGI [29] Send {'type': 'http.response.body', 'body': '<418 bytes>', 'more_body': True}
2026-06-16 16:55:34,070 [TRACE] uvicorn.asgi: ::1:57673 - ASGI [29] Send {'type': 'http.response.body', 'body': '<0 bytes>', 'more_body': False}
2026-06-16 16:55:34,070 [TRACE] uvicorn.asgi: ::1:57673 - ASGI [29] Receive {'type': 'http.disconnect'}
2026-06-16 16:55:34,070 [TRACE] uvicorn.error: ::1:57673 - HTTP connection lost
2026-06-16 16:55:34,071 [TRACE] uvicorn.asgi: ::1:57673 - ASGI [29] Completed
2026-06-16 16:55:43,889 [TRACE] uvicorn.asgi: ::1:62211 - ASGI [7] Send {'type': 'http.response.body', 'body': '<45 bytes>', 'more_body': True}
2026-06-16 16:55:58,898 [TRACE] uvicorn.asgi: ::1:62211 - ASGI [7] Send {'type': 'http.response.body', 'body': '<45 bytes>', 'more_body': True}
2026-06-16 16:56:13,912 [TRACE] uvicorn.asgi: ::1:62211 - ASGI [7] Send {'type': 'http.response.body', 'body': '<45 bytes>', 'more_body': True}
2026-06-16 16:56:28,918 [TRACE] uvicorn.asgi: ::1:62211 - ASGI [7] Send {'type': 'http.response.body', 'body': '<45 bytes>', 'more_body': True}
2026-06-16 16:56:43,923 [TRACE] uvicorn.asgi: ::1:62211 - ASGI [7] Send {'type': 'http.response.body', 'body': '<45 bytes>', 'more_body': True}
2026-06-16 16:56:58,930 [TRACE] uvicorn.asgi: ::1:62211 - ASGI [7] Send {'type': 'http.response.body', 'body': '<45 bytes>', 'more_body': True}
2026-06-16 16:57:13,936 [TRACE] uvicorn.asgi: ::1:62211 - ASGI [7] Send {'type': 'http.response.body', 'body': '<45 bytes>', 'more_body': True}
2026-06-16 16:57:28,947 [TRACE] uvicorn.asgi: ::1:62211 - ASGI [7] Send {'type': 'http.response.body', 'body': '<45 bytes>', 'more_body': True}
2026-06-16 16:57:30,631 [TRACE] uvicorn.error: ::1:55561 - HTTP connection made
2026-06-16 16:57:30,659 [TRACE] uvicorn.error: ::1:49959 - HTTP connection made
2026-06-16 16:57:43,964 [TRACE] uvicorn.asgi: ::1:62211 - ASGI [7] Send {'type': 'http.response.body', 'body': '<45 bytes>', 'more_body': True}
2026-06-16 16:57:58,977 [TRACE] uvicorn.asgi: ::1:62211 - ASGI [7] Send {'type': 'http.response.body', 'body': '<45 bytes>', 'more_body': True}
2026-06-16 16:58:13,991 [TRACE] uvicorn.asgi: ::1:62211 - ASGI [7] Send {'type': 'http.response.body', 'body': '<45 bytes>', 'more_body': True}
2026-06-16 16:58:28,997 [TRACE] uvicorn.asgi: ::1:62211 - ASGI [7] Send {'type': 'http.response.body', 'body': '<45 bytes>', 'more_body': True}
2026-06-16 16:58:30,708 [TRACE] uvicorn.error: ::1:55561 - HTTP connection lost
2026-06-16 16:58:30,709 [TRACE] uvicorn.error: ::1:49959 - HTTP connection lost
2026-06-16 16:58:43,999 [TRACE] uvicorn.asgi: ::1:62211 - ASGI [7] Send {'type': 'http.response.body', 'body': '<45 bytes>', 'more_body': True}
2026-06-16 16:58:59,005 [TRACE] uvicorn.asgi: ::1:62211 - ASGI [7] Send {'type': 'http.response.body', 'body': '<45 bytes>', 'more_body': True}
2026-06-16 16:59:14,019 [TRACE] uvicorn.asgi: ::1:62211 - ASGI [7] Send {'type': 'http.response.body', 'body': '<45 bytes>', 'more_body': True}
2026-06-16 16:59:29,023 [TRACE] uvicorn.asgi: ::1:62211 - ASGI [7] Send {'type': 'http.response.body', 'body': '<45 bytes>', 'more_body': True}
2026-06-16 16:59:44,039 [TRACE] uvicorn.asgi: ::1:62211 - ASGI [7] Send {'type': 'http.response.body', 'body': '<45 bytes>', 'more_body': True}
2026-06-16 16:59:59,056 [TRACE] uvicorn.asgi: ::1:62211 - ASGI [7] Send {'type': 'http.response.body', 'body': '<45 bytes>', 'more_body': True}
2026-06-16 17:00:14,057 [TRACE] uvicorn.asgi: ::1:62211 - ASGI [7] Send {'type': 'http.response.body', 'body': '<45 bytes>', 'more_body': True}
2026-06-16 17:00:29,070 [TRACE] uvicorn.asgi: ::1:62211 - ASGI [7] Send {'type': 'http.response.body', 'body': '<45 bytes>', 'more_body': True}
2026-06-16 17:00:44,082 [TRACE] uvicorn.asgi: ::1:62211 - ASGI [7] Send {'type': 'http.response.body', 'body': '<45 bytes>', 'more_body': True}
2026-06-16 17:00:59,095 [TRACE] uvicorn.asgi: ::1:62211 - ASGI [7] Send {'type': 'http.response.body', 'body': '<45 bytes>', 'more_body': True}
2026-06-16 17:01:14,109 [TRACE] uvicorn.asgi: ::1:62211 - ASGI [7] Send {'type': 'http.response.body', 'body': '<45 bytes>', 'more_body': True}
2026-06-16 17:01:29,114 [TRACE] uvicorn.asgi: ::1:62211 - ASGI [7] Send {'type': 'http.response.body', 'body': '<45 bytes>', 'more_body': True}
2026-06-16 17:01:44,127 [TRACE] uvicorn.asgi: ::1:62211 - ASGI [7] Send {'type': 'http.response.body', 'body': '<45 bytes>', 'more_body': True}
2026-06-16 17:01:59,140 [TRACE] uvicorn.asgi: ::1:62211 - ASGI [7] Send {'type': 'http.response.body', 'body': '<45 bytes>', 'more_body': True}
2026-06-16 17:02:14,154 [TRACE] uvicorn.asgi: ::1:62211 - ASGI [7] Send {'type': 'http.response.body', 'body': '<45 bytes>', 'more_body': True}
2026-06-16 17:02:29,166 [TRACE] uvicorn.asgi: ::1:62211 - ASGI [7] Send {'type': 'http.response.body', 'body': '<45 bytes>', 'more_body': True}
2026-06-16 17:02:44,175 [TRACE] uvicorn.asgi: ::1:62211 - ASGI [7] Send {'type': 'http.response.body', 'body': '<45 bytes>', 'more_body': True}
2026-06-16 17:02:59,191 [TRACE] uvicorn.asgi: ::1:62211 - ASGI [7] Send {'type': 'http.response.body', 'body': '<45 bytes>', 'more_body': True}
2026-06-16 17:03:14,207 [TRACE] uvicorn.asgi: ::1:62211 - ASGI [7] Send {'type': 'http.response.body', 'body': '<45 bytes>', 'more_body': True}
2026-06-16 17:03:29,213 [TRACE] uvicorn.asgi: ::1:62211 - ASGI [7] Send {'type': 'http.response.body', 'body': '<45 bytes>', 'more_body': True}
2026-06-16 17:03:44,217 [TRACE] uvicorn.asgi: ::1:62211 - ASGI [7] Send {'type': 'http.response.body', 'body': '<45 bytes>', 'more_body': True}
2026-06-16 17:03:59,223 [TRACE] uvicorn.asgi: ::1:62211 - ASGI [7] Send {'type': 'http.response.body', 'body': '<45 bytes>', 'more_body': True}
2026-06-16 17:04:14,228 [TRACE] uvicorn.asgi: ::1:62211 - ASGI [7] Send {'type': 'http.response.body', 'body': '<45 bytes>', 'more_body': True}
2026-06-16 17:04:29,243 [TRACE] uvicorn.asgi: ::1:62211 - ASGI [7] Send {'type': 'http.response.body', 'body': '<45 bytes>', 'more_body': True}
2026-06-16 17:04:44,265 [TRACE] uvicorn.asgi: ::1:62211 - ASGI [7] Send {'type': 'http.response.body', 'body': '<45 bytes>', 'more_body': True}
2026-06-16 17:04:59,279 [TRACE] uvicorn.asgi: ::1:62211 - ASGI [7] Send {'type': 'http.response.body', 'body': '<45 bytes>', 'more_body': True}
2026-06-16 17:05:14,286 [TRACE] uvicorn.asgi: ::1:62211 - ASGI [7] Send {'type': 'http.response.body', 'body': '<45 bytes>', 'more_body': True}
2026-06-16 17:05:29,290 [TRACE] uvicorn.asgi: ::1:62211 - ASGI [7] Send {'type': 'http.response.body', 'body': '<45 bytes>', 'more_body': True}
2026-06-16 17:05:44,297 [TRACE] uvicorn.asgi: ::1:62211 - ASGI [7] Send {'type': 'http.response.body', 'body': '<45 bytes>', 'more_body': True}
2026-06-16 17:05:59,317 [TRACE] uvicorn.asgi: ::1:62211 - ASGI [7] Send {'type': 'http.response.body', 'body': '<45 bytes>', 'more_body': True}
2026-06-16 17:06:14,319 [TRACE] uvicorn.asgi: ::1:62211 - ASGI [7] Send {'type': 'http.response.body', 'body': '<45 bytes>', 'more_body': True}
2026-06-16 17:06:29,335 [TRACE] uvicorn.asgi: ::1:62211 - ASGI [7] Send {'type': 'http.response.body', 'body': '<45 bytes>', 'more_body': True}
2026-06-16 17:06:44,342 [TRACE] uvicorn.asgi: ::1:62211 - ASGI [7] Send {'type': 'http.response.body', 'body': '<45 bytes>', 'more_body': True}
2026-06-16 17:06:59,354 [TRACE] uvicorn.asgi: ::1:62211 - ASGI [7] Send {'type': 'http.response.body', 'body': '<45 bytes>', 'more_body': True}
2026-06-16 17:07:14,359 [TRACE] uvicorn.asgi: ::1:62211 - ASGI [7] Send {'type': 'http.response.body', 'body': '<45 bytes>', 'more_body': True}
2026-06-16 17:07:29,370 [TRACE] uvicorn.asgi: ::1:62211 - ASGI [7] Send {'type': 'http.response.body', 'body': '<45 bytes>', 'more_body': True}
2026-06-16 17:07:44,385 [TRACE] uvicorn.asgi: ::1:62211 - ASGI [7] Send {'type': 'http.response.body', 'body': '<45 bytes>', 'more_body': True}
2026-06-16 17:07:59,388 [TRACE] uvicorn.asgi: ::1:62211 - ASGI [7] Send {'type': 'http.response.body', 'body': '<45 bytes>', 'more_body': True}
2026-06-16 17:08:14,393 [TRACE] uvicorn.asgi: ::1:62211 - ASGI [7] Send {'type': 'http.response.body', 'body': '<45 bytes>', 'more_body': True}
2026-06-16 17:08:29,409 [TRACE] uvicorn.asgi: ::1:62211 - ASGI [7] Send {'type': 'http.response.body', 'body': '<45 bytes>', 'more_body': True}
2026-06-16 17:08:44,420 [TRACE] uvicorn.asgi: ::1:62211 - ASGI [7] Send {'type': 'http.response.body', 'body': '<45 bytes>', 'more_body': True}
2026-06-16 17:08:59,433 [TRACE] uvicorn.asgi: ::1:62211 - ASGI [7] Send {'type': 'http.response.body', 'body': '<45 bytes>', 'more_body': True}
2026-06-16 17:09:14,437 [TRACE] uvicorn.asgi: ::1:62211 - ASGI [7] Send {'type': 'http.response.body', 'body': '<45 bytes>', 'more_body': True}
2026-06-16 17:09:29,454 [TRACE] uvicorn.asgi: ::1:62211 - ASGI [7] Send {'type': 'http.response.body', 'body': '<45 bytes>', 'more_body': True}
2026-06-16 17:09:44,464 [TRACE] uvicorn.asgi: ::1:62211 - ASGI [7] Send {'type': 'http.response.body', 'body': '<45 bytes>', 'more_body': True}
2026-06-16 17:09:59,473 [TRACE] uvicorn.asgi: ::1:62211 - ASGI [7] Send {'type': 'http.response.body', 'body': '<45 bytes>', 'more_body': True}
2026-06-16 17:10:14,482 [TRACE] uvicorn.asgi: ::1:62211 - ASGI [7] Send {'type': 'http.response.body', 'body': '<45 bytes>', 'more_body': True}
2026-06-16 18:21:57,209 [TRACE] uvicorn.asgi: ::1:62211 - ASGI [7] Send {'type': 'http.response.body', 'body': '<45 bytes>', 'more_body': True}
2026-06-16 18:22:12,346 [TRACE] uvicorn.asgi: ::1:62211 - ASGI [7] Send {'type': 'http.response.body', 'body': '<45 bytes>', 'more_body': True}
2026-06-16 18:22:27,356 [TRACE] uvicorn.asgi: ::1:62211 - ASGI [7] Send {'type': 'http.response.body', 'body': '<45 bytes>', 'more_body': True}
2026-06-16 18:22:42,361 [TRACE] uvicorn.asgi: ::1:62211 - ASGI [7] Send {'type': 'http.response.body', 'body': '<45 bytes>', 'more_body': True}
2026-06-16 18:22:57,374 [TRACE] uvicorn.asgi: ::1:62211 - ASGI [7] Send {'type': 'http.response.body', 'body': '<45 bytes>', 'more_body': True}
2026-06-16 18:23:12,378 [TRACE] uvicorn.asgi: ::1:62211 - ASGI [7] Send {'type': 'http.response.body', 'body': '<45 bytes>', 'more_body': True}
2026-06-16 18:23:27,379 [TRACE] uvicorn.asgi: ::1:62211 - ASGI [7] Send {'type': 'http.response.body', 'body': '<45 bytes>', 'more_body': True}
2026-06-16 18:23:42,396 [TRACE] uvicorn.asgi: ::1:62211 - ASGI [7] Send {'type': 'http.response.body', 'body': '<45 bytes>', 'more_body': True}
2026-06-16 18:23:57,412 [TRACE] uvicorn.asgi: ::1:62211 - ASGI [7] Send {'type': 'http.response.body', 'body': '<45 bytes>', 'more_body': True}
2026-06-16 18:24:12,419 [TRACE] uvicorn.asgi: ::1:62211 - ASGI [7] Send {'type': 'http.response.body', 'body': '<45 bytes>', 'more_body': True}
2026-06-16 18:24:27,432 [TRACE] uvicorn.asgi: ::1:62211 - ASGI [7] Send {'type': 'http.response.body', 'body': '<45 bytes>', 'more_body': True}
2026-06-16 18:24:42,435 [TRACE] uvicorn.asgi: ::1:62211 - ASGI [7] Send {'type': 'http.response.body', 'body': '<45 bytes>', 'more_body': True}
2026-06-16 18:24:57,448 [TRACE] uvicorn.asgi: ::1:62211 - ASGI [7] Send {'type': 'http.response.body', 'body': '<45 bytes>', 'more_body': True}
2026-06-16 18:25:12,453 [TRACE] uvicorn.asgi: ::1:62211 - ASGI [7] Send {'type': 'http.response.body', 'body': '<45 bytes>', 'more_body': True}
2026-06-16 18:25:27,467 [TRACE] uvicorn.asgi: ::1:62211 - ASGI [7] Send {'type': 'http.response.body', 'body': '<45 bytes>', 'more_body': True}
2026-06-16 18:25:42,484 [TRACE] uvicorn.asgi: ::1:62211 - ASGI [7] Send {'type': 'http.response.body', 'body': '<45 bytes>', 'more_body': True}
2026-06-16 18:25:57,491 [TRACE] uvicorn.asgi: ::1:62211 - ASGI [7] Send {'type': 'http.response.body', 'body': '<45 bytes>', 'more_body': True}
2026-06-16 18:26:12,502 [TRACE] uvicorn.asgi: ::1:62211 - ASGI [7] Send {'type': 'http.response.body', 'body': '<45 bytes>', 'more_body': True}
2026-06-16 18:26:27,517 [TRACE] uvicorn.asgi: ::1:62211 - ASGI [7] Send {'type': 'http.response.body', 'body': '<45 bytes>', 'more_body': True}
2026-06-16 18:26:42,529 [TRACE] uvicorn.asgi: ::1:62211 - ASGI [7] Send {'type': 'http.response.body', 'body': '<45 bytes>', 'more_body': True}
2026-06-16 18:26:57,543 [TRACE] uvicorn.asgi: ::1:62211 - ASGI [7] Send {'type': 'http.response.body', 'body': '<45 bytes>', 'more_body': True}
2026-06-16 18:27:12,551 [TRACE] uvicorn.asgi: ::1:62211 - ASGI [7] Send {'type': 'http.response.body', 'body': '<45 bytes>', 'more_body': True}
2026-06-16 18:27:27,560 [TRACE] uvicorn.asgi: ::1:62211 - ASGI [7] Send {'type': 'http.response.body', 'body': '<45 bytes>', 'more_body': True}
2026-06-16 18:27:42,573 [TRACE] uvicorn.asgi: ::1:62211 - ASGI [7] Send {'type': 'http.response.body', 'body': '<45 bytes>', 'more_body': True}
2026-06-16 18:27:57,576 [TRACE] uvicorn.asgi: ::1:62211 - ASGI [7] Send {'type': 'http.response.body', 'body': '<45 bytes>', 'more_body': True}
2026-06-16 18:28:12,583 [TRACE] uvicorn.asgi: ::1:62211 - ASGI [7] Send {'type': 'http.response.body', 'body': '<45 bytes>', 'more_body': True}
2026-06-16 18:28:27,595 [TRACE] uvicorn.asgi: ::1:62211 - ASGI [7] Send {'type': 'http.response.body', 'body': '<45 bytes>', 'more_body': True}
2026-06-16 18:28:42,610 [TRACE] uvicorn.asgi: ::1:62211 - ASGI [7] Send {'type': 'http.response.body', 'body': '<45 bytes>', 'more_body': True}
2026-06-16 18:28:57,623 [TRACE] uvicorn.asgi: ::1:62211 - ASGI [7] Send {'type': 'http.response.body', 'body': '<45 bytes>', 'more_body': True}
2026-06-16 18:29:12,629 [TRACE] uvicorn.asgi: ::1:62211 - ASGI [7] Send {'type': 'http.response.body', 'body': '<45 bytes>', 'more_body': True}
2026-06-16 18:29:27,632 [TRACE] uvicorn.asgi: ::1:62211 - ASGI [7] Send {'type': 'http.response.body', 'body': '<45 bytes>', 'more_body': True}
2026-06-16 18:29:42,634 [TRACE] uvicorn.asgi: ::1:62211 - ASGI [7] Send {'type': 'http.response.body', 'body': '<45 bytes>', 'more_body': True}
2026-06-16 18:29:57,648 [TRACE] uvicorn.asgi: ::1:62211 - ASGI [7] Send {'type': 'http.response.body', 'body': '<45 bytes>', 'more_body': True}
2026-06-16 18:30:12,661 [TRACE] uvicorn.asgi: ::1:62211 - ASGI [7] Send {'type': 'http.response.body', 'body': '<45 bytes>', 'more_body': True}
2026-06-16 18:30:27,666 [TRACE] uvicorn.asgi: ::1:62211 - ASGI [7] Send {'type': 'http.response.body', 'body': '<45 bytes>', 'more_body': True}
2026-06-16 18:30:42,671 [TRACE] uvicorn.asgi: ::1:62211 - ASGI [7] Send {'type': 'http.response.body', 'body': '<45 bytes>', 'more_body': True}
2026-06-16 18:30:57,686 [TRACE] uvicorn.asgi: ::1:62211 - ASGI [7] Send {'type': 'http.response.body', 'body': '<45 bytes>', 'more_body': True}
2026-06-16 18:31:12,701 [TRACE] uvicorn.asgi: ::1:62211 - ASGI [7] Send {'type': 'http.response.body', 'body': '<45 bytes>', 'more_body': True}
2026-06-16 18:31:27,715 [TRACE] uvicorn.asgi: ::1:62211 - ASGI [7] Send {'type': 'http.response.body', 'body': '<45 bytes>', 'more_body': True}
2026-06-16 18:31:42,727 [TRACE] uvicorn.asgi: ::1:62211 - ASGI [7] Send {'type': 'http.response.body', 'body': '<45 bytes>', 'more_body': True}
2026-06-16 18:31:57,733 [TRACE] uvicorn.asgi: ::1:62211 - ASGI [7] Send {'type': 'http.response.body', 'body': '<45 bytes>', 'more_body': True}
2026-06-16 18:32:12,735 [TRACE] uvicorn.asgi: ::1:62211 - ASGI [7] Send {'type': 'http.response.body', 'body': '<45 bytes>', 'more_body': True}
2026-06-16 18:32:27,746 [TRACE] uvicorn.asgi: ::1:62211 - ASGI [7] Send {'type': 'http.response.body', 'body': '<45 bytes>', 'more_body': True}
2026-06-16 18:32:42,759 [TRACE] uvicorn.asgi: ::1:62211 - ASGI [7] Send {'type': 'http.response.body', 'body': '<45 bytes>', 'more_body': True}
2026-06-16 18:32:57,768 [TRACE] uvicorn.asgi: ::1:62211 - ASGI [7] Send {'type': 'http.response.body', 'body': '<45 bytes>', 'more_body': True}
2026-06-16 18:33:12,782 [TRACE] uvicorn.asgi: ::1:62211 - ASGI [7] Send {'type': 'http.response.body', 'body': '<45 bytes>', 'more_body': True}
2026-06-16 18:33:27,793 [TRACE] uvicorn.asgi: ::1:62211 - ASGI [7] Send {'type': 'http.response.body', 'body': '<45 bytes>', 'more_body': True}
2026-06-16 18:33:42,804 [TRACE] uvicorn.asgi: ::1:62211 - ASGI [7] Send {'type': 'http.response.body', 'body': '<45 bytes>', 'more_body': True}
2026-06-16 18:33:57,817 [TRACE] uvicorn.asgi: ::1:62211 - ASGI [7] Send {'type': 'http.response.body', 'body': '<45 bytes>', 'more_body': True}
2026-06-16 18:34:12,828 [TRACE] uvicorn.asgi: ::1:62211 - ASGI [7] Send {'type': 'http.response.body', 'body': '<45 bytes>', 'more_body': True}
2026-06-16 18:34:27,836 [TRACE] uvicorn.asgi: ::1:62211 - ASGI [7] Send {'type': 'http.response.body', 'body': '<45 bytes>', 'more_body': True}
2026-06-16 18:34:42,851 [TRACE] uvicorn.asgi: ::1:62211 - ASGI [7] Send {'type': 'http.response.body', 'body': '<45 bytes>', 'more_body': True}
2026-06-16 18:34:57,853 [TRACE] uvicorn.asgi: ::1:62211 - ASGI [7] Send {'type': 'http.response.body', 'body': '<45 bytes>', 'more_body': True}
2026-06-16 18:35:12,855 [TRACE] uvicorn.asgi: ::1:62211 - ASGI [7] Send {'type': 'http.response.body', 'body': '<45 bytes>', 'more_body': True}
2026-06-16 18:35:27,862 [TRACE] uvicorn.asgi: ::1:62211 - ASGI [7] Send {'type': 'http.response.body', 'body': '<45 bytes>', 'more_body': True}
2026-06-16 18:35:42,877 [TRACE] uvicorn.asgi: ::1:62211 - ASGI [7] Send {'type': 'http.response.body', 'body': '<45 bytes>', 'more_body': True}
2026-06-16 18:35:57,883 [TRACE] uvicorn.asgi: ::1:62211 - ASGI [7] Send {'type': 'http.response.body', 'body': '<45 bytes>', 'more_body': True}
2026-06-16 18:36:12,889 [TRACE] uvicorn.asgi: ::1:62211 - ASGI [7] Send {'type': 'http.response.body', 'body': '<45 bytes>', 'more_body': True}
2026-06-16 18:36:27,905 [TRACE] uvicorn.asgi: ::1:62211 - ASGI [7] Send {'type': 'http.response.body', 'body': '<45 bytes>', 'more_body': True}
2026-06-16 18:36:41,144 [TRACE] uvicorn.error: ::1:65104 - HTTP connection made
2026-06-16 18:36:41,164 [TRACE] uvicorn.error: ::1:53530 - HTTP connection made
2026-06-16 18:36:41,167 [TRACE] uvicorn.asgi: ::1:65104 - ASGI [30] Started scope={'type': 'http', 'asgi': {'version': '3.0', 'spec_version': '2.3'}, 'http_version': '1.1', 'server': ('::1', 8003), 'client': ('::1', 65104), 'scheme': 'http', 'method': 'GET', 'root_path': '', 'path': '/docs', 'raw_path': b'/docs', 'query_string': b'', 'headers': '<...>', 'state': {}}
2026-06-16 18:36:41,190 [TRACE] uvicorn.asgi: ::1:65104 - ASGI [30] Send {'type': 'http.response.start', 'status': 200, 'headers': '<...>'}
2026-06-16 18:36:41,193 [INFO] uvicorn.access: ::1:65104 - "GET /docs HTTP/1.1" 200
2026-06-16 18:36:41,194 [TRACE] uvicorn.asgi: ::1:65104 - ASGI [30] Send {'type': 'http.response.body', 'body': '<1024 bytes>'}
2026-06-16 18:36:41,201 [TRACE] uvicorn.asgi: ::1:65104 - ASGI [30] Completed
2026-06-16 18:36:41,253 [TRACE] uvicorn.asgi: ::1:65104 - ASGI [31] Started scope={'type': 'http', 'asgi': {'version': '3.0', 'spec_version': '2.3'}, 'http_version': '1.1', 'server': ('::1', 8003), 'client': ('::1', 65104), 'scheme': 'http', 'method': 'GET', 'root_path': '', 'path': '/openapi.json', 'raw_path': b'/openapi.json', 'query_string': b'', 'headers': '<...>', 'state': {}}
2026-06-16 18:36:41,275 [TRACE] uvicorn.asgi: ::1:65104 - ASGI [31] Send {'type': 'http.response.start', 'status': 200, 'headers': '<...>'}
2026-06-16 18:36:41,276 [INFO] uvicorn.access: ::1:65104 - "GET /openapi.json HTTP/1.1" 200
2026-06-16 18:36:41,276 [TRACE] uvicorn.asgi: ::1:65104 - ASGI [31] Send {'type': 'http.response.body', 'body': '<2435 bytes>'}
2026-06-16 18:36:41,277 [TRACE] uvicorn.asgi: ::1:65104 - ASGI [31] Completed
2026-06-16 18:36:42,914 [TRACE] uvicorn.asgi: ::1:62211 - ASGI [7] Send {'type': 'http.response.body', 'body': '<45 bytes>', 'more_body': True}
2026-06-16 18:36:46,291 [TRACE] uvicorn.error: ::1:65104 - HTTP connection lost
2026-06-16 18:36:57,922 [TRACE] uvicorn.asgi: ::1:62211 - ASGI [7] Send {'type': 'http.response.body', 'body': '<45 bytes>', 'more_body': True}
2026-06-16 18:37:12,926 [TRACE] uvicorn.asgi: ::1:62211 - ASGI [7] Send {'type': 'http.response.body', 'body': '<45 bytes>', 'more_body': True}
2026-06-16 18:37:27,944 [TRACE] uvicorn.asgi: ::1:62211 - ASGI [7] Send {'type': 'http.response.body', 'body': '<45 bytes>', 'more_body': True}
2026-06-16 18:37:41,229 [TRACE] uvicorn.error: ::1:53530 - HTTP connection lost
2026-06-16 18:37:42,960 [TRACE] uvicorn.asgi: ::1:62211 - ASGI [7] Send {'type': 'http.response.body', 'body': '<45 bytes>', 'more_body': True}
2026-06-16 18:37:57,976 [TRACE] uvicorn.asgi: ::1:62211 - ASGI [7] Send {'type': 'http.response.body', 'body': '<45 bytes>', 'more_body': True}
2026-06-16 18:38:12,987 [TRACE] uvicorn.asgi: ::1:62211 - ASGI [7] Send {'type': 'http.response.body', 'body': '<45 bytes>', 'more_body': True}
2026-06-16 18:38:27,991 [TRACE] uvicorn.asgi: ::1:62211 - ASGI [7] Send {'type': 'http.response.body', 'body': '<45 bytes>', 'more_body': True}
2026-06-16 18:38:42,999 [TRACE] uvicorn.asgi: ::1:62211 - ASGI [7] Send {'type': 'http.response.body', 'body': '<45 bytes>', 'more_body': True}
2026-06-16 18:38:57,791 [TRACE] uvicorn.error: ::1:59423 - HTTP connection made
2026-06-16 18:38:57,800 [TRACE] uvicorn.asgi: ::1:59423 - ASGI [32] Started scope={'type': 'http', 'asgi': {'version': '3.0', 'spec_version': '2.3'}, 'http_version': '1.1', 'server': ('::1', 8003), 'client': ('::1', 59423), 'scheme': 'http', 'method': 'POST', 'root_path': '', 'path': '/monitor-shipment', 'raw_path': b'/monitor-shipment', 'query_string': b'', 'headers': '<...>', 'state': {}}
2026-06-16 18:38:57,808 [TRACE] uvicorn.asgi: ::1:59423 - ASGI [32] Receive {'type': 'http.request', 'body': '<29 bytes>', 'more_body': False}
2026-06-16 18:38:57,857 [TRACE] uvicorn.asgi: ::1:59423 - ASGI [32] Send {'type': 'http.response.start', 'status': 200, 'headers': '<...>'}
2026-06-16 18:38:57,857 [INFO] uvicorn.access: ::1:59423 - "POST /monitor-shipment HTTP/1.1" 200
2026-06-16 18:38:57,858 [TRACE] uvicorn.asgi: ::1:59423 - ASGI [32] Send {'type': 'http.response.body', 'body': '<286 bytes>'}
2026-06-16 18:38:57,858 [TRACE] uvicorn.asgi: ::1:59423 - ASGI [32] Completed
2026-06-16 18:38:58,009 [TRACE] uvicorn.asgi: ::1:62211 - ASGI [7] Send {'type': 'http.response.body', 'body': '<45 bytes>', 'more_body': True}
2026-06-16 18:39:02,871 [TRACE] uvicorn.error: ::1:59423 - HTTP connection lost
2026-06-16 18:39:13,026 [TRACE] uvicorn.asgi: ::1:62211 - ASGI [7] Send {'type': 'http.response.body', 'body': '<45 bytes>', 'more_body': True}
2026-06-16 18:39:28,030 [TRACE] uvicorn.asgi: ::1:62211 - ASGI [7] Send {'type': 'http.response.body', 'body': '<45 bytes>', 'more_body': True}
2026-06-16 18:39:43,034 [TRACE] uvicorn.asgi: ::1:62211 - ASGI [7] Send {'type': 'http.response.body', 'body': '<45 bytes>', 'more_body': True}
2026-06-16 18:39:58,039 [TRACE] uvicorn.asgi: ::1:62211 - ASGI [7] Send {'type': 'http.response.body', 'body': '<45 bytes>', 'more_body': True}
2026-06-16 18:40:13,042 [TRACE] uvicorn.asgi: ::1:62211 - ASGI [7] Send {'type': 'http.response.body', 'body': '<45 bytes>', 'more_body': True}
2026-06-16 18:40:28,046 [TRACE] uvicorn.asgi: ::1:62211 - ASGI [7] Send {'type': 'http.response.body', 'body': '<45 bytes>', 'more_body': True}
2026-06-16 18:40:29,521 [TRACE] uvicorn.error: ::1:57652 - HTTP connection made
2026-06-16 18:40:29,530 [TRACE] uvicorn.asgi: ::1:57652 - ASGI [33] Started scope={'type': 'http', 'asgi': {'version': '3.0', 'spec_version': '2.3'}, 'http_version': '1.1', 'server': ('::1', 8003), 'client': ('::1', 57652), 'scheme': 'http', 'method': 'POST', 'root_path': '', 'path': '/generate-delay-communication', 'raw_path': b'/generate-delay-communication', 'query_string': b'', 'headers': '<...>', 'state': {}}
2026-06-16 18:40:29,534 [TRACE] uvicorn.asgi: ::1:57652 - ASGI [33] Receive {'type': 'http.request', 'body': '<58 bytes>', 'more_body': False}
2026-06-16 18:40:29,542 [TRACE] uvicorn.asgi: ::1:57652 - ASGI [33] Send {'type': 'http.response.start', 'status': 200, 'headers': '<...>'}
2026-06-16 18:40:29,543 [INFO] uvicorn.access: ::1:57652 - "POST /generate-delay-communication HTTP/1.1" 200
2026-06-16 18:40:29,543 [TRACE] uvicorn.asgi: ::1:57652 - ASGI [33] Send {'type': 'http.response.body', 'body': '<581 bytes>'}
2026-06-16 18:40:29,546 [TRACE] uvicorn.asgi: ::1:57652 - ASGI [33] Completed
2026-06-16 18:40:34,557 [TRACE] uvicorn.error: ::1:57652 - HTTP connection lost
2026-06-16 18:40:43,052 [TRACE] uvicorn.asgi: ::1:62211 - ASGI [7] Send {'type': 'http.response.body', 'body': '<45 bytes>', 'more_body': True}
2026-06-16 18:40:58,054 [TRACE] uvicorn.asgi: ::1:62211 - ASGI [7] Send {'type': 'http.response.body', 'body': '<45 bytes>', 'more_body': True}
2026-06-16 18:41:13,069 [TRACE] uvicorn.asgi: ::1:62211 - ASGI [7] Send {'type': 'http.response.body', 'body': '<45 bytes>', 'more_body': True}
2026-06-16 18:41:28,079 [TRACE] uvicorn.asgi: ::1:62211 - ASGI [7] Send {'type': 'http.response.body', 'body': '<45 bytes>', 'more_body': True}
2026-06-16 18:41:43,097 [TRACE] uvicorn.asgi: ::1:62211 - ASGI [7] Send {'type': 'http.response.body', 'body': '<45 bytes>', 'more_body': True}
2026-06-16 18:41:58,100 [TRACE] uvicorn.asgi: ::1:62211 - ASGI [7] Send {'type': 'http.response.body', 'body': '<45 bytes>', 'more_body': True}
2026-06-16 18:42:13,111 [TRACE] uvicorn.asgi: ::1:62211 - ASGI [7] Send {'type': 'http.response.body', 'body': '<45 bytes>', 'more_body': True}
2026-06-16 18:42:20,039 [TRACE] uvicorn.error: ::1:55327 - HTTP connection made
2026-06-16 18:42:20,040 [TRACE] uvicorn.asgi: ::1:55327 - ASGI [34] Started scope={'type': 'http', 'asgi': {'version': '3.0', 'spec_version': '2.3'}, 'http_version': '1.1', 'server': ('::1', 8003), 'client': ('::1', 55327), 'scheme': 'http', 'method': 'POST', 'root_path': '', 'path': '/generate-delay-communication', 'raw_path': b'/generate-delay-communication', 'query_string': b'', 'headers': '<...>', 'state': {}}
2026-06-16 18:42:20,040 [TRACE] uvicorn.asgi: ::1:55327 - ASGI [34] Receive {'type': 'http.request', 'body': '<56 bytes>', 'more_body': False}
2026-06-16 18:42:20,059 [TRACE] uvicorn.asgi: ::1:55327 - ASGI [34] Send {'type': 'http.response.start', 'status': 422, 'headers': '<...>'}
2026-06-16 18:42:20,059 [INFO] uvicorn.access: ::1:55327 - "POST /generate-delay-communication HTTP/1.1" 422
2026-06-16 18:42:20,060 [TRACE] uvicorn.asgi: ::1:55327 - ASGI [34] Send {'type': 'http.response.body', 'body': '<170 bytes>'}
2026-06-16 18:42:20,060 [TRACE] uvicorn.asgi: ::1:55327 - ASGI [34] Completed
2026-06-16 18:42:25,073 [TRACE] uvicorn.error: ::1:55327 - HTTP connection lost
2026-06-16 18:42:28,113 [TRACE] uvicorn.asgi: ::1:62211 - ASGI [7] Send {'type': 'http.response.body', 'body': '<45 bytes>', 'more_body': True}
2026-06-16 18:42:43,122 [TRACE] uvicorn.asgi: ::1:62211 - ASGI [7] Send {'type': 'http.response.body', 'body': '<45 bytes>', 'more_body': True}
2026-06-16 18:42:58,126 [TRACE] uvicorn.asgi: ::1:62211 - ASGI [7] Send {'type': 'http.response.body', 'body': '<45 bytes>', 'more_body': True}
2026-06-16 18:43:13,132 [TRACE] uvicorn.asgi: ::1:62211 - ASGI [7] Send {'type': 'http.response.body', 'body': '<45 bytes>', 'more_body': True}
2026-06-16 18:43:28,149 [TRACE] uvicorn.asgi: ::1:62211 - ASGI [7] Send {'type': 'http.response.body', 'body': '<45 bytes>', 'more_body': True}
2026-06-16 18:43:43,165 [TRACE] uvicorn.asgi: ::1:62211 - ASGI [7] Send {'type': 'http.response.body', 'body': '<45 bytes>', 'more_body': True}
2026-06-16 18:43:58,167 [TRACE] uvicorn.asgi: ::1:62211 - ASGI [7] Send {'type': 'http.response.body', 'body': '<45 bytes>', 'more_body': True}
2026-06-16 18:44:13,183 [TRACE] uvicorn.asgi: ::1:62211 - ASGI [7] Send {'type': 'http.response.body', 'body': '<45 bytes>', 'more_body': True}
2026-06-16 18:44:28,199 [TRACE] uvicorn.asgi: ::1:62211 - ASGI [7] Send {'type': 'http.response.body', 'body': '<45 bytes>', 'more_body': True}
2026-06-16 18:44:43,216 [TRACE] uvicorn.asgi: ::1:62211 - ASGI [7] Send {'type': 'http.response.body', 'body': '<45 bytes>', 'more_body': True}
2026-06-16 18:44:58,218 [TRACE] uvicorn.asgi: ::1:62211 - ASGI [7] Send {'type': 'http.response.body', 'body': '<45 bytes>', 'more_body': True}
2026-06-16 18:45:13,234 [TRACE] uvicorn.asgi: ::1:62211 - ASGI [7] Send {'type': 'http.response.body', 'body': '<45 bytes>', 'more_body': True}
2026-06-16 18:45:28,251 [TRACE] uvicorn.asgi: ::1:62211 - ASGI [7] Send {'type': 'http.response.body', 'body': '<45 bytes>', 'more_body': True}
2026-06-16 18:45:43,268 [TRACE] uvicorn.asgi: ::1:62211 - ASGI [7] Send {'type': 'http.response.body', 'body': '<45 bytes>', 'more_body': True}
2026-06-16 18:45:58,284 [TRACE] uvicorn.asgi: ::1:62211 - ASGI [7] Send {'type': 'http.response.body', 'body': '<45 bytes>', 'more_body': True}
2026-06-16 18:46:13,301 [TRACE] uvicorn.asgi: ::1:62211 - ASGI [7] Send {'type': 'http.response.body', 'body': '<45 bytes>', 'more_body': True}
2026-06-16 18:46:28,303 [TRACE] uvicorn.asgi: ::1:62211 - ASGI [7] Send {'type': 'http.response.body', 'body': '<45 bytes>', 'more_body': True}
2026-06-16 18:46:43,319 [TRACE] uvicorn.asgi: ::1:62211 - ASGI [7] Send {'type': 'http.response.body', 'body': '<45 bytes>', 'more_body': True}
2026-06-16 18:46:58,335 [TRACE] uvicorn.asgi: ::1:62211 - ASGI [7] Send {'type': 'http.response.body', 'body': '<45 bytes>', 'more_body': True}
2026-06-16 18:47:13,337 [TRACE] uvicorn.asgi: ::1:62211 - ASGI [7] Send {'type': 'http.response.body', 'body': '<45 bytes>', 'more_body': True}
2026-06-16 18:47:28,352 [TRACE] uvicorn.asgi: ::1:62211 - ASGI [7] Send {'type': 'http.response.body', 'body': '<45 bytes>', 'more_body': True}
2026-06-16 18:47:43,370 [TRACE] uvicorn.asgi: ::1:62211 - ASGI [7] Send {'type': 'http.response.body', 'body': '<45 bytes>', 'more_body': True}
2026-06-16 18:47:58,371 [TRACE] uvicorn.asgi: ::1:62211 - ASGI [7] Send {'type': 'http.response.body', 'body': '<45 bytes>', 'more_body': True}
2026-06-16 18:48:13,386 [TRACE] uvicorn.asgi: ::1:62211 - ASGI [7] Send {'type': 'http.response.body', 'body': '<45 bytes>', 'more_body': True}
2026-06-16 18:48:28,388 [TRACE] uvicorn.asgi: ::1:62211 - ASGI [7] Send {'type': 'http.response.body', 'body': '<45 bytes>', 'more_body': True}
2026-06-16 18:48:43,389 [TRACE] uvicorn.asgi: ::1:62211 - ASGI [7] Send {'type': 'http.response.body', 'body': '<45 bytes>', 'more_body': True}
2026-06-16 18:48:58,405 [TRACE] uvicorn.asgi: ::1:62211 - ASGI [7] Send {'type': 'http.response.body', 'body': '<45 bytes>', 'more_body': True}
2026-06-16 18:49:13,422 [TRACE] uvicorn.asgi: ::1:62211 - ASGI [7] Send {'type': 'http.response.body', 'body': '<45 bytes>', 'more_body': True}
2026-06-16 18:49:28,439 [TRACE] uvicorn.asgi: ::1:62211 - ASGI [7] Send {'type': 'http.response.body', 'body': '<45 bytes>', 'more_body': True}
2026-06-16 18:49:43,456 [TRACE] uvicorn.asgi: ::1:62211 - ASGI [7] Send {'type': 'http.response.body', 'body': '<45 bytes>', 'more_body': True}
2026-06-16 18:49:58,457 [TRACE] uvicorn.asgi: ::1:62211 - ASGI [7] Send {'type': 'http.response.body', 'body': '<45 bytes>', 'more_body': True}
2026-06-16 18:50:13,473 [TRACE] uvicorn.asgi: ::1:62211 - ASGI [7] Send {'type': 'http.response.body', 'body': '<45 bytes>', 'more_body': True}
2026-06-16 18:50:28,490 [TRACE] uvicorn.asgi: ::1:62211 - ASGI [7] Send {'type': 'http.response.body', 'body': '<45 bytes>', 'more_body': True}
2026-06-16 18:50:43,491 [TRACE] uvicorn.asgi: ::1:62211 - ASGI [7] Send {'type': 'http.response.body', 'body': '<45 bytes>', 'more_body': True}
2026-06-16 18:50:58,507 [TRACE] uvicorn.asgi: ::1:62211 - ASGI [7] Send {'type': 'http.response.body', 'body': '<45 bytes>', 'more_body': True}
2026-06-16 18:51:13,524 [TRACE] uvicorn.asgi: ::1:62211 - ASGI [7] Send {'type': 'http.response.body', 'body': '<45 bytes>', 'more_body': True}
2026-06-16 18:51:28,525 [TRACE] uvicorn.asgi: ::1:62211 - ASGI [7] Send {'type': 'http.response.body', 'body': '<45 bytes>', 'more_body': True}
2026-06-16 18:51:43,541 [TRACE] uvicorn.asgi: ::1:62211 - ASGI [7] Send {'type': 'http.response.body', 'body': '<45 bytes>', 'more_body': True}
2026-06-16 18:51:58,545 [TRACE] uvicorn.asgi: ::1:62211 - ASGI [7] Send {'type': 'http.response.body', 'body': '<45 bytes>', 'more_body': True}
2026-06-16 18:52:13,561 [TRACE] uvicorn.asgi: ::1:62211 - ASGI [7] Send {'type': 'http.response.body', 'body': '<45 bytes>', 'more_body': True}
2026-06-16 18:52:28,577 [TRACE] uvicorn.asgi: ::1:62211 - ASGI [7] Send {'type': 'http.response.body', 'body': '<45 bytes>', 'more_body': True}
2026-06-16 18:52:43,593 [TRACE] uvicorn.asgi: ::1:62211 - ASGI [7] Send {'type': 'http.response.body', 'body': '<45 bytes>', 'more_body': True}
2026-06-16 18:52:58,610 [TRACE] uvicorn.asgi: ::1:62211 - ASGI [7] Send {'type': 'http.response.body', 'body': '<45 bytes>', 'more_body': True}
2026-06-16 18:53:13,620 [TRACE] uvicorn.asgi: ::1:62211 - ASGI [7] Send {'type': 'http.response.body', 'body': '<45 bytes>', 'more_body': True}
2026-06-16 18:59:33,218 [TRACE] uvicorn.asgi: ::1:62211 - ASGI [7] Send {'type': 'http.response.body', 'body': '<45 bytes>', 'more_body': True}
2026-06-16 18:59:48,252 [TRACE] uvicorn.asgi: ::1:62211 - ASGI [7] Send {'type': 'http.response.body', 'body': '<45 bytes>', 'more_body': True}
2026-06-16 19:00:03,262 [TRACE] uvicorn.asgi: ::1:62211 - ASGI [7] Send {'type': 'http.response.body', 'body': '<45 bytes>', 'more_body': True}
2026-06-16 19:00:18,271 [TRACE] uvicorn.asgi: ::1:62211 - ASGI [7] Send {'type': 'http.response.body', 'body': '<45 bytes>', 'more_body': True}
2026-06-16 19:00:33,283 [TRACE] uvicorn.asgi: ::1:62211 - ASGI [7] Send {'type': 'http.response.body', 'body': '<45 bytes>', 'more_body': True}
2026-06-16 19:00:48,293 [TRACE] uvicorn.asgi: ::1:62211 - ASGI [7] Send {'type': 'http.response.body', 'body': '<45 bytes>', 'more_body': True}
2026-06-16 19:01:03,308 [TRACE] uvicorn.asgi: ::1:62211 - ASGI [7] Send {'type': 'http.response.body', 'body': '<45 bytes>', 'more_body': True}
2026-06-16 19:01:07,720 [TRACE] uvicorn.error: ::1:54529 - HTTP connection made
2026-06-16 19:01:07,721 [TRACE] uvicorn.asgi: ::1:54529 - ASGI [35] Started scope={'type': 'http', 'asgi': {'version': '3.0', 'spec_version': '2.3'}, 'http_version': '1.1', 'server': ('::1', 8003), 'client': ('::1', 54529), 'scheme': 'http', 'method': 'POST', 'root_path': '', 'path': '/monitor-shipment', 'raw_path': b'/monitor-shipment', 'query_string': b'', 'headers': '<...>', 'state': {}}
2026-06-16 19:01:07,722 [TRACE] uvicorn.asgi: ::1:54529 - ASGI [35] Receive {'type': 'http.request', 'body': '<28 bytes>', 'more_body': False}
2026-06-16 19:01:07,725 [TRACE] uvicorn.asgi: ::1:54529 - ASGI [35] Send {'type': 'http.response.start', 'status': 200, 'headers': '<...>'}
2026-06-16 19:01:07,725 [INFO] uvicorn.access: ::1:54529 - "POST /monitor-shipment HTTP/1.1" 200
2026-06-16 19:01:07,725 [TRACE] uvicorn.asgi: ::1:54529 - ASGI [35] Send {'type': 'http.response.body', 'body': '<279 bytes>'}
2026-06-16 19:01:07,725 [TRACE] uvicorn.asgi: ::1:54529 - ASGI [35] Completed
2026-06-16 19:01:07,726 [TRACE] uvicorn.error: ::1:54529 - HTTP connection lost
2026-06-16 19:01:18,319 [TRACE] uvicorn.asgi: ::1:62211 - ASGI [7] Send {'type': 'http.response.body', 'body': '<45 bytes>', 'more_body': True}
2026-06-16 19:01:33,320 [TRACE] uvicorn.asgi: ::1:62211 - ASGI [7] Send {'type': 'http.response.body', 'body': '<45 bytes>', 'more_body': True}
2026-06-16 19:01:48,341 [TRACE] uvicorn.asgi: ::1:62211 - ASGI [7] Send {'type': 'http.response.body', 'body': '<45 bytes>', 'more_body': True}
2026-06-16 19:02:03,344 [TRACE] uvicorn.asgi: ::1:62211 - ASGI [7] Send {'type': 'http.response.body', 'body': '<45 bytes>', 'more_body': True}
2026-06-16 19:02:18,358 [TRACE] uvicorn.asgi: ::1:62211 - ASGI [7] Send {'type': 'http.response.body', 'body': '<45 bytes>', 'more_body': True}
2026-06-16 19:02:33,374 [TRACE] uvicorn.asgi: ::1:62211 - ASGI [7] Send {'type': 'http.response.body', 'body': '<45 bytes>', 'more_body': True}
2026-06-16 19:02:48,378 [TRACE] uvicorn.asgi: ::1:62211 - ASGI [7] Send {'type': 'http.response.body', 'body': '<45 bytes>', 'more_body': True}
2026-06-16 19:03:03,386 [TRACE] uvicorn.asgi: ::1:62211 - ASGI [7] Send {'type': 'http.response.body', 'body': '<45 bytes>', 'more_body': True}
2026-06-16 19:03:18,390 [TRACE] uvicorn.asgi: ::1:62211 - ASGI [7] Send {'type': 'http.response.body', 'body': '<45 bytes>', 'more_body': True}
2026-06-16 19:03:19,919 [TRACE] uvicorn.error: ::1:51729 - HTTP connection made
2026-06-16 19:03:19,919 [TRACE] uvicorn.asgi: ::1:51729 - ASGI [36] Started scope={'type': 'http', 'asgi': {'version': '3.0', 'spec_version': '2.3'}, 'http_version': '1.1', 'server': ('::1', 8003), 'client': ('::1', 51729), 'scheme': 'http', 'method': 'POST', 'root_path': '', 'path': '/generate-delay-communication', 'raw_path': b'/generate-delay-communication', 'query_string': b'', 'headers': '<...>', 'state': {}}
2026-06-16 19:03:19,920 [TRACE] uvicorn.asgi: ::1:51729 - ASGI [36] Receive {'type': 'http.request', 'body': '<56 bytes>', 'more_body': False}
2026-06-16 19:03:19,923 [TRACE] uvicorn.asgi: ::1:51729 - ASGI [36] Send {'type': 'http.response.start', 'status': 200, 'headers': '<...>'}
2026-06-16 19:03:19,923 [INFO] uvicorn.access: ::1:51729 - "POST /generate-delay-communication HTTP/1.1" 200
2026-06-16 19:03:19,924 [TRACE] uvicorn.asgi: ::1:51729 - ASGI [36] Send {'type': 'http.response.body', 'body': '<581 bytes>'}
2026-06-16 19:03:19,924 [TRACE] uvicorn.asgi: ::1:51729 - ASGI [36] Completed
2026-06-16 19:03:19,924 [TRACE] uvicorn.error: ::1:51729 - HTTP connection lost
2026-06-16 19:03:33,401 [TRACE] uvicorn.asgi: ::1:62211 - ASGI [7] Send {'type': 'http.response.body', 'body': '<45 bytes>', 'more_body': True}
2026-06-16 19:03:48,408 [TRACE] uvicorn.asgi: ::1:62211 - ASGI [7] Send {'type': 'http.response.body', 'body': '<45 bytes>', 'more_body': True}
2026-06-16 19:04:03,419 [TRACE] uvicorn.asgi: ::1:62211 - ASGI [7] Send {'type': 'http.response.body', 'body': '<45 bytes>', 'more_body': True}
2026-06-16 19:04:18,424 [TRACE] uvicorn.asgi: ::1:62211 - ASGI [7] Send {'type': 'http.response.body', 'body': '<45 bytes>', 'more_body': True}
2026-06-16 19:04:33,429 [TRACE] uvicorn.asgi: ::1:62211 - ASGI [7] Send {'type': 'http.response.body', 'body': '<45 bytes>', 'more_body': True}
2026-06-16 19:04:48,445 [TRACE] uvicorn.asgi: ::1:62211 - ASGI [7] Send {'type': 'http.response.body', 'body': '<45 bytes>', 'more_body': True}
2026-06-16 19:04:59,217 [TRACE] uvicorn.error: ::1:59810 - HTTP connection made
2026-06-16 19:04:59,218 [TRACE] uvicorn.asgi: ::1:59810 - ASGI [37] Started scope={'type': 'http', 'asgi': {'version': '3.0', 'spec_version': '2.3'}, 'http_version': '1.1', 'server': ('::1', 8003), 'client': ('::1', 59810), 'scheme': 'http', 'method': 'GET', 'root_path': '', 'path': '/mcp/', 'raw_path': b'/mcp/', 'query_string': b'', 'headers': '<...>', 'state': {}}
2026-06-16 19:04:59,235 [INFO] mcp.server.streamable_http_manager: Created new transport with session ID: 83384ac54b32471f884e19b237be0961
2026-06-16 19:04:59,276 [TRACE] uvicorn.asgi: ::1:59810 - ASGI [37] Send {'type': 'http.response.start', 'status': <HTTPStatus.BAD_REQUEST: 400>, 'headers': '<...>'}
2026-06-16 19:04:59,276 [INFO] uvicorn.access: ::1:59810 - "GET /mcp/ HTTP/1.1" 400
2026-06-16 19:04:59,277 [TRACE] uvicorn.asgi: ::1:59810 - ASGI [37] Send {'type': 'http.response.body', 'body': '<105 bytes>'}
2026-06-16 19:04:59,277 [TRACE] uvicorn.asgi: ::1:59810 - ASGI [37] Completed
2026-06-16 19:04:59,280 [TRACE] uvicorn.error: ::1:59810 - HTTP connection lost
2026-06-16 19:05:03,453 [TRACE] uvicorn.asgi: ::1:62211 - ASGI [7] Send {'type': 'http.response.body', 'body': '<45 bytes>', 'more_body': True}
2026-06-16 19:05:18,469 [TRACE] uvicorn.asgi: ::1:62211 - ASGI [7] Send {'type': 'http.response.body', 'body': '<45 bytes>', 'more_body': True}
2026-06-16 19:05:33,481 [TRACE] uvicorn.asgi: ::1:62211 - ASGI [7] Send {'type': 'http.response.body', 'body': '<45 bytes>', 'more_body': True}
2026-06-16 19:05:48,483 [TRACE] uvicorn.asgi: ::1:62211 - ASGI [7] Send {'type': 'http.response.body', 'body': '<45 bytes>', 'more_body': True}
2026-06-16 19:06:03,498 [TRACE] uvicorn.asgi: ::1:62211 - ASGI [7] Send {'type': 'http.response.body', 'body': '<45 bytes>', 'more_body': True}
2026-06-16 19:06:18,501 [TRACE] uvicorn.asgi: ::1:62211 - ASGI [7] Send {'type': 'http.response.body', 'body': '<45 bytes>', 'more_body': True}
2026-06-16 19:06:33,519 [TRACE] uvicorn.asgi: ::1:62211 - ASGI [7] Send {'type': 'http.response.body', 'body': '<45 bytes>', 'more_body': True}
2026-06-16 19:06:48,534 [TRACE] uvicorn.asgi: ::1:62211 - ASGI [7] Send {'type': 'http.response.body', 'body': '<45 bytes>', 'more_body': True}
2026-06-16 19:07:00,546 [TRACE] uvicorn.error: ::1:64643 - HTTP connection made
2026-06-16 19:07:00,548 [TRACE] uvicorn.asgi: ::1:64643 - ASGI [38] Started scope={'type': 'http', 'asgi': {'version': '3.0', 'spec_version': '2.3'}, 'http_version': '1.1', 'server': ('::1', 8003), 'client': ('::1', 64643), 'scheme': 'http', 'method': 'POST', 'root_path': '', 'path': '/mcp/', 'raw_path': b'/mcp/', 'query_string': b'', 'headers': '<...>', 'state': {}}
2026-06-16 19:07:00,551 [TRACE] uvicorn.asgi: ::1:64643 - ASGI [38] Receive {'type': 'http.request', 'body': '<158 bytes>', 'more_body': False}
2026-06-16 19:07:00,562 [TRACE] uvicorn.asgi: ::1:64643 - ASGI [38] Send {'type': 'http.response.start', 'status': 200, 'headers': '<...>'}
2026-06-16 19:07:00,563 [INFO] uvicorn.access: ::1:64643 - "POST /mcp/ HTTP/1.1" 200
2026-06-16 19:07:00,586 [TRACE] uvicorn.asgi: ::1:64643 - ASGI [38] Send {'type': 'http.response.body', 'body': '<444 bytes>', 'more_body': True}
2026-06-16 19:07:00,586 [TRACE] uvicorn.asgi: ::1:64643 - ASGI [38] Send {'type': 'http.response.body', 'body': '<0 bytes>', 'more_body': False}
2026-06-16 19:07:00,588 [TRACE] uvicorn.asgi: ::1:64643 - ASGI [38] Receive {'type': 'http.disconnect'}
2026-06-16 19:07:00,589 [TRACE] uvicorn.error: ::1:64643 - HTTP connection lost
2026-06-16 19:07:00,589 [TRACE] uvicorn.asgi: ::1:64643 - ASGI [38] Completed
2026-06-16 19:07:03,550 [TRACE] uvicorn.asgi: ::1:62211 - ASGI [7] Send {'type': 'http.response.body', 'body': '<45 bytes>', 'more_body': True}
2026-06-16 19:07:18,554 [TRACE] uvicorn.asgi: ::1:62211 - ASGI [7] Send {'type': 'http.response.body', 'body': '<45 bytes>', 'more_body': True}
2026-06-16 19:07:33,569 [TRACE] uvicorn.asgi: ::1:62211 - ASGI [7] Send {'type': 'http.response.body', 'body': '<45 bytes>', 'more_body': True}
2026-06-16 19:07:36,974 [TRACE] uvicorn.error: ::1:64647 - HTTP connection made
2026-06-16 19:07:36,976 [TRACE] uvicorn.asgi: ::1:64647 - ASGI [39] Started scope={'type': 'http', 'asgi': {'version': '3.0', 'spec_version': '2.3'}, 'http_version': '1.1', 'server': ('::1', 8003), 'client': ('::1', 64647), 'scheme': 'http', 'method': 'POST', 'root_path': '', 'path': '/mcp/', 'raw_path': b'/mcp/', 'query_string': b'', 'headers': '<...>', 'state': {}}
2026-06-16 19:07:36,977 [TRACE] uvicorn.asgi: ::1:64647 - ASGI [39] Receive {'type': 'http.request', 'body': '<58 bytes>', 'more_body': False}
2026-06-16 19:07:36,978 [TRACE] uvicorn.asgi: ::1:64647 - ASGI [39] Send {'type': 'http.response.start', 'status': 200, 'headers': '<...>'}
2026-06-16 19:07:36,978 [INFO] uvicorn.access: ::1:64647 - "POST /mcp/ HTTP/1.1" 200
2026-06-16 19:07:36,980 [INFO] mcp.server.lowlevel.server: Processing request of type ListToolsRequest
2026-06-16 19:07:36,998 [TRACE] uvicorn.asgi: ::1:64647 - ASGI [39] Send {'type': 'http.response.body', 'body': '<791 bytes>', 'more_body': True}
2026-06-16 19:07:36,999 [TRACE] uvicorn.asgi: ::1:64647 - ASGI [39] Send {'type': 'http.response.body', 'body': '<0 bytes>', 'more_body': False}
2026-06-16 19:07:36,999 [TRACE] uvicorn.asgi: ::1:64647 - ASGI [39] Receive {'type': 'http.disconnect'}
2026-06-16 19:07:37,000 [TRACE] uvicorn.error: ::1:64647 - HTTP connection lost
2026-06-16 19:07:37,000 [TRACE] uvicorn.asgi: ::1:64647 - ASGI [39] Completed
2026-06-16 19:07:48,585 [TRACE] uvicorn.asgi: ::1:62211 - ASGI [7] Send {'type': 'http.response.body', 'body': '<45 bytes>', 'more_body': True}
2026-06-16 19:08:03,588 [TRACE] uvicorn.asgi: ::1:62211 - ASGI [7] Send {'type': 'http.response.body', 'body': '<45 bytes>', 'more_body': True}
2026-06-16 19:08:18,591 [TRACE] uvicorn.asgi: ::1:62211 - ASGI [7] Send {'type': 'http.response.body', 'body': '<45 bytes>', 'more_body': True}
2026-06-16 19:08:33,600 [TRACE] uvicorn.asgi: ::1:62211 - ASGI [7] Send {'type': 'http.response.body', 'body': '<45 bytes>', 'more_body': True}
2026-06-16 19:08:48,602 [TRACE] uvicorn.asgi: ::1:62211 - ASGI [7] Send {'type': 'http.response.body', 'body': '<45 bytes>', 'more_body': True}
2026-06-16 19:09:03,604 [TRACE] uvicorn.asgi: ::1:62211 - ASGI [7] Send {'type': 'http.response.body', 'body': '<45 bytes>', 'more_body': True}
2026-06-16 19:09:18,621 [TRACE] uvicorn.asgi: ::1:62211 - ASGI [7] Send {'type': 'http.response.body', 'body': '<45 bytes>', 'more_body': True}
2026-06-16 19:09:33,636 [TRACE] uvicorn.asgi: ::1:62211 - ASGI [7] Send {'type': 'http.response.body', 'body': '<45 bytes>', 'more_body': True}
2026-06-16 19:09:48,654 [TRACE] uvicorn.asgi: ::1:62211 - ASGI [7] Send {'type': 'http.response.body', 'body': '<45 bytes>', 'more_body': True}
2026-06-16 19:10:03,670 [TRACE] uvicorn.asgi: ::1:62211 - ASGI [7] Send {'type': 'http.response.body', 'body': '<45 bytes>', 'more_body': True}
2026-06-16 19:10:18,672 [TRACE] uvicorn.asgi: ::1:62211 - ASGI [7] Send {'type': 'http.response.body', 'body': '<45 bytes>', 'more_body': True}
2026-06-16 19:10:33,689 [TRACE] uvicorn.asgi: ::1:62211 - ASGI [7] Send {'type': 'http.response.body', 'body': '<45 bytes>', 'more_body': True}
2026-06-16 19:10:48,693 [TRACE] uvicorn.asgi: ::1:62211 - ASGI [7] Send {'type': 'http.response.body', 'body': '<45 bytes>', 'more_body': True}
2026-06-16 19:11:03,708 [TRACE] uvicorn.asgi: ::1:62211 - ASGI [7] Send {'type': 'http.response.body', 'body': '<45 bytes>', 'more_body': True}
2026-06-16 19:11:18,709 [TRACE] uvicorn.asgi: ::1:62211 - ASGI [7] Send {'type': 'http.response.body', 'body': '<45 bytes>', 'more_body': True}
2026-06-16 19:11:33,725 [TRACE] uvicorn.asgi: ::1:62211 - ASGI [7] Send {'type': 'http.response.body', 'body': '<45 bytes>', 'more_body': True}
2026-06-16 19:11:48,741 [TRACE] uvicorn.asgi: ::1:62211 - ASGI [7] Send {'type': 'http.response.body', 'body': '<45 bytes>', 'more_body': True}
2026-06-16 19:12:03,756 [TRACE] uvicorn.asgi: ::1:62211 - ASGI [7] Send {'type': 'http.response.body', 'body': '<45 bytes>', 'more_body': True}
2026-06-16 19:12:18,773 [TRACE] uvicorn.asgi: ::1:62211 - ASGI [7] Send {'type': 'http.response.body', 'body': '<45 bytes>', 'more_body': True}
2026-06-16 19:12:33,776 [TRACE] uvicorn.asgi: ::1:62211 - ASGI [7] Send {'type': 'http.response.body', 'body': '<45 bytes>', 'more_body': True}
2026-06-16 19:12:48,791 [TRACE] uvicorn.asgi: ::1:62211 - ASGI [7] Send {'type': 'http.response.body', 'body': '<45 bytes>', 'more_body': True}
2026-06-16 19:13:03,793 [TRACE] uvicorn.asgi: ::1:62211 - ASGI [7] Send {'type': 'http.response.body', 'body': '<45 bytes>', 'more_body': True}
2026-06-16 19:13:04,948 [TRACE] uvicorn.error: ::1:62757 - HTTP connection made
2026-06-16 19:13:04,952 [TRACE] uvicorn.asgi: ::1:62757 - ASGI [40] Started scope={'type': 'http', 'asgi': {'version': '3.0', 'spec_version': '2.3'}, 'http_version': '1.1', 'server': ('::1', 8003), 'client': ('::1', 62757), 'scheme': 'http', 'method': 'POST', 'root_path': '', 'path': '/mcp/', 'raw_path': b'/mcp/', 'query_string': b'', 'headers': '<...>', 'state': {}}
2026-06-16 19:13:04,952 [TRACE] uvicorn.asgi: ::1:62757 - ASGI [40] Receive {'type': 'http.request', 'body': '<62 bytes>', 'more_body': False}
2026-06-16 19:13:04,953 [TRACE] uvicorn.asgi: ::1:62757 - ASGI [40] Send {'type': 'http.response.start', 'status': 200, 'headers': '<...>'}
2026-06-16 19:13:04,955 [INFO] uvicorn.access: ::1:62757 - "POST /mcp/ HTTP/1.1" 200
2026-06-16 19:13:04,956 [INFO] mcp.server.lowlevel.server: Processing request of type ListResourcesRequest
2026-06-16 19:13:04,973 [TRACE] uvicorn.asgi: ::1:62757 - ASGI [40] Send {'type': 'http.response.body', 'body': '<363 bytes>', 'more_body': True}
2026-06-16 19:13:04,973 [TRACE] uvicorn.asgi: ::1:62757 - ASGI [40] Send {'type': 'http.response.body', 'body': '<0 bytes>', 'more_body': False}
2026-06-16 19:13:04,974 [TRACE] uvicorn.asgi: ::1:62757 - ASGI [40] Receive {'type': 'http.disconnect'}
2026-06-16 19:13:04,974 [TRACE] uvicorn.error: ::1:62757 - HTTP connection lost
2026-06-16 19:13:04,975 [TRACE] uvicorn.asgi: ::1:62757 - ASGI [40] Completed
2026-06-16 19:13:18,797 [TRACE] uvicorn.asgi: ::1:62211 - ASGI [7] Send {'type': 'http.response.body', 'body': '<45 bytes>', 'more_body': True}
2026-06-16 19:13:33,802 [TRACE] uvicorn.asgi: ::1:62211 - ASGI [7] Send {'type': 'http.response.body', 'body': '<45 bytes>', 'more_body': True}
2026-06-16 19:13:48,813 [TRACE] uvicorn.asgi: ::1:62211 - ASGI [7] Send {'type': 'http.response.body', 'body': '<45 bytes>', 'more_body': True}
2026-06-16 19:14:03,824 [TRACE] uvicorn.asgi: ::1:62211 - ASGI [7] Send {'type': 'http.response.body', 'body': '<45 bytes>', 'more_body': True}
2026-06-16 19:14:18,836 [TRACE] uvicorn.asgi: ::1:62211 - ASGI [7] Send {'type': 'http.response.body', 'body': '<45 bytes>', 'more_body': True}
2026-06-16 19:14:33,852 [TRACE] uvicorn.asgi: ::1:62211 - ASGI [7] Send {'type': 'http.response.body', 'body': '<45 bytes>', 'more_body': True}
2026-06-16 19:14:48,867 [TRACE] uvicorn.asgi: ::1:62211 - ASGI [7] Send {'type': 'http.response.body', 'body': '<45 bytes>', 'more_body': True}
2026-06-16 19:14:55,665 [TRACE] uvicorn.error: ::1:56879 - HTTP connection made
2026-06-16 19:14:55,666 [TRACE] uvicorn.asgi: ::1:56879 - ASGI [41] Started scope={'type': 'http', 'asgi': {'version': '3.0', 'spec_version': '2.3'}, 'http_version': '1.1', 'server': ('::1', 8003), 'client': ('::1', 56879), 'scheme': 'http', 'method': 'POST', 'root_path': '', 'path': '/mcp/', 'raw_path': b'/mcp/', 'query_string': b'', 'headers': '<...>', 'state': {}}
2026-06-16 19:14:55,667 [INFO] mcp.server.streamable_http_manager: Created new transport with session ID: 03bd61f4e6224eb3beffa88cfad85ebb
2026-06-16 19:14:55,668 [WARNING] mcp.server.transport_security: Missing Content-Type header in POST request
2026-06-16 19:14:55,669 [TRACE] uvicorn.asgi: ::1:56879 - ASGI [41] Send {'type': 'http.response.start', 'status': 400, 'headers': '<...>'}
2026-06-16 19:14:55,669 [INFO] uvicorn.access: ::1:56879 - "POST /mcp/ HTTP/1.1" 400
2026-06-16 19:14:55,670 [TRACE] uvicorn.asgi: ::1:56879 - ASGI [41] Send {'type': 'http.response.body', 'body': '<27 bytes>'}
2026-06-16 19:14:55,670 [TRACE] uvicorn.asgi: ::1:56879 - ASGI [41] Completed
2026-06-16 19:14:55,676 [TRACE] uvicorn.error: ::1:56879 - HTTP connection lost
2026-06-16 19:15:03,884 [TRACE] uvicorn.asgi: ::1:62211 - ASGI [7] Send {'type': 'http.response.body', 'body': '<45 bytes>', 'more_body': True}
2026-06-16 19:15:18,893 [TRACE] uvicorn.asgi: ::1:62211 - ASGI [7] Send {'type': 'http.response.body', 'body': '<45 bytes>', 'more_body': True}
2026-06-16 19:15:33,895 [TRACE] uvicorn.asgi: ::1:62211 - ASGI [7] Send {'type': 'http.response.body', 'body': '<45 bytes>', 'more_body': True}
2026-06-16 19:15:48,912 [TRACE] uvicorn.asgi: ::1:62211 - ASGI [7] Send {'type': 'http.response.body', 'body': '<45 bytes>', 'more_body': True}
2026-06-16 19:16:03,926 [TRACE] uvicorn.asgi: ::1:62211 - ASGI [7] Send {'type': 'http.response.body', 'body': '<45 bytes>', 'more_body': True}
2026-06-16 19:16:18,928 [TRACE] uvicorn.asgi: ::1:62211 - ASGI [7] Send {'type': 'http.response.body', 'body': '<45 bytes>', 'more_body': True}
2026-06-16 19:16:33,943 [TRACE] uvicorn.asgi: ::1:62211 - ASGI [7] Send {'type': 'http.response.body', 'body': '<45 bytes>', 'more_body': True}
2026-06-16 19:16:48,945 [TRACE] uvicorn.asgi: ::1:62211 - ASGI [7] Send {'type': 'http.response.body', 'body': '<45 bytes>', 'more_body': True}
2026-06-16 19:17:03,962 [TRACE] uvicorn.asgi: ::1:62211 - ASGI [7] Send {'type': 'http.response.body', 'body': '<45 bytes>', 'more_body': True}
2026-06-16 19:17:18,978 [TRACE] uvicorn.asgi: ::1:62211 - ASGI [7] Send {'type': 'http.response.body', 'body': '<45 bytes>', 'more_body': True}
2026-06-16 19:17:33,981 [TRACE] uvicorn.asgi: ::1:62211 - ASGI [7] Send {'type': 'http.response.body', 'body': '<45 bytes>', 'more_body': True}
2026-06-16 19:17:48,997 [TRACE] uvicorn.asgi: ::1:62211 - ASGI [7] Send {'type': 'http.response.body', 'body': '<45 bytes>', 'more_body': True}
2026-06-16 19:17:52,070 [TRACE] uvicorn.error: ::1:55722 - HTTP connection made
2026-06-16 19:17:52,071 [TRACE] uvicorn.asgi: ::1:55722 - ASGI [42] Started scope={'type': 'http', 'asgi': {'version': '3.0', 'spec_version': '2.3'}, 'http_version': '1.1', 'server': ('::1', 8003), 'client': ('::1', 55722), 'scheme': 'http', 'method': 'POST', 'root_path': '', 'path': '/mcp/', 'raw_path': b'/mcp/', 'query_string': b'', 'headers': '<...>', 'state': {}}
2026-06-16 19:17:52,072 [TRACE] uvicorn.asgi: ::1:55722 - ASGI [42] Receive {'type': 'http.request', 'body': '<62 bytes>', 'more_body': False}
2026-06-16 19:17:52,072 [TRACE] uvicorn.asgi: ::1:55722 - ASGI [42] Send {'type': 'http.response.start', 'status': 200, 'headers': '<...>'}
2026-06-16 19:17:52,073 [INFO] uvicorn.access: ::1:55722 - "POST /mcp/ HTTP/1.1" 200
2026-06-16 19:17:52,074 [INFO] mcp.server.lowlevel.server: Processing request of type ListResourcesRequest
2026-06-16 19:17:52,075 [TRACE] uvicorn.asgi: ::1:55722 - ASGI [42] Send {'type': 'http.response.body', 'body': '<363 bytes>', 'more_body': True}
2026-06-16 19:17:52,076 [TRACE] uvicorn.asgi: ::1:55722 - ASGI [42] Send {'type': 'http.response.body', 'body': '<0 bytes>', 'more_body': False}
2026-06-16 19:17:52,076 [TRACE] uvicorn.asgi: ::1:55722 - ASGI [42] Receive {'type': 'http.disconnect'}
2026-06-16 19:17:52,076 [TRACE] uvicorn.error: ::1:55722 - HTTP connection lost
2026-06-16 19:17:52,077 [TRACE] uvicorn.asgi: ::1:55722 - ASGI [42] Completed
2026-06-16 19:18:03,999 [TRACE] uvicorn.asgi: ::1:62211 - ASGI [7] Send {'type': 'http.response.body', 'body': '<45 bytes>', 'more_body': True}
2026-06-16 19:18:19,008 [TRACE] uvicorn.asgi: ::1:62211 - ASGI [7] Send {'type': 'http.response.body', 'body': '<45 bytes>', 'more_body': True}
2026-06-16 19:18:34,016 [TRACE] uvicorn.asgi: ::1:62211 - ASGI [7] Send {'type': 'http.response.body', 'body': '<45 bytes>', 'more_body': True}
2026-06-16 19:18:49,028 [TRACE] uvicorn.asgi: ::1:62211 - ASGI [7] Send {'type': 'http.response.body', 'body': '<45 bytes>', 'more_body': True}
2026-06-16 19:19:04,030 [TRACE] uvicorn.asgi: ::1:62211 - ASGI [7] Send {'type': 'http.response.body', 'body': '<45 bytes>', 'more_body': True}
2026-06-16 19:19:19,046 [TRACE] uvicorn.asgi: ::1:62211 - ASGI [7] Send {'type': 'http.response.body', 'body': '<45 bytes>', 'more_body': True}
2026-06-16 19:19:34,051 [TRACE] uvicorn.asgi: ::1:62211 - ASGI [7] Send {'type': 'http.response.body', 'body': '<45 bytes>', 'more_body': True}
2026-06-16 19:19:49,060 [TRACE] uvicorn.asgi: ::1:62211 - ASGI [7] Send {'type': 'http.response.body', 'body': '<45 bytes>', 'more_body': True}
2026-06-16 19:20:04,066 [TRACE] uvicorn.asgi: ::1:62211 - ASGI [7] Send {'type': 'http.response.body', 'body': '<45 bytes>', 'more_body': True}
2026-06-16 19:20:19,083 [TRACE] uvicorn.asgi: ::1:62211 - ASGI [7] Send {'type': 'http.response.body', 'body': '<45 bytes>', 'more_body': True}
2026-06-16 19:20:34,091 [TRACE] uvicorn.asgi: ::1:62211 - ASGI [7] Send {'type': 'http.response.body', 'body': '<45 bytes>', 'more_body': True}
2026-06-16 19:20:49,108 [TRACE] uvicorn.asgi: ::1:62211 - ASGI [7] Send {'type': 'http.response.body', 'body': '<45 bytes>', 'more_body': True}
2026-06-16 19:21:04,116 [TRACE] uvicorn.asgi: ::1:62211 - ASGI [7] Send {'type': 'http.response.body', 'body': '<45 bytes>', 'more_body': True}
2026-06-16 19:21:19,129 [TRACE] uvicorn.asgi: ::1:62211 - ASGI [7] Send {'type': 'http.response.body', 'body': '<45 bytes>', 'more_body': True}
2026-06-16 19:21:34,145 [TRACE] uvicorn.asgi: ::1:62211 - ASGI [7] Send {'type': 'http.response.body', 'body': '<45 bytes>', 'more_body': True}
2026-06-16 19:21:49,151 [TRACE] uvicorn.asgi: ::1:62211 - ASGI [7] Send {'type': 'http.response.body', 'body': '<45 bytes>', 'more_body': True}
2026-06-16 19:22:04,165 [TRACE] uvicorn.asgi: ::1:62211 - ASGI [7] Send {'type': 'http.response.body', 'body': '<45 bytes>', 'more_body': True}
2026-06-16 19:22:19,181 [TRACE] uvicorn.asgi: ::1:62211 - ASGI [7] Send {'type': 'http.response.body', 'body': '<45 bytes>', 'more_body': True}
2026-06-16 19:22:34,186 [TRACE] uvicorn.asgi: ::1:62211 - ASGI [7] Send {'type': 'http.response.body', 'body': '<45 bytes>', 'more_body': True}
2026-06-16 19:22:49,196 [TRACE] uvicorn.asgi: ::1:62211 - ASGI [7] Send {'type': 'http.response.body', 'body': '<45 bytes>', 'more_body': True}
2026-06-16 19:23:04,197 [TRACE] uvicorn.asgi: ::1:62211 - ASGI [7] Send {'type': 'http.response.body', 'body': '<45 bytes>', 'more_body': True}
2026-06-16 19:23:19,204 [TRACE] uvicorn.asgi: ::1:62211 - ASGI [7] Send {'type': 'http.response.body', 'body': '<45 bytes>', 'more_body': True}
2026-06-16 19:23:34,216 [TRACE] uvicorn.asgi: ::1:62211 - ASGI [7] Send {'type': 'http.response.body', 'body': '<45 bytes>', 'more_body': True}
2026-06-16 19:23:49,229 [TRACE] uvicorn.asgi: ::1:62211 - ASGI [7] Send {'type': 'http.response.body', 'body': '<45 bytes>', 'more_body': True}
2026-06-16 19:24:04,237 [TRACE] uvicorn.asgi: ::1:62211 - ASGI [7] Send {'type': 'http.response.body', 'body': '<45 bytes>', 'more_body': True}
2026-06-16 19:24:19,249 [TRACE] uvicorn.asgi: ::1:62211 - ASGI [7] Send {'type': 'http.response.body', 'body': '<45 bytes>', 'more_body': True}
2026-06-16 19:24:34,257 [TRACE] uvicorn.asgi: ::1:62211 - ASGI [7] Send {'type': 'http.response.body', 'body': '<45 bytes>', 'more_body': True}
2026-06-16 19:24:49,272 [TRACE] uvicorn.asgi: ::1:62211 - ASGI [7] Send {'type': 'http.response.body', 'body': '<45 bytes>', 'more_body': True}
2026-06-16 19:25:04,284 [TRACE] uvicorn.asgi: ::1:62211 - ASGI [7] Send {'type': 'http.response.body', 'body': '<45 bytes>', 'more_body': True}
2026-06-16 19:25:19,295 [TRACE] uvicorn.asgi: ::1:62211 - ASGI [7] Send {'type': 'http.response.body', 'body': '<45 bytes>', 'more_body': True}
2026-06-16 19:25:34,303 [TRACE] uvicorn.asgi: ::1:62211 - ASGI [7] Send {'type': 'http.response.body', 'body': '<45 bytes>', 'more_body': True}
2026-06-16 19:25:49,311 [TRACE] uvicorn.asgi: ::1:62211 - ASGI [7] Send {'type': 'http.response.body', 'body': '<45 bytes>', 'more_body': True}
2026-06-16 19:26:04,315 [TRACE] uvicorn.asgi: ::1:62211 - ASGI [7] Send {'type': 'http.response.body', 'body': '<45 bytes>', 'more_body': True}
2026-06-16 19:26:19,326 [TRACE] uvicorn.asgi: ::1:62211 - ASGI [7] Send {'type': 'http.response.body', 'body': '<45 bytes>', 'more_body': True}
2026-06-16 19:26:34,327 [TRACE] uvicorn.asgi: ::1:62211 - ASGI [7] Send {'type': 'http.response.body', 'body': '<45 bytes>', 'more_body': True}
2026-06-16 19:26:49,331 [TRACE] uvicorn.asgi: ::1:62211 - ASGI [7] Send {'type': 'http.response.body', 'body': '<45 bytes>', 'more_body': True}
2026-06-16 19:27:04,346 [TRACE] uvicorn.asgi: ::1:62211 - ASGI [7] Send {'type': 'http.response.body', 'body': '<45 bytes>', 'more_body': True}
2026-06-16 19:27:19,348 [TRACE] uvicorn.asgi: ::1:62211 - ASGI [7] Send {'type': 'http.response.body', 'body': '<45 bytes>', 'more_body': True}
2026-06-16 19:27:34,362 [TRACE] uvicorn.asgi: ::1:62211 - ASGI [7] Send {'type': 'http.response.body', 'body': '<45 bytes>', 'more_body': True}
2026-06-16 19:27:49,364 [TRACE] uvicorn.asgi: ::1:62211 - ASGI [7] Send {'type': 'http.response.body', 'body': '<45 bytes>', 'more_body': True}
2026-06-16 19:28:04,378 [TRACE] uvicorn.asgi: ::1:62211 - ASGI [7] Send {'type': 'http.response.body', 'body': '<45 bytes>', 'more_body': True}
2026-06-16 19:28:19,394 [TRACE] uvicorn.asgi: ::1:62211 - ASGI [7] Send {'type': 'http.response.body', 'body': '<45 bytes>', 'more_body': True}
2026-06-16 19:28:34,410 [TRACE] uvicorn.asgi: ::1:62211 - ASGI [7] Send {'type': 'http.response.body', 'body': '<45 bytes>', 'more_body': True}
2026-06-16 19:28:49,427 [TRACE] uvicorn.asgi: ::1:62211 - ASGI [7] Send {'type': 'http.response.body', 'body': '<45 bytes>', 'more_body': True}
2026-06-16 19:29:04,444 [TRACE] uvicorn.asgi: ::1:62211 - ASGI [7] Send {'type': 'http.response.body', 'body': '<45 bytes>', 'more_body': True}
2026-06-16 19:29:19,457 [TRACE] uvicorn.asgi: ::1:62211 - ASGI [7] Send {'type': 'http.response.body', 'body': '<45 bytes>', 'more_body': True}
2026-06-16 19:29:34,462 [TRACE] uvicorn.asgi: ::1:62211 - ASGI [7] Send {'type': 'http.response.body', 'body': '<45 bytes>', 'more_body': True}
2026-06-16 19:29:49,479 [TRACE] uvicorn.asgi: ::1:62211 - ASGI [7] Send {'type': 'http.response.body', 'body': '<45 bytes>', 'more_body': True}
2026-06-16 19:30:04,495 [TRACE] uvicorn.asgi: ::1:62211 - ASGI [7] Send {'type': 'http.response.body', 'body': '<45 bytes>', 'more_body': True}
2026-06-16 19:30:19,507 [TRACE] uvicorn.asgi: ::1:62211 - ASGI [7] Send {'type': 'http.response.body', 'body': '<45 bytes>', 'more_body': True}
2026-06-16 19:30:34,508 [TRACE] uvicorn.asgi: ::1:62211 - ASGI [7] Send {'type': 'http.response.body', 'body': '<45 bytes>', 'more_body': True}
2026-06-16 19:30:49,524 [TRACE] uvicorn.asgi: ::1:62211 - ASGI [7] Send {'type': 'http.response.body', 'body': '<45 bytes>', 'more_body': True}
2026-06-16 19:31:04,527 [TRACE] uvicorn.asgi: ::1:62211 - ASGI [7] Send {'type': 'http.response.body', 'body': '<45 bytes>', 'more_body': True}
2026-06-16 19:31:19,544 [TRACE] uvicorn.asgi: ::1:62211 - ASGI [7] Send {'type': 'http.response.body', 'body': '<45 bytes>', 'more_body': True}
2026-06-16 19:31:34,549 [TRACE] uvicorn.asgi: ::1:62211 - ASGI [7] Send {'type': 'http.response.body', 'body': '<45 bytes>', 'more_body': True}
2026-06-16 19:31:49,551 [TRACE] uvicorn.asgi: ::1:62211 - ASGI [7] Send {'type': 'http.response.body', 'body': '<45 bytes>', 'more_body': True}
2026-06-16 19:32:04,566 [TRACE] uvicorn.asgi: ::1:62211 - ASGI [7] Send {'type': 'http.response.body', 'body': '<45 bytes>', 'more_body': True}
2026-06-16 19:32:19,582 [TRACE] uvicorn.asgi: ::1:62211 - ASGI [7] Send {'type': 'http.response.body', 'body': '<45 bytes>', 'more_body': True}
2026-06-16 19:32:34,599 [TRACE] uvicorn.asgi: ::1:62211 - ASGI [7] Send {'type': 'http.response.body', 'body': '<45 bytes>', 'more_body': True}
2026-06-16 19:32:49,614 [TRACE] uvicorn.asgi: ::1:62211 - ASGI [7] Send {'type': 'http.response.body', 'body': '<45 bytes>', 'more_body': True}
2026-06-16 19:33:04,618 [TRACE] uvicorn.asgi: ::1:62211 - ASGI [7] Send {'type': 'http.response.body', 'body': '<45 bytes>', 'more_body': True}
2026-06-16 19:33:19,633 [TRACE] uvicorn.asgi: ::1:62211 - ASGI [7] Send {'type': 'http.response.body', 'body': '<45 bytes>', 'more_body': True}
2026-06-16 19:33:34,646 [TRACE] uvicorn.asgi: ::1:62211 - ASGI [7] Send {'type': 'http.response.body', 'body': '<45 bytes>', 'more_body': True}
2026-06-16 19:33:49,649 [TRACE] uvicorn.asgi: ::1:62211 - ASGI [7] Send {'type': 'http.response.body', 'body': '<45 bytes>', 'more_body': True}
2026-06-16 19:34:04,651 [TRACE] uvicorn.asgi: ::1:62211 - ASGI [7] Send {'type': 'http.response.body', 'body': '<45 bytes>', 'more_body': True}
2026-06-16 19:34:19,652 [TRACE] uvicorn.asgi: ::1:62211 - ASGI [7] Send {'type': 'http.response.body', 'body': '<45 bytes>', 'more_body': True}
2026-06-16 19:34:34,668 [TRACE] uvicorn.asgi: ::1:62211 - ASGI [7] Send {'type': 'http.response.body', 'body': '<45 bytes>', 'more_body': True}
2026-06-16 19:34:49,669 [TRACE] uvicorn.asgi: ::1:62211 - ASGI [7] Send {'type': 'http.response.body', 'body': '<45 bytes>', 'more_body': True}
2026-06-16 19:35:04,686 [TRACE] uvicorn.asgi: ::1:62211 - ASGI [7] Send {'type': 'http.response.body', 'body': '<45 bytes>', 'more_body': True}
2026-06-16 19:35:19,687 [TRACE] uvicorn.asgi: ::1:62211 - ASGI [7] Send {'type': 'http.response.body', 'body': '<45 bytes>', 'more_body': True}
2026-06-16 19:35:34,698 [TRACE] uvicorn.asgi: ::1:62211 - ASGI [7] Send {'type': 'http.response.body', 'body': '<45 bytes>', 'more_body': True}
2026-06-16 19:35:57,098 [TRACE] uvicorn.asgi: ::1:62211 - ASGI [7] Send {'type': 'http.response.body', 'body': '<45 bytes>', 'more_body': True}
2026-06-16 19:36:12,132 [TRACE] uvicorn.asgi: ::1:62211 - ASGI [7] Send {'type': 'http.response.body', 'body': '<45 bytes>', 'more_body': True}
2026-06-16 19:36:27,134 [TRACE] uvicorn.asgi: ::1:62211 - ASGI [7] Send {'type': 'http.response.body', 'body': '<45 bytes>', 'more_body': True}
2026-06-16 19:36:42,140 [TRACE] uvicorn.asgi: ::1:62211 - ASGI [7] Send {'type': 'http.response.body', 'body': '<45 bytes>', 'more_body': True}
2026-06-16 19:36:57,151 [TRACE] uvicorn.asgi: ::1:62211 - ASGI [7] Send {'type': 'http.response.body', 'body': '<45 bytes>', 'more_body': True}
2026-06-16 19:37:12,157 [TRACE] uvicorn.asgi: ::1:62211 - ASGI [7] Send {'type': 'http.response.body', 'body': '<45 bytes>', 'more_body': True}
2026-06-16 19:37:27,168 [TRACE] uvicorn.asgi: ::1:62211 - ASGI [7] Send {'type': 'http.response.body', 'body': '<45 bytes>', 'more_body': True}
2026-06-16 19:37:42,174 [TRACE] uvicorn.asgi: ::1:62211 - ASGI [7] Send {'type': 'http.response.body', 'body': '<45 bytes>', 'more_body': True}
2026-06-16 19:37:57,176 [TRACE] uvicorn.asgi: ::1:62211 - ASGI [7] Send {'type': 'http.response.body', 'body': '<45 bytes>', 'more_body': True}
2026-06-16 19:38:12,178 [TRACE] uvicorn.asgi: ::1:62211 - ASGI [7] Send {'type': 'http.response.body', 'body': '<45 bytes>', 'more_body': True}
2026-06-16 19:38:27,207 [TRACE] uvicorn.asgi: ::1:62211 - ASGI [7] Send {'type': 'http.response.body', 'body': '<45 bytes>', 'more_body': True}
2026-06-16 19:38:42,270 [TRACE] uvicorn.asgi: ::1:62211 - ASGI [7] Send {'type': 'http.response.body', 'body': '<45 bytes>', 'more_body': True}
2026-06-16 19:38:57,280 [TRACE] uvicorn.asgi: ::1:62211 - ASGI [7] Send {'type': 'http.response.body', 'body': '<45 bytes>', 'more_body': True}
2026-06-16 19:39:12,282 [TRACE] uvicorn.asgi: ::1:62211 - ASGI [7] Send {'type': 'http.response.body', 'body': '<45 bytes>', 'more_body': True}
2026-06-16 19:39:14,171 [TRACE] uvicorn.error: ::1:55618 - HTTP connection made
2026-06-16 19:39:14,172 [TRACE] uvicorn.asgi: ::1:55618 - ASGI [43] Started scope={'type': 'http', 'asgi': {'version': '3.0', 'spec_version': '2.3'}, 'http_version': '1.1', 'server': ('::1', 8003), 'client': ('::1', 55618), 'scheme': 'http', 'method': 'POST', 'root_path': '', 'path': '/mcp/', 'raw_path': b'/mcp/', 'query_string': b'', 'headers': '<...>', 'state': {}}
2026-06-16 19:39:14,173 [TRACE] uvicorn.asgi: ::1:55618 - ASGI [43] Receive {'type': 'http.request', 'body': '<110 bytes>', 'more_body': False}
2026-06-16 19:39:14,173 [TRACE] uvicorn.asgi: ::1:55618 - ASGI [43] Send {'type': 'http.response.start', 'status': 200, 'headers': '<...>'}
2026-06-16 19:39:14,173 [INFO] uvicorn.access: ::1:55618 - "POST /mcp/ HTTP/1.1" 200
2026-06-16 19:39:14,175 [INFO] mcp.server.lowlevel.server: Processing request of type ReadResourceRequest
2026-06-16 19:39:14,193 [TRACE] uvicorn.asgi: ::1:55618 - ASGI [43] Send {'type': 'http.response.body', 'body': '<773 bytes>', 'more_body': True}
2026-06-16 19:39:14,197 [TRACE] uvicorn.asgi: ::1:55618 - ASGI [43] Send {'type': 'http.response.body', 'body': '<0 bytes>', 'more_body': False}
2026-06-16 19:39:14,199 [TRACE] uvicorn.asgi: ::1:55618 - ASGI [43] Receive {'type': 'http.disconnect'}
2026-06-16 19:39:14,199 [TRACE] uvicorn.error: ::1:55618 - HTTP connection lost
2026-06-16 19:39:14,202 [TRACE] uvicorn.asgi: ::1:55618 - ASGI [43] Completed
2026-06-16 19:39:27,295 [TRACE] uvicorn.asgi: ::1:62211 - ASGI [7] Send {'type': 'http.response.body', 'body': '<45 bytes>', 'more_body': True}
2026-06-16 19:39:42,304 [TRACE] uvicorn.asgi: ::1:62211 - ASGI [7] Send {'type': 'http.response.body', 'body': '<45 bytes>', 'more_body': True}
2026-06-16 19:39:57,315 [TRACE] uvicorn.asgi: ::1:62211 - ASGI [7] Send {'type': 'http.response.body', 'body': '<45 bytes>', 'more_body': True}
2026-06-16 19:40:12,318 [TRACE] uvicorn.asgi: ::1:62211 - ASGI [7] Send {'type': 'http.response.body', 'body': '<45 bytes>', 'more_body': True}
2026-06-16 19:40:27,330 [TRACE] uvicorn.asgi: ::1:62211 - ASGI [7] Send {'type': 'http.response.body', 'body': '<45 bytes>', 'more_body': True}
2026-06-16 19:40:42,336 [TRACE] uvicorn.asgi: ::1:62211 - ASGI [7] Send {'type': 'http.response.body', 'body': '<45 bytes>', 'more_body': True}
2026-06-16 19:40:57,344 [TRACE] uvicorn.asgi: ::1:62211 - ASGI [7] Send {'type': 'http.response.body', 'body': '<45 bytes>', 'more_body': True}
2026-06-16 19:41:12,358 [TRACE] uvicorn.asgi: ::1:62211 - ASGI [7] Send {'type': 'http.response.body', 'body': '<45 bytes>', 'more_body': True}
2026-06-16 19:41:27,363 [TRACE] uvicorn.asgi: ::1:62211 - ASGI [7] Send {'type': 'http.response.body', 'body': '<45 bytes>', 'more_body': True}
2026-06-16 19:41:42,372 [TRACE] uvicorn.asgi: ::1:62211 - ASGI [7] Send {'type': 'http.response.body', 'body': '<45 bytes>', 'more_body': True}
2026-06-16 19:41:57,387 [TRACE] uvicorn.asgi: ::1:62211 - ASGI [7] Send {'type': 'http.response.body', 'body': '<45 bytes>', 'more_body': True}
2026-06-16 19:42:12,396 [TRACE] uvicorn.asgi: ::1:62211 - ASGI [7] Send {'type': 'http.response.body', 'body': '<45 bytes>', 'more_body': True}
2026-06-16 19:42:27,397 [TRACE] uvicorn.asgi: ::1:62211 - ASGI [7] Send {'type': 'http.response.body', 'body': '<45 bytes>', 'more_body': True}
2026-06-16 19:42:42,413 [TRACE] uvicorn.asgi: ::1:62211 - ASGI [7] Send {'type': 'http.response.body', 'body': '<45 bytes>', 'more_body': True}
2026-06-16 19:42:57,426 [TRACE] uvicorn.asgi: ::1:62211 - ASGI [7] Send {'type': 'http.response.body', 'body': '<45 bytes>', 'more_body': True}
2026-06-16 19:43:12,436 [TRACE] uvicorn.asgi: ::1:62211 - ASGI [7] Send {'type': 'http.response.body', 'body': '<45 bytes>', 'more_body': True}
2026-06-16 19:43:27,445 [TRACE] uvicorn.asgi: ::1:62211 - ASGI [7] Send {'type': 'http.response.body', 'body': '<45 bytes>', 'more_body': True}
2026-06-16 19:43:42,452 [TRACE] uvicorn.asgi: ::1:62211 - ASGI [7] Send {'type': 'http.response.body', 'body': '<45 bytes>', 'more_body': True}
2026-06-16 19:43:57,467 [TRACE] uvicorn.asgi: ::1:62211 - ASGI [7] Send {'type': 'http.response.body', 'body': '<45 bytes>', 'more_body': True}
2026-06-16 19:44:12,482 [TRACE] uvicorn.asgi: ::1:62211 - ASGI [7] Send {'type': 'http.response.body', 'body': '<45 bytes>', 'more_body': True}
2026-06-16 19:44:27,493 [TRACE] uvicorn.asgi: ::1:62211 - ASGI [7] Send {'type': 'http.response.body', 'body': '<45 bytes>', 'more_body': True}
2026-06-16 19:44:42,496 [TRACE] uvicorn.asgi: ::1:62211 - ASGI [7] Send {'type': 'http.response.body', 'body': '<45 bytes>', 'more_body': True}
2026-06-16 19:44:57,512 [TRACE] uvicorn.asgi: ::1:62211 - ASGI [7] Send {'type': 'http.response.body', 'body': '<45 bytes>', 'more_body': True}
2026-06-16 19:45:12,517 [TRACE] uvicorn.asgi: ::1:62211 - ASGI [7] Send {'type': 'http.response.body', 'body': '<45 bytes>', 'more_body': True}
2026-06-16 19:45:27,520 [TRACE] uvicorn.asgi: ::1:62211 - ASGI [7] Send {'type': 'http.response.body', 'body': '<45 bytes>', 'more_body': True}
2026-06-16 19:45:42,536 [TRACE] uvicorn.asgi: ::1:62211 - ASGI [7] Send {'type': 'http.response.body', 'body': '<45 bytes>', 'more_body': True}
2026-06-16 19:45:57,554 [TRACE] uvicorn.asgi: ::1:62211 - ASGI [7] Send {'type': 'http.response.body', 'body': '<45 bytes>', 'more_body': True}
2026-06-16 19:46:12,564 [TRACE] uvicorn.asgi: ::1:62211 - ASGI [7] Send {'type': 'http.response.body', 'body': '<45 bytes>', 'more_body': True}
2026-06-16 19:46:27,568 [TRACE] uvicorn.asgi: ::1:62211 - ASGI [7] Send {'type': 'http.response.body', 'body': '<45 bytes>', 'more_body': True}
2026-06-16 19:46:42,577 [TRACE] uvicorn.asgi: ::1:62211 - ASGI [7] Send {'type': 'http.response.body', 'body': '<45 bytes>', 'more_body': True}
2026-06-16 19:46:46,008 [TRACE] uvicorn.error: ::1:55388 - HTTP connection made
2026-06-16 19:46:46,009 [TRACE] uvicorn.asgi: ::1:55388 - ASGI [44] Started scope={'type': 'http', 'asgi': {'version': '3.0', 'spec_version': '2.3'}, 'http_version': '1.1', 'server': ('::1', 8003), 'client': ('::1', 55388), 'scheme': 'http', 'method': 'POST', 'root_path': '', 'path': '/mcp/', 'raw_path': b'/mcp/', 'query_string': b'', 'headers': '<...>', 'state': {}}
2026-06-16 19:46:46,009 [TRACE] uvicorn.asgi: ::1:55388 - ASGI [44] Receive {'type': 'http.request', 'body': '<102 bytes>', 'more_body': False}
2026-06-16 19:46:46,010 [TRACE] uvicorn.asgi: ::1:55388 - ASGI [44] Send {'type': 'http.response.start', 'status': 200, 'headers': '<...>'}
2026-06-16 19:46:46,011 [INFO] uvicorn.access: ::1:55388 - "POST /mcp/ HTTP/1.1" 200
2026-06-16 19:46:46,012 [INFO] mcp.server.lowlevel.server: Processing request of type ReadResourceRequest
2026-06-16 19:46:46,018 [TRACE] uvicorn.asgi: ::1:55388 - ASGI [44] Send {'type': 'http.response.body', 'body': '<1882 bytes>', 'more_body': True}
2026-06-16 19:46:46,018 [TRACE] uvicorn.asgi: ::1:55388 - ASGI [44] Send {'type': 'http.response.body', 'body': '<0 bytes>', 'more_body': False}
2026-06-16 19:46:46,019 [TRACE] uvicorn.asgi: ::1:55388 - ASGI [44] Receive {'type': 'http.disconnect'}
2026-06-16 19:46:46,019 [TRACE] uvicorn.error: ::1:55388 - HTTP connection lost
2026-06-16 19:46:46,019 [TRACE] uvicorn.asgi: ::1:55388 - ASGI [44] Completed
2026-06-16 19:46:57,586 [TRACE] uvicorn.asgi: ::1:62211 - ASGI [7] Send {'type': 'http.response.body', 'body': '<45 bytes>', 'more_body': True}
2026-06-16 19:47:12,600 [TRACE] uvicorn.asgi: ::1:62211 - ASGI [7] Send {'type': 'http.response.body', 'body': '<45 bytes>', 'more_body': True}
2026-06-16 19:47:27,616 [TRACE] uvicorn.asgi: ::1:62211 - ASGI [7] Send {'type': 'http.response.body', 'body': '<45 bytes>', 'more_body': True}
2026-06-16 19:47:42,618 [TRACE] uvicorn.asgi: ::1:62211 - ASGI [7] Send {'type': 'http.response.body', 'body': '<45 bytes>', 'more_body': True}
2026-06-16 19:47:57,629 [TRACE] uvicorn.asgi: ::1:62211 - ASGI [7] Send {'type': 'http.response.body', 'body': '<45 bytes>', 'more_body': True}
2026-06-16 19:48:12,645 [TRACE] uvicorn.asgi: ::1:62211 - ASGI [7] Send {'type': 'http.response.body', 'body': '<45 bytes>', 'more_body': True}
2026-06-16 19:48:27,649 [TRACE] uvicorn.asgi: ::1:62211 - ASGI [7] Send {'type': 'http.response.body', 'body': '<45 bytes>', 'more_body': True}
2026-06-16 19:48:42,655 [TRACE] uvicorn.asgi: ::1:62211 - ASGI [7] Send {'type': 'http.response.body', 'body': '<45 bytes>', 'more_body': True}
2026-06-16 19:48:57,667 [TRACE] uvicorn.asgi: ::1:62211 - ASGI [7] Send {'type': 'http.response.body', 'body': '<45 bytes>', 'more_body': True}
2026-06-16 19:49:12,673 [TRACE] uvicorn.asgi: ::1:62211 - ASGI [7] Send {'type': 'http.response.body', 'body': '<45 bytes>', 'more_body': True}
2026-06-16 19:49:27,686 [TRACE] uvicorn.asgi: ::1:62211 - ASGI [7] Send {'type': 'http.response.body', 'body': '<45 bytes>', 'more_body': True}
2026-06-16 19:49:42,689 [TRACE] uvicorn.asgi: ::1:62211 - ASGI [7] Send {'type': 'http.response.body', 'body': '<45 bytes>', 'more_body': True}
2026-06-16 19:49:57,694 [TRACE] uvicorn.asgi: ::1:62211 - ASGI [7] Send {'type': 'http.response.body', 'body': '<45 bytes>', 'more_body': True}
2026-06-16 19:50:12,696 [TRACE] uvicorn.asgi: ::1:62211 - ASGI [7] Send {'type': 'http.response.body', 'body': '<45 bytes>', 'more_body': True}
2026-06-16 19:50:27,705 [TRACE] uvicorn.asgi: ::1:62211 - ASGI [7] Send {'type': 'http.response.body', 'body': '<45 bytes>', 'more_body': True}
2026-06-16 19:50:42,717 [TRACE] uvicorn.asgi: ::1:62211 - ASGI [7] Send {'type': 'http.response.body', 'body': '<45 bytes>', 'more_body': True}
2026-06-16 19:50:57,730 [TRACE] uvicorn.asgi: ::1:62211 - ASGI [7] Send {'type': 'http.response.body', 'body': '<45 bytes>', 'more_body': True}
2026-06-16 19:51:12,738 [TRACE] uvicorn.asgi: ::1:62211 - ASGI [7] Send {'type': 'http.response.body', 'body': '<45 bytes>', 'more_body': True}
2026-06-16 19:51:27,740 [TRACE] uvicorn.asgi: ::1:62211 - ASGI [7] Send {'type': 'http.response.body', 'body': '<45 bytes>', 'more_body': True}
2026-06-16 19:51:42,751 [TRACE] uvicorn.asgi: ::1:62211 - ASGI [7] Send {'type': 'http.response.body', 'body': '<45 bytes>', 'more_body': True}
2026-06-16 19:51:57,767 [TRACE] uvicorn.asgi: ::1:62211 - ASGI [7] Send {'type': 'http.response.body', 'body': '<45 bytes>', 'more_body': True}
2026-06-16 19:52:12,774 [TRACE] uvicorn.asgi: ::1:62211 - ASGI [7] Send {'type': 'http.response.body', 'body': '<45 bytes>', 'more_body': True}
2026-06-16 19:52:27,777 [TRACE] uvicorn.asgi: ::1:62211 - ASGI [7] Send {'type': 'http.response.body', 'body': '<45 bytes>', 'more_body': True}
2026-06-16 19:52:42,790 [TRACE] uvicorn.asgi: ::1:62211 - ASGI [7] Send {'type': 'http.response.body', 'body': '<45 bytes>', 'more_body': True}
2026-06-16 19:52:57,796 [TRACE] uvicorn.asgi: ::1:62211 - ASGI [7] Send {'type': 'http.response.body', 'body': '<45 bytes>', 'more_body': True}
2026-06-16 19:53:12,798 [TRACE] uvicorn.asgi: ::1:62211 - ASGI [7] Send {'type': 'http.response.body', 'body': '<45 bytes>', 'more_body': True}
2026-06-16 19:53:27,810 [TRACE] uvicorn.asgi: ::1:62211 - ASGI [7] Send {'type': 'http.response.body', 'body': '<45 bytes>', 'more_body': True}
2026-06-16 19:53:42,823 [TRACE] uvicorn.asgi: ::1:62211 - ASGI [7] Send {'type': 'http.response.body', 'body': '<45 bytes>', 'more_body': True}
2026-06-16 19:53:57,834 [TRACE] uvicorn.asgi: ::1:62211 - ASGI [7] Send {'type': 'http.response.body', 'body': '<45 bytes>', 'more_body': True}
2026-06-16 19:54:12,847 [TRACE] uvicorn.asgi: ::1:62211 - ASGI [7] Send {'type': 'http.response.body', 'body': '<45 bytes>', 'more_body': True}
2026-06-16 19:54:27,859 [TRACE] uvicorn.asgi: ::1:62211 - ASGI [7] Send {'type': 'http.response.body', 'body': '<45 bytes>', 'more_body': True}
2026-06-16 19:54:42,870 [TRACE] uvicorn.asgi: ::1:62211 - ASGI [7] Send {'type': 'http.response.body', 'body': '<45 bytes>', 'more_body': True}
2026-06-16 19:54:57,881 [TRACE] uvicorn.asgi: ::1:62211 - ASGI [7] Send {'type': 'http.response.body', 'body': '<45 bytes>', 'more_body': True}
2026-06-16 19:55:12,886 [TRACE] uvicorn.asgi: ::1:62211 - ASGI [7] Send {'type': 'http.response.body', 'body': '<45 bytes>', 'more_body': True}
2026-06-16 19:55:27,892 [TRACE] uvicorn.asgi: ::1:62211 - ASGI [7] Send {'type': 'http.response.body', 'body': '<45 bytes>', 'more_body': True}
2026-06-16 19:55:42,905 [TRACE] uvicorn.asgi: ::1:62211 - ASGI [7] Send {'type': 'http.response.body', 'body': '<45 bytes>', 'more_body': True}
2026-06-16 19:55:57,918 [TRACE] uvicorn.asgi: ::1:62211 - ASGI [7] Send {'type': 'http.response.body', 'body': '<45 bytes>', 'more_body': True}
2026-06-16 19:56:12,923 [TRACE] uvicorn.asgi: ::1:62211 - ASGI [7] Send {'type': 'http.response.body', 'body': '<45 bytes>', 'more_body': True}
2026-06-16 19:56:27,942 [TRACE] uvicorn.asgi: ::1:62211 - ASGI [7] Send {'type': 'http.response.body', 'body': '<45 bytes>', 'more_body': True}
2026-06-16 19:56:42,957 [TRACE] uvicorn.asgi: ::1:62211 - ASGI [7] Send {'type': 'http.response.body', 'body': '<45 bytes>', 'more_body': True}
2026-06-16 19:56:57,970 [TRACE] uvicorn.asgi: ::1:62211 - ASGI [7] Send {'type': 'http.response.body', 'body': '<45 bytes>', 'more_body': True}
2026-06-16 19:57:12,987 [TRACE] uvicorn.asgi: ::1:62211 - ASGI [7] Send {'type': 'http.response.body', 'body': '<45 bytes>', 'more_body': True}
2026-06-16 19:57:28,000 [TRACE] uvicorn.asgi: ::1:62211 - ASGI [7] Send {'type': 'http.response.body', 'body': '<45 bytes>', 'more_body': True}
2026-06-16 19:57:43,007 [TRACE] uvicorn.asgi: ::1:62211 - ASGI [7] Send {'type': 'http.response.body', 'body': '<45 bytes>', 'more_body': True}
2026-06-16 19:57:58,022 [TRACE] uvicorn.asgi: ::1:62211 - ASGI [7] Send {'type': 'http.response.body', 'body': '<45 bytes>', 'more_body': True}
2026-06-16 19:58:13,025 [TRACE] uvicorn.asgi: ::1:62211 - ASGI [7] Send {'type': 'http.response.body', 'body': '<45 bytes>', 'more_body': True}
2026-06-16 19:58:28,043 [TRACE] uvicorn.asgi: ::1:62211 - ASGI [7] Send {'type': 'http.response.body', 'body': '<45 bytes>', 'more_body': True}
2026-06-16 19:58:43,056 [TRACE] uvicorn.asgi: ::1:62211 - ASGI [7] Send {'type': 'http.response.body', 'body': '<45 bytes>', 'more_body': True}
2026-06-16 19:58:58,059 [TRACE] uvicorn.asgi: ::1:62211 - ASGI [7] Send {'type': 'http.response.body', 'body': '<45 bytes>', 'more_body': True}
2026-06-16 19:59:13,063 [TRACE] uvicorn.asgi: ::1:62211 - ASGI [7] Send {'type': 'http.response.body', 'body': '<45 bytes>', 'more_body': True}
2026-06-16 19:59:28,076 [TRACE] uvicorn.asgi: ::1:62211 - ASGI [7] Send {'type': 'http.response.body', 'body': '<45 bytes>', 'more_body': True}
2026-06-16 19:59:43,084 [TRACE] uvicorn.asgi: ::1:62211 - ASGI [7] Send {'type': 'http.response.body', 'body': '<45 bytes>', 'more_body': True}
2026-06-16 19:59:58,094 [TRACE] uvicorn.asgi: ::1:62211 - ASGI [7] Send {'type': 'http.response.body', 'body': '<45 bytes>', 'more_body': True}
2026-06-16 20:00:13,099 [TRACE] uvicorn.asgi: ::1:62211 - ASGI [7] Send {'type': 'http.response.body', 'body': '<45 bytes>', 'more_body': True}
2026-06-16 20:00:28,105 [TRACE] uvicorn.asgi: ::1:62211 - ASGI [7] Send {'type': 'http.response.body', 'body': '<45 bytes>', 'more_body': True}
2026-06-16 20:02:22,100 [TRACE] uvicorn.asgi: ::1:62211 - ASGI [7] Send {'type': 'http.response.body', 'body': '<45 bytes>', 'more_body': True}
2026-06-16 20:02:37,129 [TRACE] uvicorn.asgi: ::1:62211 - ASGI [7] Send {'type': 'http.response.body', 'body': '<45 bytes>', 'more_body': True}
2026-06-16 20:02:52,144 [TRACE] uvicorn.asgi: ::1:62211 - ASGI [7] Send {'type': 'http.response.body', 'body': '<45 bytes>', 'more_body': True}
2026-06-16 20:03:07,150 [TRACE] uvicorn.asgi: ::1:62211 - ASGI [7] Send {'type': 'http.response.body', 'body': '<45 bytes>', 'more_body': True}
2026-06-16 20:03:22,151 [TRACE] uvicorn.asgi: ::1:62211 - ASGI [7] Send {'type': 'http.response.body', 'body': '<45 bytes>', 'more_body': True}
2026-06-16 20:03:37,152 [TRACE] uvicorn.asgi: ::1:62211 - ASGI [7] Send {'type': 'http.response.body', 'body': '<45 bytes>', 'more_body': True}
2026-06-16 20:03:52,155 [TRACE] uvicorn.asgi: ::1:62211 - ASGI [7] Send {'type': 'http.response.body', 'body': '<45 bytes>', 'more_body': True}
2026-06-16 20:04:00,861 [TRACE] uvicorn.error: ::1:61939 - HTTP connection made
2026-06-16 20:04:00,863 [TRACE] uvicorn.asgi: ::1:61939 - ASGI [45] Started scope={'type': 'http', 'asgi': {'version': '3.0', 'spec_version': '2.3'}, 'http_version': '1.1', 'server': ('::1', 8003), 'client': ('::1', 61939), 'scheme': 'http', 'method': 'POST', 'root_path': '', 'path': '/mcp/', 'raw_path': b'/mcp/', 'query_string': b'', 'headers': '<...>', 'state': {}}
2026-06-16 20:04:00,865 [TRACE] uvicorn.asgi: ::1:61939 - ASGI [45] Receive {'type': 'http.request', 'body': '<102 bytes>', 'more_body': False}
2026-06-16 20:04:00,867 [TRACE] uvicorn.asgi: ::1:61939 - ASGI [45] Send {'type': 'http.response.start', 'status': 200, 'headers': '<...>'}
2026-06-16 20:04:00,867 [INFO] uvicorn.access: ::1:61939 - "POST /mcp/ HTTP/1.1" 200
2026-06-16 20:04:00,875 [INFO] mcp.server.lowlevel.server: Processing request of type ReadResourceRequest
2026-06-16 20:04:00,896 [TRACE] uvicorn.asgi: ::1:61939 - ASGI [45] Send {'type': 'http.response.body', 'body': '<1882 bytes>', 'more_body': True}
2026-06-16 20:04:00,897 [TRACE] uvicorn.asgi: ::1:61939 - ASGI [45] Send {'type': 'http.response.body', 'body': '<0 bytes>', 'more_body': False}
2026-06-16 20:04:00,897 [TRACE] uvicorn.asgi: ::1:61939 - ASGI [45] Receive {'type': 'http.disconnect'}
2026-06-16 20:04:00,898 [TRACE] uvicorn.error: ::1:61939 - HTTP connection lost
2026-06-16 20:04:00,898 [TRACE] uvicorn.asgi: ::1:61939 - ASGI [45] Completed
2026-06-16 20:04:07,166 [TRACE] uvicorn.asgi: ::1:62211 - ASGI [7] Send {'type': 'http.response.body', 'body': '<45 bytes>', 'more_body': True}
2026-06-16 20:04:22,179 [TRACE] uvicorn.asgi: ::1:62211 - ASGI [7] Send {'type': 'http.response.body', 'body': '<45 bytes>', 'more_body': True}
2026-06-16 20:04:37,185 [TRACE] uvicorn.asgi: ::1:62211 - ASGI [7] Send {'type': 'http.response.body', 'body': '<45 bytes>', 'more_body': True}
2026-06-16 20:04:52,192 [TRACE] uvicorn.asgi: ::1:62211 - ASGI [7] Send {'type': 'http.response.body', 'body': '<45 bytes>', 'more_body': True}
2026-06-16 20:05:03,722 [TRACE] uvicorn.error: ::1:49674 - HTTP connection made
2026-06-16 20:05:03,723 [TRACE] uvicorn.asgi: ::1:49674 - ASGI [46] Started scope={'type': 'http', 'asgi': {'version': '3.0', 'spec_version': '2.3'}, 'http_version': '1.1', 'server': ('::1', 8003), 'client': ('::1', 49674), 'scheme': 'http', 'method': 'POST', 'root_path': '', 'path': '/mcp/', 'raw_path': b'/mcp/', 'query_string': b'', 'headers': '<...>', 'state': {}}
2026-06-16 20:05:03,729 [INFO] mcp.server.streamable_http_manager: Created new transport with session ID: e4a1212af87645ce948a6810f60ca356
2026-06-16 20:05:03,737 [WARNING] mcp.server.transport_security: Missing Content-Type header in POST request
2026-06-16 20:05:03,737 [TRACE] uvicorn.asgi: ::1:49674 - ASGI [46] Send {'type': 'http.response.start', 'status': 400, 'headers': '<...>'}
2026-06-16 20:05:03,738 [INFO] uvicorn.access: ::1:49674 - "POST /mcp/ HTTP/1.1" 400
2026-06-16 20:05:03,738 [TRACE] uvicorn.asgi: ::1:49674 - ASGI [46] Send {'type': 'http.response.body', 'body': '<27 bytes>'}
2026-06-16 20:05:03,739 [TRACE] uvicorn.asgi: ::1:49674 - ASGI [46] Completed
2026-06-16 20:05:03,745 [TRACE] uvicorn.error: ::1:49674 - HTTP connection lost
2026-06-16 20:05:07,204 [TRACE] uvicorn.asgi: ::1:62211 - ASGI [7] Send {'type': 'http.response.body', 'body': '<45 bytes>', 'more_body': True}
2026-06-16 20:05:22,219 [TRACE] uvicorn.asgi: ::1:62211 - ASGI [7] Send {'type': 'http.response.body', 'body': '<45 bytes>', 'more_body': True}
2026-06-16 20:05:37,220 [TRACE] uvicorn.asgi: ::1:62211 - ASGI [7] Send {'type': 'http.response.body', 'body': '<45 bytes>', 'more_body': True}
2026-06-16 20:05:52,222 [TRACE] uvicorn.asgi: ::1:62211 - ASGI [7] Send {'type': 'http.response.body', 'body': '<45 bytes>', 'more_body': True}
2026-06-16 20:06:07,233 [TRACE] uvicorn.asgi: ::1:62211 - ASGI [7] Send {'type': 'http.response.body', 'body': '<45 bytes>', 'more_body': True}
2026-06-16 20:06:22,246 [TRACE] uvicorn.asgi: ::1:62211 - ASGI [7] Send {'type': 'http.response.body', 'body': '<45 bytes>', 'more_body': True}
2026-06-16 20:06:37,257 [TRACE] uvicorn.asgi: ::1:62211 - ASGI [7] Send {'type': 'http.response.body', 'body': '<45 bytes>', 'more_body': True}
2026-06-16 20:06:52,270 [TRACE] uvicorn.asgi: ::1:62211 - ASGI [7] Send {'type': 'http.response.body', 'body': '<45 bytes>', 'more_body': True}
2026-06-16 20:07:07,280 [TRACE] uvicorn.asgi: ::1:62211 - ASGI [7] Send {'type': 'http.response.body', 'body': '<45 bytes>', 'more_body': True}
2026-06-16 20:07:22,291 [TRACE] uvicorn.asgi: ::1:62211 - ASGI [7] Send {'type': 'http.response.body', 'body': '<45 bytes>', 'more_body': True}
2026-06-16 20:07:27,721 [TRACE] uvicorn.error: ::1:51545 - HTTP connection made
2026-06-16 20:07:27,722 [TRACE] uvicorn.asgi: ::1:51545 - ASGI [47] Started scope={'type': 'http', 'asgi': {'version': '3.0', 'spec_version': '2.3'}, 'http_version': '1.1', 'server': ('::1', 8003), 'client': ('::1', 51545), 'scheme': 'http', 'method': 'POST', 'root_path': '', 'path': '/mcp/', 'raw_path': b'/mcp/', 'query_string': b'', 'headers': '<...>', 'state': {}}
2026-06-16 20:07:27,723 [TRACE] uvicorn.asgi: ::1:51545 - ASGI [47] Receive {'type': 'http.request', 'body': '<60 bytes>', 'more_body': False}
2026-06-16 20:07:27,724 [TRACE] uvicorn.asgi: ::1:51545 - ASGI [47] Send {'type': 'http.response.start', 'status': 200, 'headers': '<...>'}
2026-06-16 20:07:27,724 [INFO] uvicorn.access: ::1:51545 - "POST /mcp/ HTTP/1.1" 200
2026-06-16 20:07:27,726 [INFO] mcp.server.lowlevel.server: Processing request of type ListPromptsRequest
2026-06-16 20:07:27,735 [TRACE] uvicorn.asgi: ::1:51545 - ASGI [47] Send {'type': 'http.response.body', 'body': '<405 bytes>', 'more_body': True}
2026-06-16 20:07:27,735 [TRACE] uvicorn.asgi: ::1:51545 - ASGI [47] Send {'type': 'http.response.body', 'body': '<0 bytes>', 'more_body': False}
2026-06-16 20:07:27,735 [TRACE] uvicorn.asgi: ::1:51545 - ASGI [47] Receive {'type': 'http.disconnect'}
2026-06-16 20:07:27,736 [TRACE] uvicorn.error: ::1:51545 - HTTP connection lost
2026-06-16 20:07:27,736 [TRACE] uvicorn.asgi: ::1:51545 - ASGI [47] Completed
2026-06-16 20:07:37,302 [TRACE] uvicorn.asgi: ::1:62211 - ASGI [7] Send {'type': 'http.response.body', 'body': '<45 bytes>', 'more_body': True}
2026-06-16 20:07:52,305 [TRACE] uvicorn.asgi: ::1:62211 - ASGI [7] Send {'type': 'http.response.body', 'body': '<45 bytes>', 'more_body': True}
2026-06-16 20:08:07,316 [TRACE] uvicorn.asgi: ::1:62211 - ASGI [7] Send {'type': 'http.response.body', 'body': '<45 bytes>', 'more_body': True}
2026-06-16 20:08:22,323 [TRACE] uvicorn.asgi: ::1:62211 - ASGI [7] Send {'type': 'http.response.body', 'body': '<45 bytes>', 'more_body': True}
2026-06-16 20:08:37,339 [TRACE] uvicorn.asgi: ::1:62211 - ASGI [7] Send {'type': 'http.response.body', 'body': '<45 bytes>', 'more_body': True}
2026-06-16 20:08:52,355 [TRACE] uvicorn.asgi: ::1:62211 - ASGI [7] Send {'type': 'http.response.body', 'body': '<45 bytes>', 'more_body': True}
2026-06-16 20:09:07,370 [TRACE] uvicorn.asgi: ::1:62211 - ASGI [7] Send {'type': 'http.response.body', 'body': '<45 bytes>', 'more_body': True}
2026-06-16 20:09:22,381 [TRACE] uvicorn.asgi: ::1:62211 - ASGI [7] Send {'type': 'http.response.body', 'body': '<45 bytes>', 'more_body': True}
2026-06-16 20:09:37,390 [TRACE] uvicorn.asgi: ::1:62211 - ASGI [7] Send {'type': 'http.response.body', 'body': '<45 bytes>', 'more_body': True}
2026-06-16 20:09:52,392 [TRACE] uvicorn.asgi: ::1:62211 - ASGI [7] Send {'type': 'http.response.body', 'body': '<45 bytes>', 'more_body': True}
2026-06-16 20:10:07,402 [TRACE] uvicorn.asgi: ::1:62211 - ASGI [7] Send {'type': 'http.response.body', 'body': '<45 bytes>', 'more_body': True}
2026-06-16 20:10:22,406 [TRACE] uvicorn.asgi: ::1:62211 - ASGI [7] Send {'type': 'http.response.body', 'body': '<45 bytes>', 'more_body': True}
2026-06-16 20:10:37,418 [TRACE] uvicorn.asgi: ::1:62211 - ASGI [7] Send {'type': 'http.response.body', 'body': '<45 bytes>', 'more_body': True}
2026-06-16 20:10:52,429 [TRACE] uvicorn.asgi: ::1:62211 - ASGI [7] Send {'type': 'http.response.body', 'body': '<45 bytes>', 'more_body': True}
2026-06-16 20:11:07,444 [TRACE] uvicorn.asgi: ::1:62211 - ASGI [7] Send {'type': 'http.response.body', 'body': '<45 bytes>', 'more_body': True}
2026-06-16 20:11:22,451 [TRACE] uvicorn.asgi: ::1:62211 - ASGI [7] Send {'type': 'http.response.body', 'body': '<45 bytes>', 'more_body': True}
2026-06-16 20:11:37,462 [TRACE] uvicorn.asgi: ::1:62211 - ASGI [7] Send {'type': 'http.response.body', 'body': '<45 bytes>', 'more_body': True}
2026-06-16 20:11:52,463 [TRACE] uvicorn.asgi: ::1:62211 - ASGI [7] Send {'type': 'http.response.body', 'body': '<45 bytes>', 'more_body': True}
2026-06-16 20:12:07,477 [TRACE] uvicorn.asgi: ::1:62211 - ASGI [7] Send {'type': 'http.response.body', 'body': '<45 bytes>', 'more_body': True}
2026-06-16 20:12:22,497 [TRACE] uvicorn.asgi: ::1:62211 - ASGI [7] Send {'type': 'http.response.body', 'body': '<45 bytes>', 'more_body': True}
2026-06-16 20:12:37,510 [TRACE] uvicorn.asgi: ::1:62211 - ASGI [7] Send {'type': 'http.response.body', 'body': '<45 bytes>', 'more_body': True}
2026-06-16 20:12:52,527 [TRACE] uvicorn.asgi: ::1:62211 - ASGI [7] Send {'type': 'http.response.body', 'body': '<45 bytes>', 'more_body': True}
2026-06-16 20:13:07,530 [TRACE] uvicorn.asgi: ::1:62211 - ASGI [7] Send {'type': 'http.response.body', 'body': '<45 bytes>', 'more_body': True}
2026-06-16 20:13:22,538 [TRACE] uvicorn.asgi: ::1:62211 - ASGI [7] Send {'type': 'http.response.body', 'body': '<45 bytes>', 'more_body': True}
2026-06-16 20:13:37,541 [TRACE] uvicorn.asgi: ::1:62211 - ASGI [7] Send {'type': 'http.response.body', 'body': '<45 bytes>', 'more_body': True}
2026-06-16 20:13:52,544 [TRACE] uvicorn.asgi: ::1:62211 - ASGI [7] Send {'type': 'http.response.body', 'body': '<45 bytes>', 'more_body': True}
2026-06-16 20:14:07,559 [TRACE] uvicorn.asgi: ::1:62211 - ASGI [7] Send {'type': 'http.response.body', 'body': '<45 bytes>', 'more_body': True}
2026-06-16 20:14:22,566 [TRACE] uvicorn.asgi: ::1:62211 - ASGI [7] Send {'type': 'http.response.body', 'body': '<45 bytes>', 'more_body': True}
2026-06-16 20:14:37,570 [TRACE] uvicorn.asgi: ::1:62211 - ASGI [7] Send {'type': 'http.response.body', 'body': '<45 bytes>', 'more_body': True}
2026-06-16 20:14:52,574 [TRACE] uvicorn.asgi: ::1:62211 - ASGI [7] Send {'type': 'http.response.body', 'body': '<45 bytes>', 'more_body': True}
2026-06-16 20:15:07,585 [TRACE] uvicorn.asgi: ::1:62211 - ASGI [7] Send {'type': 'http.response.body', 'body': '<45 bytes>', 'more_body': True}
2026-06-16 20:15:22,595 [TRACE] uvicorn.asgi: ::1:62211 - ASGI [7] Send {'type': 'http.response.body', 'body': '<45 bytes>', 'more_body': True}
2026-06-16 20:15:37,601 [TRACE] uvicorn.asgi: ::1:62211 - ASGI [7] Send {'type': 'http.response.body', 'body': '<45 bytes>', 'more_body': True}
2026-06-16 20:15:52,612 [TRACE] uvicorn.asgi: ::1:62211 - ASGI [7] Send {'type': 'http.response.body', 'body': '<45 bytes>', 'more_body': True}
2026-06-16 20:16:07,613 [TRACE] uvicorn.asgi: ::1:62211 - ASGI [7] Send {'type': 'http.response.body', 'body': '<45 bytes>', 'more_body': True}
2026-06-16 20:16:22,627 [TRACE] uvicorn.asgi: ::1:62211 - ASGI [7] Send {'type': 'http.response.body', 'body': '<45 bytes>', 'more_body': True}
2026-06-16 20:16:37,645 [TRACE] uvicorn.asgi: ::1:62211 - ASGI [7] Send {'type': 'http.response.body', 'body': '<45 bytes>', 'more_body': True}
2026-06-16 20:16:52,659 [TRACE] uvicorn.asgi: ::1:62211 - ASGI [7] Send {'type': 'http.response.body', 'body': '<45 bytes>', 'more_body': True}
2026-06-16 20:17:07,668 [TRACE] uvicorn.asgi: ::1:62211 - ASGI [7] Send {'type': 'http.response.body', 'body': '<45 bytes>', 'more_body': True}
2026-06-16 20:17:22,674 [TRACE] uvicorn.asgi: ::1:62211 - ASGI [7] Send {'type': 'http.response.body', 'body': '<45 bytes>', 'more_body': True}
2026-06-16 20:17:37,680 [TRACE] uvicorn.asgi: ::1:62211 - ASGI [7] Send {'type': 'http.response.body', 'body': '<45 bytes>', 'more_body': True}
2026-06-16 20:17:52,683 [TRACE] uvicorn.asgi: ::1:62211 - ASGI [7] Send {'type': 'http.response.body', 'body': '<45 bytes>', 'more_body': True}
2026-06-16 20:18:07,696 [TRACE] uvicorn.asgi: ::1:62211 - ASGI [7] Send {'type': 'http.response.body', 'body': '<45 bytes>', 'more_body': True}
2026-06-16 20:18:22,702 [TRACE] uvicorn.asgi: ::1:62211 - ASGI [7] Send {'type': 'http.response.body', 'body': '<45 bytes>', 'more_body': True}
2026-06-16 20:18:37,707 [TRACE] uvicorn.asgi: ::1:62211 - ASGI [7] Send {'type': 'http.response.body', 'body': '<45 bytes>', 'more_body': True}
2026-06-16 20:18:52,715 [TRACE] uvicorn.asgi: ::1:62211 - ASGI [7] Send {'type': 'http.response.body', 'body': '<45 bytes>', 'more_body': True}
2026-06-16 20:19:07,729 [TRACE] uvicorn.asgi: ::1:62211 - ASGI [7] Send {'type': 'http.response.body', 'body': '<45 bytes>', 'more_body': True}
2026-06-16 20:19:22,748 [TRACE] uvicorn.asgi: ::1:62211 - ASGI [7] Send {'type': 'http.response.body', 'body': '<45 bytes>', 'more_body': True}
2026-06-16 20:19:37,766 [TRACE] uvicorn.asgi: ::1:62211 - ASGI [7] Send {'type': 'http.response.body', 'body': '<45 bytes>', 'more_body': True}
2026-06-16 20:19:52,779 [TRACE] uvicorn.asgi: ::1:62211 - ASGI [7] Send {'type': 'http.response.body', 'body': '<45 bytes>', 'more_body': True}
2026-06-16 20:20:07,790 [TRACE] uvicorn.asgi: ::1:62211 - ASGI [7] Send {'type': 'http.response.body', 'body': '<45 bytes>', 'more_body': True}
2026-06-16 20:20:22,798 [TRACE] uvicorn.asgi: ::1:62211 - ASGI [7] Send {'type': 'http.response.body', 'body': '<45 bytes>', 'more_body': True}
2026-06-16 20:20:37,814 [TRACE] uvicorn.asgi: ::1:62211 - ASGI [7] Send {'type': 'http.response.body', 'body': '<45 bytes>', 'more_body': True}
2026-06-16 20:20:52,825 [TRACE] uvicorn.asgi: ::1:62211 - ASGI [7] Send {'type': 'http.response.body', 'body': '<45 bytes>', 'more_body': True}
2026-06-16 20:21:07,833 [TRACE] uvicorn.asgi: ::1:62211 - ASGI [7] Send {'type': 'http.response.body', 'body': '<45 bytes>', 'more_body': True}
2026-06-16 20:21:22,840 [TRACE] uvicorn.asgi: ::1:62211 - ASGI [7] Send {'type': 'http.response.body', 'body': '<45 bytes>', 'more_body': True}
2026-06-16 20:21:37,853 [TRACE] uvicorn.asgi: ::1:62211 - ASGI [7] Send {'type': 'http.response.body', 'body': '<45 bytes>', 'more_body': True}
2026-06-16 20:21:52,856 [TRACE] uvicorn.asgi: ::1:62211 - ASGI [7] Send {'type': 'http.response.body', 'body': '<45 bytes>', 'more_body': True}
2026-06-16 20:22:07,858 [TRACE] uvicorn.asgi: ::1:62211 - ASGI [7] Send {'type': 'http.response.body', 'body': '<45 bytes>', 'more_body': True}
2026-06-16 20:22:22,868 [TRACE] uvicorn.asgi: ::1:62211 - ASGI [7] Send {'type': 'http.response.body', 'body': '<45 bytes>', 'more_body': True}
2026-06-16 20:22:37,884 [TRACE] uvicorn.asgi: ::1:62211 - ASGI [7] Send {'type': 'http.response.body', 'body': '<45 bytes>', 'more_body': True}
2026-06-16 20:22:52,897 [TRACE] uvicorn.asgi: ::1:62211 - ASGI [7] Send {'type': 'http.response.body', 'body': '<45 bytes>', 'more_body': True}
2026-06-16 20:23:07,908 [TRACE] uvicorn.asgi: ::1:62211 - ASGI [7] Send {'type': 'http.response.body', 'body': '<45 bytes>', 'more_body': True}
2026-06-16 20:23:22,919 [TRACE] uvicorn.asgi: ::1:62211 - ASGI [7] Send {'type': 'http.response.body', 'body': '<45 bytes>', 'more_body': True}
2026-06-16 20:23:37,935 [TRACE] uvicorn.asgi: ::1:62211 - ASGI [7] Send {'type': 'http.response.body', 'body': '<45 bytes>', 'more_body': True}
2026-06-16 20:23:52,943 [TRACE] uvicorn.asgi: ::1:62211 - ASGI [7] Send {'type': 'http.response.body', 'body': '<45 bytes>', 'more_body': True}
2026-06-16 20:24:07,949 [TRACE] uvicorn.asgi: ::1:62211 - ASGI [7] Send {'type': 'http.response.body', 'body': '<45 bytes>', 'more_body': True}
2026-06-16 20:24:22,964 [TRACE] uvicorn.asgi: ::1:62211 - ASGI [7] Send {'type': 'http.response.body', 'body': '<45 bytes>', 'more_body': True}
2026-06-16 20:24:37,969 [TRACE] uvicorn.asgi: ::1:62211 - ASGI [7] Send {'type': 'http.response.body', 'body': '<45 bytes>', 'more_body': True}
2026-06-16 20:24:52,984 [TRACE] uvicorn.asgi: ::1:62211 - ASGI [7] Send {'type': 'http.response.body', 'body': '<45 bytes>', 'more_body': True}
2026-06-16 20:25:07,990 [TRACE] uvicorn.asgi: ::1:62211 - ASGI [7] Send {'type': 'http.response.body', 'body': '<45 bytes>', 'more_body': True}
2026-06-16 20:25:22,999 [TRACE] uvicorn.asgi: ::1:62211 - ASGI [7] Send {'type': 'http.response.body', 'body': '<45 bytes>', 'more_body': True}
2026-06-16 20:25:38,013 [TRACE] uvicorn.asgi: ::1:62211 - ASGI [7] Send {'type': 'http.response.body', 'body': '<45 bytes>', 'more_body': True}
2026-06-16 20:25:53,023 [TRACE] uvicorn.asgi: ::1:62211 - ASGI [7] Send {'type': 'http.response.body', 'body': '<45 bytes>', 'more_body': True}
2026-06-16 20:26:08,038 [TRACE] uvicorn.asgi: ::1:62211 - ASGI [7] Send {'type': 'http.response.body', 'body': '<45 bytes>', 'more_body': True}
2026-06-16 20:26:23,041 [TRACE] uvicorn.asgi: ::1:62211 - ASGI [7] Send {'type': 'http.response.body', 'body': '<45 bytes>', 'more_body': True}
2026-06-16 20:26:38,048 [TRACE] uvicorn.asgi: ::1:62211 - ASGI [7] Send {'type': 'http.response.body', 'body': '<45 bytes>', 'more_body': True}
2026-06-16 20:26:53,050 [TRACE] uvicorn.asgi: ::1:62211 - ASGI [7] Send {'type': 'http.response.body', 'body': '<45 bytes>', 'more_body': True}
2026-06-16 20:27:08,061 [TRACE] uvicorn.asgi: ::1:62211 - ASGI [7] Send {'type': 'http.response.body', 'body': '<45 bytes>', 'more_body': True}
2026-06-16 20:27:23,075 [TRACE] uvicorn.asgi: ::1:62211 - ASGI [7] Send {'type': 'http.response.body', 'body': '<45 bytes>', 'more_body': True}
2026-06-16 20:27:38,092 [TRACE] uvicorn.asgi: ::1:62211 - ASGI [7] Send {'type': 'http.response.body', 'body': '<45 bytes>', 'more_body': True}
2026-06-16 20:27:53,095 [TRACE] uvicorn.asgi: ::1:62211 - ASGI [7] Send {'type': 'http.response.body', 'body': '<45 bytes>', 'more_body': True}
2026-06-16 20:28:08,111 [TRACE] uvicorn.asgi: ::1:62211 - ASGI [7] Send {'type': 'http.response.body', 'body': '<45 bytes>', 'more_body': True}
2026-06-16 20:28:23,121 [TRACE] uvicorn.asgi: ::1:62211 - ASGI [7] Send {'type': 'http.response.body', 'body': '<45 bytes>', 'more_body': True}
2026-06-16 20:28:38,130 [TRACE] uvicorn.asgi: ::1:62211 - ASGI [7] Send {'type': 'http.response.body', 'body': '<45 bytes>', 'more_body': True}
2026-06-16 20:28:53,144 [TRACE] uvicorn.asgi: ::1:62211 - ASGI [7] Send {'type': 'http.response.body', 'body': '<45 bytes>', 'more_body': True}
2026-06-16 20:29:08,152 [TRACE] uvicorn.asgi: ::1:62211 - ASGI [7] Send {'type': 'http.response.body', 'body': '<45 bytes>', 'more_body': True}
2026-06-16 20:29:23,155 [TRACE] uvicorn.asgi: ::1:62211 - ASGI [7] Send {'type': 'http.response.body', 'body': '<45 bytes>', 'more_body': True}
2026-06-16 20:29:38,165 [TRACE] uvicorn.asgi: ::1:62211 - ASGI [7] Send {'type': 'http.response.body', 'body': '<45 bytes>', 'more_body': True}
2026-06-16 20:29:53,174 [TRACE] uvicorn.asgi: ::1:62211 - ASGI [7] Send {'type': 'http.response.body', 'body': '<45 bytes>', 'more_body': True}
2026-06-16 20:30:08,189 [TRACE] uvicorn.asgi: ::1:62211 - ASGI [7] Send {'type': 'http.response.body', 'body': '<45 bytes>', 'more_body': True}
2026-06-16 20:30:23,204 [TRACE] uvicorn.asgi: ::1:62211 - ASGI [7] Send {'type': 'http.response.body', 'body': '<45 bytes>', 'more_body': True}
2026-06-16 20:30:38,208 [TRACE] uvicorn.asgi: ::1:62211 - ASGI [7] Send {'type': 'http.response.body', 'body': '<45 bytes>', 'more_body': True}
2026-06-16 20:30:53,224 [TRACE] uvicorn.asgi: ::1:62211 - ASGI [7] Send {'type': 'http.response.body', 'body': '<45 bytes>', 'more_body': True}
2026-06-16 20:31:08,230 [TRACE] uvicorn.asgi: ::1:62211 - ASGI [7] Send {'type': 'http.response.body', 'body': '<45 bytes>', 'more_body': True}
2026-06-16 20:31:23,242 [TRACE] uvicorn.asgi: ::1:62211 - ASGI [7] Send {'type': 'http.response.body', 'body': '<45 bytes>', 'more_body': True}
2026-06-16 20:31:38,243 [TRACE] uvicorn.asgi: ::1:62211 - ASGI [7] Send {'type': 'http.response.body', 'body': '<45 bytes>', 'more_body': True}
2026-06-16 20:31:53,254 [TRACE] uvicorn.asgi: ::1:62211 - ASGI [7] Send {'type': 'http.response.body', 'body': '<45 bytes>', 'more_body': True}
2026-06-16 20:32:08,265 [TRACE] uvicorn.asgi: ::1:62211 - ASGI [7] Send {'type': 'http.response.body', 'body': '<45 bytes>', 'more_body': True}
2026-06-16 20:32:23,280 [TRACE] uvicorn.asgi: ::1:62211 - ASGI [7] Send {'type': 'http.response.body', 'body': '<45 bytes>', 'more_body': True}
2026-06-16 20:32:38,282 [TRACE] uvicorn.asgi: ::1:62211 - ASGI [7] Send {'type': 'http.response.body', 'body': '<45 bytes>', 'more_body': True}
2026-06-16 20:32:53,287 [TRACE] uvicorn.asgi: ::1:62211 - ASGI [7] Send {'type': 'http.response.body', 'body': '<45 bytes>', 'more_body': True}
2026-06-16 20:33:08,295 [TRACE] uvicorn.asgi: ::1:62211 - ASGI [7] Send {'type': 'http.response.body', 'body': '<45 bytes>', 'more_body': True}
2026-06-16 20:33:23,305 [TRACE] uvicorn.asgi: ::1:62211 - ASGI [7] Send {'type': 'http.response.body', 'body': '<45 bytes>', 'more_body': True}
2026-06-16 20:33:38,321 [TRACE] uvicorn.asgi: ::1:62211 - ASGI [7] Send {'type': 'http.response.body', 'body': '<45 bytes>', 'more_body': True}
2026-06-16 20:33:53,330 [TRACE] uvicorn.asgi: ::1:62211 - ASGI [7] Send {'type': 'http.response.body', 'body': '<45 bytes>', 'more_body': True}
2026-06-16 20:34:08,333 [TRACE] uvicorn.asgi: ::1:62211 - ASGI [7] Send {'type': 'http.response.body', 'body': '<45 bytes>', 'more_body': True}
2026-06-16 20:34:23,350 [TRACE] uvicorn.asgi: ::1:62211 - ASGI [7] Send {'type': 'http.response.body', 'body': '<45 bytes>', 'more_body': True}
2026-06-16 20:34:38,358 [TRACE] uvicorn.asgi: ::1:62211 - ASGI [7] Send {'type': 'http.response.body', 'body': '<45 bytes>', 'more_body': True}
2026-06-16 20:34:53,367 [TRACE] uvicorn.asgi: ::1:62211 - ASGI [7] Send {'type': 'http.response.body', 'body': '<45 bytes>', 'more_body': True}
2026-06-16 20:35:08,377 [TRACE] uvicorn.asgi: ::1:62211 - ASGI [7] Send {'type': 'http.response.body', 'body': '<45 bytes>', 'more_body': True}
2026-06-16 20:35:23,378 [TRACE] uvicorn.asgi: ::1:62211 - ASGI [7] Send {'type': 'http.response.body', 'body': '<45 bytes>', 'more_body': True}
2026-06-16 20:35:38,397 [TRACE] uvicorn.asgi: ::1:62211 - ASGI [7] Send {'type': 'http.response.body', 'body': '<45 bytes>', 'more_body': True}
2026-06-16 20:35:53,406 [TRACE] uvicorn.asgi: ::1:62211 - ASGI [7] Send {'type': 'http.response.body', 'body': '<45 bytes>', 'more_body': True}
2026-06-16 20:36:01,829 [TRACE] uvicorn.error: ::1:61213 - HTTP connection made
2026-06-16 20:36:01,831 [TRACE] uvicorn.asgi: ::1:61213 - ASGI [48] Started scope={'type': 'http', 'asgi': {'version': '3.0', 'spec_version': '2.3'}, 'http_version': '1.1', 'server': ('::1', 8003), 'client': ('::1', 61213), 'scheme': 'http', 'method': 'POST', 'root_path': '', 'path': '/mcp/', 'raw_path': b'/mcp/', 'query_string': b'', 'headers': '<...>', 'state': {}}
2026-06-16 20:36:01,832 [INFO] mcp.server.streamable_http_manager: Created new transport with session ID: 4adb47bfe4344da0b48e9470ad9bf835
2026-06-16 20:36:01,837 [WARNING] mcp.server.transport_security: Missing Content-Type header in POST request
2026-06-16 20:36:01,838 [TRACE] uvicorn.asgi: ::1:61213 - ASGI [48] Send {'type': 'http.response.start', 'status': 400, 'headers': '<...>'}
2026-06-16 20:36:01,838 [INFO] uvicorn.access: ::1:61213 - "POST /mcp/ HTTP/1.1" 400
2026-06-16 20:36:01,839 [TRACE] uvicorn.asgi: ::1:61213 - ASGI [48] Send {'type': 'http.response.body', 'body': '<27 bytes>'}
2026-06-16 20:36:01,839 [TRACE] uvicorn.asgi: ::1:61213 - ASGI [48] Completed
2026-06-16 20:36:01,845 [TRACE] uvicorn.error: ::1:61213 - HTTP connection lost
2026-06-16 20:36:08,423 [TRACE] uvicorn.asgi: ::1:62211 - ASGI [7] Send {'type': 'http.response.body', 'body': '<45 bytes>', 'more_body': True}
2026-06-16 20:36:23,435 [TRACE] uvicorn.asgi: ::1:62211 - ASGI [7] Send {'type': 'http.response.body', 'body': '<45 bytes>', 'more_body': True}
2026-06-16 20:36:38,440 [TRACE] uvicorn.asgi: ::1:62211 - ASGI [7] Send {'type': 'http.response.body', 'body': '<45 bytes>', 'more_body': True}
2026-06-16 20:36:53,453 [TRACE] uvicorn.asgi: ::1:62211 - ASGI [7] Send {'type': 'http.response.body', 'body': '<45 bytes>', 'more_body': True}
2026-06-16 20:37:08,460 [TRACE] uvicorn.asgi: ::1:62211 - ASGI [7] Send {'type': 'http.response.body', 'body': '<45 bytes>', 'more_body': True}
2026-06-16 20:37:10,229 [TRACE] uvicorn.error: ::1:52507 - HTTP connection made
2026-06-16 20:37:10,229 [TRACE] uvicorn.asgi: ::1:52507 - ASGI [49] Started scope={'type': 'http', 'asgi': {'version': '3.0', 'spec_version': '2.3'}, 'http_version': '1.1', 'server': ('::1', 8003), 'client': ('::1', 52507), 'scheme': 'http', 'method': 'POST', 'root_path': '', 'path': '/mcp/', 'raw_path': b'/mcp/', 'query_string': b'', 'headers': '<...>', 'state': {}}
2026-06-16 20:37:10,230 [TRACE] uvicorn.asgi: ::1:52507 - ASGI [49] Receive {'type': 'http.request', 'body': '<102 bytes>', 'more_body': False}
2026-06-16 20:37:10,232 [TRACE] uvicorn.asgi: ::1:52507 - ASGI [49] Send {'type': 'http.response.start', 'status': 200, 'headers': '<...>'}
2026-06-16 20:37:10,232 [INFO] uvicorn.access: ::1:52507 - "POST /mcp/ HTTP/1.1" 200
2026-06-16 20:37:10,235 [INFO] mcp.server.lowlevel.server: Processing request of type GetPromptRequest
2026-06-16 20:37:10,251 [TRACE] uvicorn.asgi: ::1:52507 - ASGI [49] Send {'type': 'http.response.body', 'body': '<520 bytes>', 'more_body': True}
2026-06-16 20:37:10,251 [TRACE] uvicorn.asgi: ::1:52507 - ASGI [49] Send {'type': 'http.response.body', 'body': '<0 bytes>', 'more_body': False}
2026-06-16 20:37:10,252 [TRACE] uvicorn.asgi: ::1:52507 - ASGI [49] Receive {'type': 'http.disconnect'}
2026-06-16 20:37:10,252 [TRACE] uvicorn.error: ::1:52507 - HTTP connection lost
2026-06-16 20:37:10,252 [TRACE] uvicorn.asgi: ::1:52507 - ASGI [49] Completed
2026-06-16 20:37:23,473 [TRACE] uvicorn.asgi: ::1:62211 - ASGI [7] Send {'type': 'http.response.body', 'body': '<45 bytes>', 'more_body': True}
2026-06-16 20:37:38,475 [TRACE] uvicorn.asgi: ::1:62211 - ASGI [7] Send {'type': 'http.response.body', 'body': '<45 bytes>', 'more_body': True}
2026-06-16 20:37:53,491 [TRACE] uvicorn.asgi: ::1:62211 - ASGI [7] Send {'type': 'http.response.body', 'body': '<45 bytes>', 'more_body': True}
2026-06-16 20:38:08,502 [TRACE] uvicorn.asgi: ::1:62211 - ASGI [7] Send {'type': 'http.response.body', 'body': '<45 bytes>', 'more_body': True}
2026-06-16 20:38:23,506 [TRACE] uvicorn.asgi: ::1:62211 - ASGI [7] Send {'type': 'http.response.body', 'body': '<45 bytes>', 'more_body': True}
2026-06-16 20:38:35,143 [TRACE] uvicorn.error: ::1:64738 - HTTP connection made
2026-06-16 20:38:35,144 [TRACE] uvicorn.asgi: ::1:64738 - ASGI [50] Started scope={'type': 'http', 'asgi': {'version': '3.0', 'spec_version': '2.3'}, 'http_version': '1.1', 'server': ('::1', 8003), 'client': ('::1', 64738), 'scheme': 'http', 'method': 'POST', 'root_path': '', 'path': '/mcp/', 'raw_path': b'/mcp/', 'query_string': b'', 'headers': '<...>', 'state': {}}
2026-06-16 20:38:35,145 [INFO] mcp.server.streamable_http_manager: Created new transport with session ID: 163aa45ecb35470e80e090a65c398e0a
2026-06-16 20:38:35,146 [WARNING] mcp.server.transport_security: Missing Content-Type header in POST request
2026-06-16 20:38:35,146 [TRACE] uvicorn.asgi: ::1:64738 - ASGI [50] Send {'type': 'http.response.start', 'status': 400, 'headers': '<...>'}
2026-06-16 20:38:35,146 [INFO] uvicorn.access: ::1:64738 - "POST /mcp/ HTTP/1.1" 400
2026-06-16 20:38:35,147 [TRACE] uvicorn.asgi: ::1:64738 - ASGI [50] Send {'type': 'http.response.body', 'body': '<27 bytes>'}
2026-06-16 20:38:35,147 [TRACE] uvicorn.asgi: ::1:64738 - ASGI [50] Completed
2026-06-16 20:38:35,180 [TRACE] uvicorn.error: ::1:64738 - HTTP connection lost
2026-06-16 20:38:38,514 [TRACE] uvicorn.asgi: ::1:62211 - ASGI [7] Send {'type': 'http.response.body', 'body': '<45 bytes>', 'more_body': True}
2026-06-16 20:38:53,528 [TRACE] uvicorn.asgi: ::1:62211 - ASGI [7] Send {'type': 'http.response.body', 'body': '<45 bytes>', 'more_body': True}
2026-06-16 20:39:08,534 [TRACE] uvicorn.asgi: ::1:62211 - ASGI [7] Send {'type': 'http.response.body', 'body': '<45 bytes>', 'more_body': True}
2026-06-16 20:39:23,540 [TRACE] uvicorn.asgi: ::1:62211 - ASGI [7] Send {'type': 'http.response.body', 'body': '<45 bytes>', 'more_body': True}
2026-06-16 20:39:38,554 [TRACE] uvicorn.asgi: ::1:62211 - ASGI [7] Send {'type': 'http.response.body', 'body': '<45 bytes>', 'more_body': True}
2026-06-16 20:39:53,570 [TRACE] uvicorn.asgi: ::1:62211 - ASGI [7] Send {'type': 'http.response.body', 'body': '<45 bytes>', 'more_body': True}
2026-06-16 20:40:00,963 [TRACE] uvicorn.error: ::1:61153 - HTTP connection made
2026-06-16 20:40:00,964 [TRACE] uvicorn.asgi: ::1:61153 - ASGI [51] Started scope={'type': 'http', 'asgi': {'version': '3.0', 'spec_version': '2.3'}, 'http_version': '1.1', 'server': ('::1', 8003), 'client': ('::1', 61153), 'scheme': 'http', 'method': 'POST', 'root_path': '', 'path': '/mcp/', 'raw_path': b'/mcp/', 'query_string': b'', 'headers': '<...>', 'state': {}}
2026-06-16 20:40:00,964 [TRACE] uvicorn.asgi: ::1:61153 - ASGI [51] Receive {'type': 'http.request', 'body': '<102 bytes>', 'more_body': False}
2026-06-16 20:40:00,965 [TRACE] uvicorn.asgi: ::1:61153 - ASGI [51] Send {'type': 'http.response.start', 'status': 200, 'headers': '<...>'}
2026-06-16 20:40:00,965 [INFO] uvicorn.access: ::1:61153 - "POST /mcp/ HTTP/1.1" 200
2026-06-16 20:40:00,966 [INFO] mcp.server.lowlevel.server: Processing request of type GetPromptRequest
2026-06-16 20:40:00,970 [TRACE] uvicorn.asgi: ::1:61153 - ASGI [51] Send {'type': 'http.response.body', 'body': '<541 bytes>', 'more_body': True}
2026-06-16 20:40:00,970 [TRACE] uvicorn.asgi: ::1:61153 - ASGI [51] Send {'type': 'http.response.body', 'body': '<0 bytes>', 'more_body': False}
2026-06-16 20:40:00,971 [TRACE] uvicorn.asgi: ::1:61153 - ASGI [51] Receive {'type': 'http.disconnect'}
2026-06-16 20:40:00,971 [TRACE] uvicorn.error: ::1:61153 - HTTP connection lost
2026-06-16 20:40:00,971 [TRACE] uvicorn.asgi: ::1:61153 - ASGI [51] Completed
2026-06-16 20:40:08,577 [TRACE] uvicorn.asgi: ::1:62211 - ASGI [7] Send {'type': 'http.response.body', 'body': '<45 bytes>', 'more_body': True}
2026-06-16 20:40:23,580 [TRACE] uvicorn.asgi: ::1:62211 - ASGI [7] Send {'type': 'http.response.body', 'body': '<45 bytes>', 'more_body': True}
2026-06-16 20:40:38,586 [TRACE] uvicorn.asgi: ::1:62211 - ASGI [7] Send {'type': 'http.response.body', 'body': '<45 bytes>', 'more_body': True}
2026-06-16 20:40:53,594 [TRACE] uvicorn.asgi: ::1:62211 - ASGI [7] Send {'type': 'http.response.body', 'body': '<45 bytes>', 'more_body': True}
2026-06-16 20:41:05,196 [TRACE] uvicorn.error: ::1:61157 - HTTP connection made
2026-06-16 20:41:05,196 [TRACE] uvicorn.asgi: ::1:61157 - ASGI [52] Started scope={'type': 'http', 'asgi': {'version': '3.0', 'spec_version': '2.3'}, 'http_version': '1.1', 'server': ('::1', 8003), 'client': ('::1', 61157), 'scheme': 'http', 'method': 'POST', 'root_path': '', 'path': '/mcp/', 'raw_path': b'/mcp/', 'query_string': b'', 'headers': '<...>', 'state': {}}
2026-06-16 20:41:05,197 [TRACE] uvicorn.asgi: ::1:61157 - ASGI [52] Receive {'type': 'http.request', 'body': '<102 bytes>', 'more_body': False}
2026-06-16 20:41:05,198 [TRACE] uvicorn.asgi: ::1:61157 - ASGI [52] Send {'type': 'http.response.start', 'status': 200, 'headers': '<...>'}
2026-06-16 20:41:05,198 [INFO] uvicorn.access: ::1:61157 - "POST /mcp/ HTTP/1.1" 200
2026-06-16 20:41:05,199 [INFO] mcp.server.lowlevel.server: Processing request of type GetPromptRequest
2026-06-16 20:41:05,202 [TRACE] uvicorn.asgi: ::1:61157 - ASGI [52] Send {'type': 'http.response.body', 'body': '<520 bytes>', 'more_body': True}
2026-06-16 20:41:05,202 [TRACE] uvicorn.asgi: ::1:61157 - ASGI [52] Send {'type': 'http.response.body', 'body': '<0 bytes>', 'more_body': False}
2026-06-16 20:41:05,203 [TRACE] uvicorn.asgi: ::1:61157 - ASGI [52] Receive {'type': 'http.disconnect'}
2026-06-16 20:41:05,203 [TRACE] uvicorn.error: ::1:61157 - HTTP connection lost
2026-06-16 20:41:05,203 [TRACE] uvicorn.asgi: ::1:61157 - ASGI [52] Completed
2026-06-16 20:41:08,603 [TRACE] uvicorn.asgi: ::1:62211 - ASGI [7] Send {'type': 'http.response.body', 'body': '<45 bytes>', 'more_body': True}
2026-06-16 20:41:23,616 [TRACE] uvicorn.asgi: ::1:62211 - ASGI [7] Send {'type': 'http.response.body', 'body': '<45 bytes>', 'more_body': True}
2026-06-16 20:41:38,633 [TRACE] uvicorn.asgi: ::1:62211 - ASGI [7] Send {'type': 'http.response.body', 'body': '<45 bytes>', 'more_body': True}
2026-06-16 20:41:53,651 [TRACE] uvicorn.asgi: ::1:62211 - ASGI [7] Send {'type': 'http.response.body', 'body': '<45 bytes>', 'more_body': True}
2026-06-16 20:42:08,659 [TRACE] uvicorn.asgi: ::1:62211 - ASGI [7] Send {'type': 'http.response.body', 'body': '<45 bytes>', 'more_body': True}
2026-06-16 20:42:23,669 [TRACE] uvicorn.asgi: ::1:62211 - ASGI [7] Send {'type': 'http.response.body', 'body': '<45 bytes>', 'more_body': True}
2026-06-16 20:42:38,681 [TRACE] uvicorn.asgi: ::1:62211 - ASGI [7] Send {'type': 'http.response.body', 'body': '<45 bytes>', 'more_body': True}
2026-06-16 20:42:53,688 [TRACE] uvicorn.asgi: ::1:62211 - ASGI [7] Send {'type': 'http.response.body', 'body': '<45 bytes>', 'more_body': True}
2026-06-16 20:43:08,700 [TRACE] uvicorn.asgi: ::1:62211 - ASGI [7] Send {'type': 'http.response.body', 'body': '<45 bytes>', 'more_body': True}
2026-06-16 20:43:23,707 [TRACE] uvicorn.asgi: ::1:62211 - ASGI [7] Send {'type': 'http.response.body', 'body': '<45 bytes>', 'more_body': True}
2026-06-16 20:43:34,773 [TRACE] uvicorn.error: ::1:51887 - HTTP connection made
2026-06-16 20:43:34,774 [TRACE] uvicorn.asgi: ::1:51887 - ASGI [53] Started scope={'type': 'http', 'asgi': {'version': '3.0', 'spec_version': '2.3'}, 'http_version': '1.1', 'server': ('::1', 8003), 'client': ('::1', 51887), 'scheme': 'http', 'method': 'POST', 'root_path': '', 'path': '/mcp/', 'raw_path': b'/mcp/', 'query_string': b'', 'headers': '<...>', 'state': {}}
2026-06-16 20:43:34,774 [TRACE] uvicorn.asgi: ::1:51887 - ASGI [53] Receive {'type': 'http.request', 'body': '<102 bytes>', 'more_body': False}
2026-06-16 20:43:34,775 [TRACE] uvicorn.asgi: ::1:51887 - ASGI [53] Send {'type': 'http.response.start', 'status': 200, 'headers': '<...>'}
2026-06-16 20:43:34,775 [INFO] uvicorn.access: ::1:51887 - "POST /mcp/ HTTP/1.1" 200
2026-06-16 20:43:34,777 [INFO] mcp.server.lowlevel.server: Processing request of type GetPromptRequest
2026-06-16 20:43:34,779 [TRACE] uvicorn.asgi: ::1:51887 - ASGI [53] Send {'type': 'http.response.body', 'body': '<541 bytes>', 'more_body': True}
2026-06-16 20:43:34,780 [TRACE] uvicorn.asgi: ::1:51887 - ASGI [53] Send {'type': 'http.response.body', 'body': '<0 bytes>', 'more_body': False}
2026-06-16 20:43:34,780 [TRACE] uvicorn.asgi: ::1:51887 - ASGI [53] Receive {'type': 'http.disconnect'}
2026-06-16 20:43:34,780 [TRACE] uvicorn.error: ::1:51887 - HTTP connection lost
2026-06-16 20:43:34,781 [TRACE] uvicorn.asgi: ::1:51887 - ASGI [53] Completed
2026-06-16 20:43:38,715 [TRACE] uvicorn.asgi: ::1:62211 - ASGI [7] Send {'type': 'http.response.body', 'body': '<45 bytes>', 'more_body': True}
2026-06-16 20:43:53,729 [TRACE] uvicorn.asgi: ::1:62211 - ASGI [7] Send {'type': 'http.response.body', 'body': '<45 bytes>', 'more_body': True}
2026-06-16 20:44:08,730 [TRACE] uvicorn.asgi: ::1:62211 - ASGI [7] Send {'type': 'http.response.body', 'body': '<45 bytes>', 'more_body': True}
2026-06-16 20:44:23,744 [TRACE] uvicorn.asgi: ::1:62211 - ASGI [7] Send {'type': 'http.response.body', 'body': '<45 bytes>', 'more_body': True}
2026-06-16 20:44:38,756 [TRACE] uvicorn.asgi: ::1:62211 - ASGI [7] Send {'type': 'http.response.body', 'body': '<45 bytes>', 'more_body': True}
2026-06-16 20:44:53,767 [TRACE] uvicorn.asgi: ::1:62211 - ASGI [7] Send {'type': 'http.response.body', 'body': '<45 bytes>', 'more_body': True}
2026-06-16 20:45:08,781 [TRACE] uvicorn.asgi: ::1:62211 - ASGI [7] Send {'type': 'http.response.body', 'body': '<45 bytes>', 'more_body': True}
2026-06-16 20:45:23,788 [TRACE] uvicorn.asgi: ::1:62211 - ASGI [7] Send {'type': 'http.response.body', 'body': '<45 bytes>', 'more_body': True}
2026-06-16 20:45:38,799 [TRACE] uvicorn.asgi: ::1:62211 - ASGI [7] Send {'type': 'http.response.body', 'body': '<45 bytes>', 'more_body': True}
2026-06-16 20:45:53,819 [TRACE] uvicorn.asgi: ::1:62211 - ASGI [7] Send {'type': 'http.response.body', 'body': '<45 bytes>', 'more_body': True}
2026-06-16 20:46:08,836 [TRACE] uvicorn.asgi: ::1:62211 - ASGI [7] Send {'type': 'http.response.body', 'body': '<45 bytes>', 'more_body': True}
2026-06-16 20:46:23,851 [TRACE] uvicorn.asgi: ::1:62211 - ASGI [7] Send {'type': 'http.response.body', 'body': '<45 bytes>', 'more_body': True}
2026-06-16 20:46:38,852 [TRACE] uvicorn.asgi: ::1:62211 - ASGI [7] Send {'type': 'http.response.body', 'body': '<45 bytes>', 'more_body': True}
2026-06-16 20:46:53,854 [TRACE] uvicorn.asgi: ::1:62211 - ASGI [7] Send {'type': 'http.response.body', 'body': '<45 bytes>', 'more_body': True}
2026-06-16 20:47:08,868 [TRACE] uvicorn.asgi: ::1:62211 - ASGI [7] Send {'type': 'http.response.body', 'body': '<45 bytes>', 'more_body': True}
2026-06-16 20:47:23,870 [TRACE] uvicorn.asgi: ::1:62211 - ASGI [7] Send {'type': 'http.response.body', 'body': '<45 bytes>', 'more_body': True}
2026-06-16 20:47:38,887 [TRACE] uvicorn.asgi: ::1:62211 - ASGI [7] Send {'type': 'http.response.body', 'body': '<45 bytes>', 'more_body': True}
2026-06-16 20:47:53,903 [TRACE] uvicorn.asgi: ::1:62211 - ASGI [7] Send {'type': 'http.response.body', 'body': '<45 bytes>', 'more_body': True}
2026-06-16 20:48:08,920 [TRACE] uvicorn.asgi: ::1:62211 - ASGI [7] Send {'type': 'http.response.body', 'body': '<45 bytes>', 'more_body': True}
2026-06-16 20:48:23,936 [TRACE] uvicorn.asgi: ::1:62211 - ASGI [7] Send {'type': 'http.response.body', 'body': '<45 bytes>', 'more_body': True}
2026-06-16 20:48:38,949 [TRACE] uvicorn.asgi: ::1:62211 - ASGI [7] Send {'type': 'http.response.body', 'body': '<45 bytes>', 'more_body': True}
2026-06-16 20:48:53,955 [TRACE] uvicorn.asgi: ::1:62211 - ASGI [7] Send {'type': 'http.response.body', 'body': '<45 bytes>', 'more_body': True}
2026-06-16 20:49:08,969 [TRACE] uvicorn.asgi: ::1:62211 - ASGI [7] Send {'type': 'http.response.body', 'body': '<45 bytes>', 'more_body': True}
2026-06-16 20:49:23,986 [TRACE] uvicorn.asgi: ::1:62211 - ASGI [7] Send {'type': 'http.response.body', 'body': '<45 bytes>', 'more_body': True}
2026-06-16 20:49:38,998 [TRACE] uvicorn.asgi: ::1:62211 - ASGI [7] Send {'type': 'http.response.body', 'body': '<45 bytes>', 'more_body': True}
2026-06-16 20:49:45,439 [TRACE] uvicorn.error: ::1:57949 - HTTP connection made
2026-06-16 20:49:45,441 [TRACE] uvicorn.asgi: ::1:57949 - ASGI [54] Started scope={'type': 'http', 'asgi': {'version': '3.0', 'spec_version': '2.3'}, 'http_version': '1.1', 'server': ('::1', 8003), 'client': ('::1', 57949), 'scheme': 'http', 'method': 'POST', 'root_path': '', 'path': '/mcp/', 'raw_path': b'/mcp/', 'query_string': b'', 'headers': '<...>', 'state': {}}
2026-06-16 20:49:45,443 [INFO] mcp.server.streamable_http_manager: Created new transport with session ID: 6145fbd1065b40559e7d6f4352259f0f
2026-06-16 20:49:45,444 [WARNING] mcp.server.transport_security: Missing Content-Type header in POST request
2026-06-16 20:49:45,444 [TRACE] uvicorn.asgi: ::1:57949 - ASGI [54] Send {'type': 'http.response.start', 'status': 400, 'headers': '<...>'}
2026-06-16 20:49:45,444 [INFO] uvicorn.access: ::1:57949 - "POST /mcp/ HTTP/1.1" 400
2026-06-16 20:49:45,445 [TRACE] uvicorn.asgi: ::1:57949 - ASGI [54] Send {'type': 'http.response.body', 'body': '<27 bytes>'}
2026-06-16 20:49:45,445 [TRACE] uvicorn.asgi: ::1:57949 - ASGI [54] Completed
2026-06-16 20:49:45,448 [TRACE] uvicorn.error: ::1:57949 - HTTP connection lost
2026-06-16 20:49:54,011 [TRACE] uvicorn.asgi: ::1:62211 - ASGI [7] Send {'type': 'http.response.body', 'body': '<45 bytes>', 'more_body': True}
2026-06-16 20:50:09,017 [TRACE] uvicorn.asgi: ::1:62211 - ASGI [7] Send {'type': 'http.response.body', 'body': '<45 bytes>', 'more_body': True}
2026-06-16 20:50:24,022 [TRACE] uvicorn.asgi: ::1:62211 - ASGI [7] Send {'type': 'http.response.body', 'body': '<45 bytes>', 'more_body': True}
2026-06-16 20:50:39,035 [TRACE] uvicorn.asgi: ::1:62211 - ASGI [7] Send {'type': 'http.response.body', 'body': '<45 bytes>', 'more_body': True}
2026-06-16 20:50:54,041 [TRACE] uvicorn.asgi: ::1:62211 - ASGI [7] Send {'type': 'http.response.body', 'body': '<45 bytes>', 'more_body': True}
2026-06-16 20:51:09,051 [TRACE] uvicorn.asgi: ::1:62211 - ASGI [7] Send {'type': 'http.response.body', 'body': '<45 bytes>', 'more_body': True}
2026-06-16 20:51:09,536 [TRACE] uvicorn.error: ::1:57953 - HTTP connection made
2026-06-16 20:51:09,537 [TRACE] uvicorn.asgi: ::1:57953 - ASGI [55] Started scope={'type': 'http', 'asgi': {'version': '3.0', 'spec_version': '2.3'}, 'http_version': '1.1', 'server': ('::1', 8003), 'client': ('::1', 57953), 'scheme': 'http', 'method': 'POST', 'root_path': '', 'path': '/mcp/', 'raw_path': b'/mcp/', 'query_string': b'', 'headers': '<...>', 'state': {}}
2026-06-16 20:51:09,537 [TRACE] uvicorn.asgi: ::1:57953 - ASGI [55] Receive {'type': 'http.request', 'body': '<142 bytes>', 'more_body': False}
2026-06-16 20:51:09,538 [TRACE] uvicorn.asgi: ::1:57953 - ASGI [55] Send {'type': 'http.response.start', 'status': 200, 'headers': '<...>'}
2026-06-16 20:51:09,538 [INFO] uvicorn.access: ::1:57953 - "POST /mcp/ HTTP/1.1" 200
2026-06-16 20:51:09,540 [INFO] mcp.server.lowlevel.server: Processing request of type CallToolRequest
2026-06-16 20:51:09,602 [INFO] httpx: HTTP Request: POST http://fastapi/monitor-shipment "HTTP/1.1 200 OK"
2026-06-16 20:51:09,608 [TRACE] uvicorn.asgi: ::1:57953 - ASGI [55] Send {'type': 'http.response.body', 'body': '<730 bytes>', 'more_body': True}
2026-06-16 20:51:09,609 [TRACE] uvicorn.asgi: ::1:57953 - ASGI [55] Send {'type': 'http.response.body', 'body': '<0 bytes>', 'more_body': False}
2026-06-16 20:51:09,610 [TRACE] uvicorn.asgi: ::1:57953 - ASGI [55] Receive {'type': 'http.disconnect'}
2026-06-16 20:51:09,610 [TRACE] uvicorn.error: ::1:57953 - HTTP connection lost
2026-06-16 20:51:09,611 [TRACE] uvicorn.asgi: ::1:57953 - ASGI [55] Completed
2026-06-16 20:51:24,057 [TRACE] uvicorn.asgi: ::1:62211 - ASGI [7] Send {'type': 'http.response.body', 'body': '<45 bytes>', 'more_body': True}
2026-06-16 20:51:39,064 [TRACE] uvicorn.asgi: ::1:62211 - ASGI [7] Send {'type': 'http.response.body', 'body': '<45 bytes>', 'more_body': True}
2026-06-16 20:51:54,076 [TRACE] uvicorn.asgi: ::1:62211 - ASGI [7] Send {'type': 'http.response.body', 'body': '<45 bytes>', 'more_body': True}
2026-06-16 20:52:09,085 [TRACE] uvicorn.asgi: ::1:62211 - ASGI [7] Send {'type': 'http.response.body', 'body': '<45 bytes>', 'more_body': True}
2026-06-16 20:52:24,091 [TRACE] uvicorn.asgi: ::1:62211 - ASGI [7] Send {'type': 'http.response.body', 'body': '<45 bytes>', 'more_body': True}
2026-06-16 20:52:39,102 [TRACE] uvicorn.asgi: ::1:62211 - ASGI [7] Send {'type': 'http.response.body', 'body': '<45 bytes>', 'more_body': True}
2026-06-16 20:52:54,113 [TRACE] uvicorn.asgi: ::1:62211 - ASGI [7] Send {'type': 'http.response.body', 'body': '<45 bytes>', 'more_body': True}
2026-06-16 20:53:03,529 [TRACE] uvicorn.error: ::1:51827 - HTTP connection made
2026-06-16 20:53:03,530 [TRACE] uvicorn.asgi: ::1:51827 - ASGI [56] Started scope={'type': 'http', 'asgi': {'version': '3.0', 'spec_version': '2.3'}, 'http_version': '1.1', 'server': ('::1', 8003), 'client': ('::1', 51827), 'scheme': 'http', 'method': 'POST', 'root_path': '', 'path': '/mcp/', 'raw_path': b'/mcp/', 'query_string': b'', 'headers': '<...>', 'state': {}}
2026-06-16 20:53:03,531 [INFO] mcp.server.streamable_http_manager: Created new transport with session ID: 9d07f1e55ae54237947b494ff46cc1e2
2026-06-16 20:53:03,532 [TRACE] uvicorn.asgi: ::1:51827 - ASGI [56] Receive {'type': 'http.request', 'body': '<191 bytes>', 'more_body': False}
2026-06-16 20:53:03,533 [TRACE] uvicorn.asgi: ::1:51827 - ASGI [56] Send {'type': 'http.response.start', 'status': <HTTPStatus.BAD_REQUEST: 400>, 'headers': '<...>'}
2026-06-16 20:53:03,533 [INFO] uvicorn.access: ::1:51827 - "POST /mcp/ HTTP/1.1" 400
2026-06-16 20:53:03,534 [TRACE] uvicorn.asgi: ::1:51827 - ASGI [56] Send {'type': 'http.response.body', 'body': '<105 bytes>'}
2026-06-16 20:53:03,534 [TRACE] uvicorn.asgi: ::1:51827 - ASGI [56] Completed
2026-06-16 20:53:03,551 [TRACE] uvicorn.error: ::1:51827 - HTTP connection lost
2026-06-16 20:53:09,128 [TRACE] uvicorn.asgi: ::1:62211 - ASGI [7] Send {'type': 'http.response.body', 'body': '<45 bytes>', 'more_body': True}
2026-06-16 20:53:24,134 [TRACE] uvicorn.asgi: ::1:62211 - ASGI [7] Send {'type': 'http.response.body', 'body': '<45 bytes>', 'more_body': True}
2026-06-16 20:53:39,141 [TRACE] uvicorn.asgi: ::1:62211 - ASGI [7] Send {'type': 'http.response.body', 'body': '<45 bytes>', 'more_body': True}
2026-06-16 20:53:54,152 [TRACE] uvicorn.asgi: ::1:62211 - ASGI [7] Send {'type': 'http.response.body', 'body': '<45 bytes>', 'more_body': True}
2026-06-16 20:54:09,161 [TRACE] uvicorn.asgi: ::1:62211 - ASGI [7] Send {'type': 'http.response.body', 'body': '<45 bytes>', 'more_body': True}
2026-06-16 20:54:24,178 [TRACE] uvicorn.asgi: ::1:62211 - ASGI [7] Send {'type': 'http.response.body', 'body': '<45 bytes>', 'more_body': True}
2026-06-16 20:54:39,188 [TRACE] uvicorn.asgi: ::1:62211 - ASGI [7] Send {'type': 'http.response.body', 'body': '<45 bytes>', 'more_body': True}
2026-06-16 20:54:54,194 [TRACE] uvicorn.asgi: ::1:62211 - ASGI [7] Send {'type': 'http.response.body', 'body': '<45 bytes>', 'more_body': True}
2026-06-16 20:55:09,206 [TRACE] uvicorn.asgi: ::1:62211 - ASGI [7] Send {'type': 'http.response.body', 'body': '<45 bytes>', 'more_body': True}
2026-06-16 20:55:24,222 [TRACE] uvicorn.asgi: ::1:62211 - ASGI [7] Send {'type': 'http.response.body', 'body': '<45 bytes>', 'more_body': True}
2026-06-16 20:55:39,229 [TRACE] uvicorn.asgi: ::1:62211 - ASGI [7] Send {'type': 'http.response.body', 'body': '<45 bytes>', 'more_body': True}
2026-06-16 20:55:54,241 [TRACE] uvicorn.asgi: ::1:62211 - ASGI [7] Send {'type': 'http.response.body', 'body': '<45 bytes>', 'more_body': True}
2026-06-16 20:56:09,252 [TRACE] uvicorn.asgi: ::1:62211 - ASGI [7] Send {'type': 'http.response.body', 'body': '<45 bytes>', 'more_body': True}
2026-06-16 20:56:24,264 [TRACE] uvicorn.asgi: ::1:62211 - ASGI [7] Send {'type': 'http.response.body', 'body': '<45 bytes>', 'more_body': True}
2026-06-16 20:56:39,276 [TRACE] uvicorn.asgi: ::1:62211 - ASGI [7] Send {'type': 'http.response.body', 'body': '<45 bytes>', 'more_body': True}
2026-06-16 20:56:54,287 [TRACE] uvicorn.asgi: ::1:62211 - ASGI [7] Send {'type': 'http.response.body', 'body': '<45 bytes>', 'more_body': True}
2026-06-16 20:57:09,298 [TRACE] uvicorn.asgi: ::1:62211 - ASGI [7] Send {'type': 'http.response.body', 'body': '<45 bytes>', 'more_body': True}
2026-06-16 20:57:24,311 [TRACE] uvicorn.asgi: ::1:62211 - ASGI [7] Send {'type': 'http.response.body', 'body': '<45 bytes>', 'more_body': True}
2026-06-16 20:57:39,324 [TRACE] uvicorn.asgi: ::1:62211 - ASGI [7] Send {'type': 'http.response.body', 'body': '<45 bytes>', 'more_body': True}
2026-06-16 20:57:54,338 [TRACE] uvicorn.asgi: ::1:62211 - ASGI [7] Send {'type': 'http.response.body', 'body': '<45 bytes>', 'more_body': True}
2026-06-16 20:58:09,346 [TRACE] uvicorn.asgi: ::1:62211 - ASGI [7] Send {'type': 'http.response.body', 'body': '<45 bytes>', 'more_body': True}
2026-06-16 20:58:24,350 [TRACE] uvicorn.asgi: ::1:62211 - ASGI [7] Send {'type': 'http.response.body', 'body': '<45 bytes>', 'more_body': True}
2026-06-16 20:58:39,355 [TRACE] uvicorn.asgi: ::1:62211 - ASGI [7] Send {'type': 'http.response.body', 'body': '<45 bytes>', 'more_body': True}
2026-06-16 20:58:54,364 [TRACE] uvicorn.asgi: ::1:62211 - ASGI [7] Send {'type': 'http.response.body', 'body': '<45 bytes>', 'more_body': True}
2026-06-16 20:59:09,366 [TRACE] uvicorn.asgi: ::1:62211 - ASGI [7] Send {'type': 'http.response.body', 'body': '<45 bytes>', 'more_body': True}
2026-06-16 20:59:24,373 [TRACE] uvicorn.asgi: ::1:62211 - ASGI [7] Send {'type': 'http.response.body', 'body': '<45 bytes>', 'more_body': True}
2026-06-16 20:59:39,384 [TRACE] uvicorn.asgi: ::1:62211 - ASGI [7] Send {'type': 'http.response.body', 'body': '<45 bytes>', 'more_body': True}
2026-06-16 20:59:54,386 [TRACE] uvicorn.asgi: ::1:62211 - ASGI [7] Send {'type': 'http.response.body', 'body': '<45 bytes>', 'more_body': True}
2026-06-16 21:00:05,119 [TRACE] uvicorn.error: ::1:61167 - HTTP connection made
2026-06-16 21:00:05,120 [TRACE] uvicorn.asgi: ::1:61167 - ASGI [57] Started scope={'type': 'http', 'asgi': {'version': '3.0', 'spec_version': '2.3'}, 'http_version': '1.1', 'server': ('::1', 8003), 'client': ('::1', 61167), 'scheme': 'http', 'method': 'POST', 'root_path': '', 'path': '/mcp/', 'raw_path': b'/mcp/', 'query_string': b'', 'headers': '<...>', 'state': {}}
2026-06-16 21:00:05,120 [TRACE] uvicorn.asgi: ::1:61167 - ASGI [57] Receive {'type': 'http.request', 'body': '<186 bytes>', 'more_body': False}
2026-06-16 21:00:05,121 [TRACE] uvicorn.asgi: ::1:61167 - ASGI [57] Send {'type': 'http.response.start', 'status': 200, 'headers': '<...>'}
2026-06-16 21:00:05,121 [INFO] uvicorn.access: ::1:61167 - "POST /mcp/ HTTP/1.1" 200
2026-06-16 21:00:05,122 [INFO] mcp.server.lowlevel.server: Processing request of type CallToolRequest
2026-06-16 21:00:05,125 [WARNING] mcp.server.lowlevel.server: Tool 'generate_delay_communication_generate_delay_communication' not listed, no validation will be performed
2026-06-16 21:00:05,129 [TRACE] uvicorn.asgi: ::1:61167 - ASGI [57] Send {'type': 'http.response.body', 'body': '<187 bytes>', 'more_body': True}
2026-06-16 21:00:05,130 [TRACE] uvicorn.asgi: ::1:61167 - ASGI [57] Send {'type': 'http.response.body', 'body': '<0 bytes>', 'more_body': False}
2026-06-16 21:00:05,130 [TRACE] uvicorn.asgi: ::1:61167 - ASGI [57] Receive {'type': 'http.disconnect'}
2026-06-16 21:00:05,130 [TRACE] uvicorn.error: ::1:61167 - HTTP connection lost
2026-06-16 21:00:05,131 [TRACE] uvicorn.asgi: ::1:61167 - ASGI [57] Completed
2026-06-16 21:00:09,391 [TRACE] uvicorn.asgi: ::1:62211 - ASGI [7] Send {'type': 'http.response.body', 'body': '<45 bytes>', 'more_body': True}
2026-06-16 21:00:24,401 [TRACE] uvicorn.asgi: ::1:62211 - ASGI [7] Send {'type': 'http.response.body', 'body': '<45 bytes>', 'more_body': True}
2026-06-16 21:00:39,416 [TRACE] uvicorn.asgi: ::1:62211 - ASGI [7] Send {'type': 'http.response.body', 'body': '<45 bytes>', 'more_body': True}
2026-06-16 21:00:54,428 [TRACE] uvicorn.asgi: ::1:62211 - ASGI [7] Send {'type': 'http.response.body', 'body': '<45 bytes>', 'more_body': True}
2026-06-16 21:01:09,435 [TRACE] uvicorn.asgi: ::1:62211 - ASGI [7] Send {'type': 'http.response.body', 'body': '<45 bytes>', 'more_body': True}
2026-06-16 21:01:24,451 [TRACE] uvicorn.asgi: ::1:62211 - ASGI [7] Send {'type': 'http.response.body', 'body': '<45 bytes>', 'more_body': True}
2026-06-16 21:01:39,459 [TRACE] uvicorn.asgi: ::1:62211 - ASGI [7] Send {'type': 'http.response.body', 'body': '<45 bytes>', 'more_body': True}
2026-06-16 21:01:54,471 [TRACE] uvicorn.asgi: ::1:62211 - ASGI [7] Send {'type': 'http.response.body', 'body': '<45 bytes>', 'more_body': True}
2026-06-16 21:02:09,478 [TRACE] uvicorn.asgi: ::1:62211 - ASGI [7] Send {'type': 'http.response.body', 'body': '<45 bytes>', 'more_body': True}
2026-06-16 21:02:24,485 [TRACE] uvicorn.asgi: ::1:62211 - ASGI [7] Send {'type': 'http.response.body', 'body': '<45 bytes>', 'more_body': True}
2026-06-16 21:02:39,494 [TRACE] uvicorn.asgi: ::1:62211 - ASGI [7] Send {'type': 'http.response.body', 'body': '<45 bytes>', 'more_body': True}
2026-06-16 21:02:54,508 [TRACE] uvicorn.asgi: ::1:62211 - ASGI [7] Send {'type': 'http.response.body', 'body': '<45 bytes>', 'more_body': True}
2026-06-16 21:03:09,520 [TRACE] uvicorn.asgi: ::1:62211 - ASGI [7] Send {'type': 'http.response.body', 'body': '<45 bytes>', 'more_body': True}
2026-06-16 21:03:24,533 [TRACE] uvicorn.asgi: ::1:62211 - ASGI [7] Send {'type': 'http.response.body', 'body': '<45 bytes>', 'more_body': True}
2026-06-16 21:03:39,542 [TRACE] uvicorn.asgi: ::1:62211 - ASGI [7] Send {'type': 'http.response.body', 'body': '<45 bytes>', 'more_body': True}
2026-06-16 21:03:54,556 [TRACE] uvicorn.asgi: ::1:62211 - ASGI [7] Send {'type': 'http.response.body', 'body': '<45 bytes>', 'more_body': True}
2026-06-16 21:04:09,559 [TRACE] uvicorn.asgi: ::1:62211 - ASGI [7] Send {'type': 'http.response.body', 'body': '<45 bytes>', 'more_body': True}
2026-06-16 21:04:24,561 [TRACE] uvicorn.asgi: ::1:62211 - ASGI [7] Send {'type': 'http.response.body', 'body': '<45 bytes>', 'more_body': True}
2026-06-16 21:04:39,575 [TRACE] uvicorn.asgi: ::1:62211 - ASGI [7] Send {'type': 'http.response.body', 'body': '<45 bytes>', 'more_body': True}
2026-06-16 21:04:54,592 [TRACE] uvicorn.asgi: ::1:62211 - ASGI [7] Send {'type': 'http.response.body', 'body': '<45 bytes>', 'more_body': True}
2026-06-16 21:05:09,607 [TRACE] uvicorn.asgi: ::1:62211 - ASGI [7] Send {'type': 'http.response.body', 'body': '<45 bytes>', 'more_body': True}
2026-06-16 21:05:24,609 [TRACE] uvicorn.asgi: ::1:62211 - ASGI [7] Send {'type': 'http.response.body', 'body': '<45 bytes>', 'more_body': True}
2026-06-16 21:05:39,612 [TRACE] uvicorn.asgi: ::1:62211 - ASGI [7] Send {'type': 'http.response.body', 'body': '<45 bytes>', 'more_body': True}
2026-06-16 21:05:54,625 [TRACE] uvicorn.asgi: ::1:62211 - ASGI [7] Send {'type': 'http.response.body', 'body': '<45 bytes>', 'more_body': True}
2026-06-16 21:06:09,641 [TRACE] uvicorn.asgi: ::1:62211 - ASGI [7] Send {'type': 'http.response.body', 'body': '<45 bytes>', 'more_body': True}
2026-06-16 21:06:24,644 [TRACE] uvicorn.asgi: ::1:62211 - ASGI [7] Send {'type': 'http.response.body', 'body': '<45 bytes>', 'more_body': True}
2026-06-16 21:06:39,645 [TRACE] uvicorn.asgi: ::1:62211 - ASGI [7] Send {'type': 'http.response.body', 'body': '<45 bytes>', 'more_body': True}
2026-06-16 21:06:54,660 [TRACE] uvicorn.asgi: ::1:62211 - ASGI [7] Send {'type': 'http.response.body', 'body': '<45 bytes>', 'more_body': True}
2026-06-16 21:07:09,662 [TRACE] uvicorn.asgi: ::1:62211 - ASGI [7] Send {'type': 'http.response.body', 'body': '<45 bytes>', 'more_body': True}
2026-06-16 21:07:24,676 [TRACE] uvicorn.asgi: ::1:62211 - ASGI [7] Send {'type': 'http.response.body', 'body': '<45 bytes>', 'more_body': True}
2026-06-16 21:07:39,678 [TRACE] uvicorn.asgi: ::1:62211 - ASGI [7] Send {'type': 'http.response.body', 'body': '<45 bytes>', 'more_body': True}
2026-06-16 21:07:54,682 [TRACE] uvicorn.asgi: ::1:62211 - ASGI [7] Send {'type': 'http.response.body', 'body': '<45 bytes>', 'more_body': True}
2026-06-16 21:08:09,696 [TRACE] uvicorn.asgi: ::1:62211 - ASGI [7] Send {'type': 'http.response.body', 'body': '<45 bytes>', 'more_body': True}
2026-06-16 21:08:24,698 [TRACE] uvicorn.asgi: ::1:62211 - ASGI [7] Send {'type': 'http.response.body', 'body': '<45 bytes>', 'more_body': True}
2026-06-16 21:08:39,712 [TRACE] uvicorn.asgi: ::1:62211 - ASGI [7] Send {'type': 'http.response.body', 'body': '<45 bytes>', 'more_body': True}
2026-06-16 21:08:54,730 [TRACE] uvicorn.asgi: ::1:62211 - ASGI [7] Send {'type': 'http.response.body', 'body': '<45 bytes>', 'more_body': True}
2026-06-16 21:09:09,741 [TRACE] uvicorn.asgi: ::1:62211 - ASGI [7] Send {'type': 'http.response.body', 'body': '<45 bytes>', 'more_body': True}
2026-06-16 21:09:24,745 [TRACE] uvicorn.asgi: ::1:62211 - ASGI [7] Send {'type': 'http.response.body', 'body': '<45 bytes>', 'more_body': True}
2026-06-16 21:09:39,749 [TRACE] uvicorn.asgi: ::1:62211 - ASGI [7] Send {'type': 'http.response.body', 'body': '<45 bytes>', 'more_body': True}
2026-06-16 21:09:54,763 [TRACE] uvicorn.asgi: ::1:62211 - ASGI [7] Send {'type': 'http.response.body', 'body': '<45 bytes>', 'more_body': True}
2026-06-16 21:10:09,766 [TRACE] uvicorn.asgi: ::1:62211 - ASGI [7] Send {'type': 'http.response.body', 'body': '<45 bytes>', 'more_body': True}
2026-06-16 21:10:24,781 [TRACE] uvicorn.asgi: ::1:62211 - ASGI [7] Send {'type': 'http.response.body', 'body': '<45 bytes>', 'more_body': True}
2026-06-16 21:10:39,798 [TRACE] uvicorn.asgi: ::1:62211 - ASGI [7] Send {'type': 'http.response.body', 'body': '<45 bytes>', 'more_body': True}
2026-06-16 21:10:54,809 [TRACE] uvicorn.asgi: ::1:62211 - ASGI [7] Send {'type': 'http.response.body', 'body': '<45 bytes>', 'more_body': True}
2026-06-16 21:11:09,814 [TRACE] uvicorn.asgi: ::1:62211 - ASGI [7] Send {'type': 'http.response.body', 'body': '<45 bytes>', 'more_body': True}
2026-06-16 21:11:24,817 [TRACE] uvicorn.asgi: ::1:62211 - ASGI [7] Send {'type': 'http.response.body', 'body': '<45 bytes>', 'more_body': True}
2026-06-16 21:11:39,834 [TRACE] uvicorn.asgi: ::1:62211 - ASGI [7] Send {'type': 'http.response.body', 'body': '<45 bytes>', 'more_body': True}
2026-06-16 21:11:54,836 [TRACE] uvicorn.asgi: ::1:62211 - ASGI [7] Send {'type': 'http.response.body', 'body': '<45 bytes>', 'more_body': True}
2026-06-16 21:12:09,846 [TRACE] uvicorn.asgi: ::1:62211 - ASGI [7] Send {'type': 'http.response.body', 'body': '<45 bytes>', 'more_body': True}
2026-06-16 21:12:24,848 [TRACE] uvicorn.asgi: ::1:62211 - ASGI [7] Send {'type': 'http.response.body', 'body': '<45 bytes>', 'more_body': True}
2026-06-16 21:12:39,853 [TRACE] uvicorn.asgi: ::1:62211 - ASGI [7] Send {'type': 'http.response.body', 'body': '<45 bytes>', 'more_body': True}
2026-06-16 21:12:54,866 [TRACE] uvicorn.asgi: ::1:62211 - ASGI [7] Send {'type': 'http.response.body', 'body': '<45 bytes>', 'more_body': True}
2026-06-16 21:13:09,881 [TRACE] uvicorn.asgi: ::1:62211 - ASGI [7] Send {'type': 'http.response.body', 'body': '<45 bytes>', 'more_body': True}
2026-06-16 21:13:24,885 [TRACE] uvicorn.asgi: ::1:62211 - ASGI [7] Send {'type': 'http.response.body', 'body': '<45 bytes>', 'more_body': True}
2026-06-16 21:13:39,899 [TRACE] uvicorn.asgi: ::1:62211 - ASGI [7] Send {'type': 'http.response.body', 'body': '<45 bytes>', 'more_body': True}
2026-06-16 21:13:54,900 [TRACE] uvicorn.asgi: ::1:62211 - ASGI [7] Send {'type': 'http.response.body', 'body': '<45 bytes>', 'more_body': True}
2026-06-16 21:14:09,902 [TRACE] uvicorn.asgi: ::1:62211 - ASGI [7] Send {'type': 'http.response.body', 'body': '<45 bytes>', 'more_body': True}
2026-06-16 21:14:24,917 [TRACE] uvicorn.asgi: ::1:62211 - ASGI [7] Send {'type': 'http.response.body', 'body': '<45 bytes>', 'more_body': True}
2026-06-16 21:14:39,921 [TRACE] uvicorn.asgi: ::1:62211 - ASGI [7] Send {'type': 'http.response.body', 'body': '<45 bytes>', 'more_body': True}
2026-06-16 21:14:54,925 [TRACE] uvicorn.asgi: ::1:62211 - ASGI [7] Send {'type': 'http.response.body', 'body': '<45 bytes>', 'more_body': True}
2026-06-16 21:15:09,934 [TRACE] uvicorn.asgi: ::1:62211 - ASGI [7] Send {'type': 'http.response.body', 'body': '<45 bytes>', 'more_body': True}
2026-06-16 21:15:24,936 [TRACE] uvicorn.asgi: ::1:62211 - ASGI [7] Send {'type': 'http.response.body', 'body': '<45 bytes>', 'more_body': True}
2026-06-16 21:15:39,950 [TRACE] uvicorn.asgi: ::1:62211 - ASGI [7] Send {'type': 'http.response.body', 'body': '<45 bytes>', 'more_body': True}
2026-06-16 21:15:54,953 [TRACE] uvicorn.asgi: ::1:62211 - ASGI [7] Send {'type': 'http.response.body', 'body': '<45 bytes>', 'more_body': True}
2026-06-16 21:16:09,956 [TRACE] uvicorn.asgi: ::1:62211 - ASGI [7] Send {'type': 'http.response.body', 'body': '<45 bytes>', 'more_body': True}
2026-06-16 21:16:24,968 [TRACE] uvicorn.asgi: ::1:62211 - ASGI [7] Send {'type': 'http.response.body', 'body': '<45 bytes>', 'more_body': True}
2026-06-16 21:16:39,972 [TRACE] uvicorn.asgi: ::1:62211 - ASGI [7] Send {'type': 'http.response.body', 'body': '<45 bytes>', 'more_body': True}
2026-06-16 21:16:54,990 [TRACE] uvicorn.asgi: ::1:62211 - ASGI [7] Send {'type': 'http.response.body', 'body': '<45 bytes>', 'more_body': True}
2026-06-16 21:17:10,004 [TRACE] uvicorn.asgi: ::1:62211 - ASGI [7] Send {'type': 'http.response.body', 'body': '<45 bytes>', 'more_body': True}
2026-06-16 21:17:25,005 [TRACE] uvicorn.asgi: ::1:62211 - ASGI [7] Send {'type': 'http.response.body', 'body': '<45 bytes>', 'more_body': True}
2026-06-16 21:17:40,022 [TRACE] uvicorn.asgi: ::1:62211 - ASGI [7] Send {'type': 'http.response.body', 'body': '<45 bytes>', 'more_body': True}
2026-06-16 21:17:55,039 [TRACE] uvicorn.asgi: ::1:62211 - ASGI [7] Send {'type': 'http.response.body', 'body': '<45 bytes>', 'more_body': True}
2026-06-16 21:18:10,051 [TRACE] uvicorn.asgi: ::1:62211 - ASGI [7] Send {'type': 'http.response.body', 'body': '<45 bytes>', 'more_body': True}
2026-06-16 21:18:25,054 [TRACE] uvicorn.asgi: ::1:62211 - ASGI [7] Send {'type': 'http.response.body', 'body': '<45 bytes>', 'more_body': True}
2026-06-16 21:18:40,057 [TRACE] uvicorn.asgi: ::1:62211 - ASGI [7] Send {'type': 'http.response.body', 'body': '<45 bytes>', 'more_body': True}
2026-06-16 21:18:55,070 [TRACE] uvicorn.asgi: ::1:62211 - ASGI [7] Send {'type': 'http.response.body', 'body': '<45 bytes>', 'more_body': True}
2026-06-16 21:19:10,072 [TRACE] uvicorn.asgi: ::1:62211 - ASGI [7] Send {'type': 'http.response.body', 'body': '<45 bytes>', 'more_body': True}
2026-06-16 21:19:25,073 [TRACE] uvicorn.asgi: ::1:62211 - ASGI [7] Send {'type': 'http.response.body', 'body': '<45 bytes>', 'more_body': True}
2026-06-16 21:19:40,075 [TRACE] uvicorn.asgi: ::1:62211 - ASGI [7] Send {'type': 'http.response.body', 'body': '<45 bytes>', 'more_body': True}
2026-06-16 21:19:55,089 [TRACE] uvicorn.asgi: ::1:62211 - ASGI [7] Send {'type': 'http.response.body', 'body': '<45 bytes>', 'more_body': True}
2026-06-16 21:20:10,091 [TRACE] uvicorn.asgi: ::1:62211 - ASGI [7] Send {'type': 'http.response.body', 'body': '<45 bytes>', 'more_body': True}
2026-06-16 21:20:25,094 [TRACE] uvicorn.asgi: ::1:62211 - ASGI [7] Send {'type': 'http.response.body', 'body': '<45 bytes>', 'more_body': True}
2026-06-16 21:20:40,100 [TRACE] uvicorn.asgi: ::1:62211 - ASGI [7] Send {'type': 'http.response.body', 'body': '<45 bytes>', 'more_body': True}
2026-06-16 21:20:55,105 [TRACE] uvicorn.asgi: ::1:62211 - ASGI [7] Send {'type': 'http.response.body', 'body': '<45 bytes>', 'more_body': True}
2026-06-16 21:21:10,110 [TRACE] uvicorn.asgi: ::1:62211 - ASGI [7] Send {'type': 'http.response.body', 'body': '<45 bytes>', 'more_body': True}
2026-06-16 21:21:25,124 [TRACE] uvicorn.asgi: ::1:62211 - ASGI [7] Send {'type': 'http.response.body', 'body': '<45 bytes>', 'more_body': True}
2026-06-16 21:21:40,127 [TRACE] uvicorn.asgi: ::1:62211 - ASGI [7] Send {'type': 'http.response.body', 'body': '<45 bytes>', 'more_body': True}
2026-06-16 21:21:55,142 [TRACE] uvicorn.asgi: ::1:62211 - ASGI [7] Send {'type': 'http.response.body', 'body': '<45 bytes>', 'more_body': True}
2026-06-16 21:22:10,158 [TRACE] uvicorn.asgi: ::1:62211 - ASGI [7] Send {'type': 'http.response.body', 'body': '<45 bytes>', 'more_body': True}
2026-06-16 21:22:25,173 [TRACE] uvicorn.asgi: ::1:62211 - ASGI [7] Send {'type': 'http.response.body', 'body': '<45 bytes>', 'more_body': True}
2026-06-16 21:22:40,188 [TRACE] uvicorn.asgi: ::1:62211 - ASGI [7] Send {'type': 'http.response.body', 'body': '<45 bytes>', 'more_body': True}
2026-06-16 21:22:55,193 [TRACE] uvicorn.asgi: ::1:62211 - ASGI [7] Send {'type': 'http.response.body', 'body': '<45 bytes>', 'more_body': True}
2026-06-16 21:23:10,205 [TRACE] uvicorn.asgi: ::1:62211 - ASGI [7] Send {'type': 'http.response.body', 'body': '<45 bytes>', 'more_body': True}
2026-06-16 21:23:25,222 [TRACE] uvicorn.asgi: ::1:62211 - ASGI [7] Send {'type': 'http.response.body', 'body': '<45 bytes>', 'more_body': True}
2026-06-16 21:23:40,226 [TRACE] uvicorn.asgi: ::1:62211 - ASGI [7] Send {'type': 'http.response.body', 'body': '<45 bytes>', 'more_body': True}
2026-06-16 21:23:55,239 [TRACE] uvicorn.asgi: ::1:62211 - ASGI [7] Send {'type': 'http.response.body', 'body': '<45 bytes>', 'more_body': True}
2026-06-16 21:24:10,240 [TRACE] uvicorn.asgi: ::1:62211 - ASGI [7] Send {'type': 'http.response.body', 'body': '<45 bytes>', 'more_body': True}
2026-06-16 21:24:25,249 [TRACE] uvicorn.asgi: ::1:62211 - ASGI [7] Send {'type': 'http.response.body', 'body': '<45 bytes>', 'more_body': True}
2026-06-16 21:24:40,259 [TRACE] uvicorn.asgi: ::1:62211 - ASGI [7] Send {'type': 'http.response.body', 'body': '<45 bytes>', 'more_body': True}
2026-06-16 21:24:55,272 [TRACE] uvicorn.asgi: ::1:62211 - ASGI [7] Send {'type': 'http.response.body', 'body': '<45 bytes>', 'more_body': True}
2026-06-16 21:25:10,280 [TRACE] uvicorn.asgi: ::1:62211 - ASGI [7] Send {'type': 'http.response.body', 'body': '<45 bytes>', 'more_body': True}
2026-06-16 21:25:25,293 [TRACE] uvicorn.asgi: ::1:62211 - ASGI [7] Send {'type': 'http.response.body', 'body': '<45 bytes>', 'more_body': True}
2026-06-16 21:25:40,303 [TRACE] uvicorn.asgi: ::1:62211 - ASGI [7] Send {'type': 'http.response.body', 'body': '<45 bytes>', 'more_body': True}
2026-06-16 21:25:55,315 [TRACE] uvicorn.asgi: ::1:62211 - ASGI [7] Send {'type': 'http.response.body', 'body': '<45 bytes>', 'more_body': True}
2026-06-16 21:26:10,326 [TRACE] uvicorn.asgi: ::1:62211 - ASGI [7] Send {'type': 'http.response.body', 'body': '<45 bytes>', 'more_body': True}
2026-06-16 21:26:25,336 [TRACE] uvicorn.asgi: ::1:62211 - ASGI [7] Send {'type': 'http.response.body', 'body': '<45 bytes>', 'more_body': True}
2026-06-16 21:26:40,349 [TRACE] uvicorn.asgi: ::1:62211 - ASGI [7] Send {'type': 'http.response.body', 'body': '<45 bytes>', 'more_body': True}
2026-06-16 21:26:55,362 [TRACE] uvicorn.asgi: ::1:62211 - ASGI [7] Send {'type': 'http.response.body', 'body': '<45 bytes>', 'more_body': True}
2026-06-16 21:27:10,379 [TRACE] uvicorn.asgi: ::1:62211 - ASGI [7] Send {'type': 'http.response.body', 'body': '<45 bytes>', 'more_body': True}
2026-06-16 21:27:25,382 [TRACE] uvicorn.asgi: ::1:62211 - ASGI [7] Send {'type': 'http.response.body', 'body': '<45 bytes>', 'more_body': True}
2026-06-16 21:27:40,394 [TRACE] uvicorn.asgi: ::1:62211 - ASGI [7] Send {'type': 'http.response.body', 'body': '<45 bytes>', 'more_body': True}
2026-06-16 21:27:55,399 [TRACE] uvicorn.asgi: ::1:62211 - ASGI [7] Send {'type': 'http.response.body', 'body': '<45 bytes>', 'more_body': True}
2026-06-16 21:28:10,410 [TRACE] uvicorn.asgi: ::1:62211 - ASGI [7] Send {'type': 'http.response.body', 'body': '<45 bytes>', 'more_body': True}
2026-06-16 21:28:25,424 [TRACE] uvicorn.asgi: ::1:62211 - ASGI [7] Send {'type': 'http.response.body', 'body': '<45 bytes>', 'more_body': True}
2026-06-16 21:28:40,434 [TRACE] uvicorn.asgi: ::1:62211 - ASGI [7] Send {'type': 'http.response.body', 'body': '<45 bytes>', 'more_body': True}
2026-06-16 21:28:55,445 [TRACE] uvicorn.asgi: ::1:62211 - ASGI [7] Send {'type': 'http.response.body', 'body': '<45 bytes>', 'more_body': True}
2026-06-16 21:29:10,451 [TRACE] uvicorn.asgi: ::1:62211 - ASGI [7] Send {'type': 'http.response.body', 'body': '<45 bytes>', 'more_body': True}
2026-06-16 21:29:25,469 [TRACE] uvicorn.asgi: ::1:62211 - ASGI [7] Send {'type': 'http.response.body', 'body': '<45 bytes>', 'more_body': True}
2026-06-16 21:29:40,480 [TRACE] uvicorn.asgi: ::1:62211 - ASGI [7] Send {'type': 'http.response.body', 'body': '<45 bytes>', 'more_body': True}
2026-06-16 21:29:55,489 [TRACE] uvicorn.asgi: ::1:62211 - ASGI [7] Send {'type': 'http.response.body', 'body': '<45 bytes>', 'more_body': True}
2026-06-16 21:30:10,502 [TRACE] uvicorn.asgi: ::1:62211 - ASGI [7] Send {'type': 'http.response.body', 'body': '<45 bytes>', 'more_body': True}
2026-06-16 21:30:25,516 [TRACE] uvicorn.asgi: ::1:62211 - ASGI [7] Send {'type': 'http.response.body', 'body': '<45 bytes>', 'more_body': True}
2026-06-16 21:30:40,526 [TRACE] uvicorn.asgi: ::1:62211 - ASGI [7] Send {'type': 'http.response.body', 'body': '<45 bytes>', 'more_body': True}
2026-06-16 21:30:55,538 [TRACE] uvicorn.asgi: ::1:62211 - ASGI [7] Send {'type': 'http.response.body', 'body': '<45 bytes>', 'more_body': True}
2026-06-16 21:31:10,550 [TRACE] uvicorn.asgi: ::1:62211 - ASGI [7] Send {'type': 'http.response.body', 'body': '<45 bytes>', 'more_body': True}
2026-06-16 21:31:25,555 [TRACE] uvicorn.asgi: ::1:62211 - ASGI [7] Send {'type': 'http.response.body', 'body': '<45 bytes>', 'more_body': True}
2026-06-16 21:31:40,573 [TRACE] uvicorn.asgi: ::1:62211 - ASGI [7] Send {'type': 'http.response.body', 'body': '<45 bytes>', 'more_body': True}
2026-06-16 21:31:55,590 [TRACE] uvicorn.asgi: ::1:62211 - ASGI [7] Send {'type': 'http.response.body', 'body': '<45 bytes>', 'more_body': True}
2026-06-16 21:32:10,605 [TRACE] uvicorn.asgi: ::1:62211 - ASGI [7] Send {'type': 'http.response.body', 'body': '<45 bytes>', 'more_body': True}
2026-06-16 21:32:25,611 [TRACE] uvicorn.asgi: ::1:62211 - ASGI [7] Send {'type': 'http.response.body', 'body': '<45 bytes>', 'more_body': True}
2026-06-16 21:32:40,627 [TRACE] uvicorn.asgi: ::1:62211 - ASGI [7] Send {'type': 'http.response.body', 'body': '<45 bytes>', 'more_body': True}
2026-06-16 21:32:55,641 [TRACE] uvicorn.asgi: ::1:62211 - ASGI [7] Send {'type': 'http.response.body', 'body': '<45 bytes>', 'more_body': True}
2026-06-16 21:33:10,658 [TRACE] uvicorn.asgi: ::1:62211 - ASGI [7] Send {'type': 'http.response.body', 'body': '<45 bytes>', 'more_body': True}
2026-06-16 21:33:25,660 [TRACE] uvicorn.asgi: ::1:62211 - ASGI [7] Send {'type': 'http.response.body', 'body': '<45 bytes>', 'more_body': True}
2026-06-16 21:33:40,676 [TRACE] uvicorn.asgi: ::1:62211 - ASGI [7] Send {'type': 'http.response.body', 'body': '<45 bytes>', 'more_body': True}
2026-06-16 21:33:55,692 [TRACE] uvicorn.asgi: ::1:62211 - ASGI [7] Send {'type': 'http.response.body', 'body': '<45 bytes>', 'more_body': True}
2026-06-16 21:34:10,693 [TRACE] uvicorn.asgi: ::1:62211 - ASGI [7] Send {'type': 'http.response.body', 'body': '<45 bytes>', 'more_body': True}
2026-06-16 21:34:25,697 [TRACE] uvicorn.asgi: ::1:62211 - ASGI [7] Send {'type': 'http.response.body', 'body': '<45 bytes>', 'more_body': True}
2026-06-16 21:34:40,711 [TRACE] uvicorn.asgi: ::1:62211 - ASGI [7] Send {'type': 'http.response.body', 'body': '<45 bytes>', 'more_body': True}
2026-06-16 21:34:55,713 [TRACE] uvicorn.asgi: ::1:62211 - ASGI [7] Send {'type': 'http.response.body', 'body': '<45 bytes>', 'more_body': True}
2026-06-16 21:35:10,728 [TRACE] uvicorn.asgi: ::1:62211 - ASGI [7] Send {'type': 'http.response.body', 'body': '<45 bytes>', 'more_body': True}
2026-06-16 21:35:25,729 [TRACE] uvicorn.asgi: ::1:62211 - ASGI [7] Send {'type': 'http.response.body', 'body': '<45 bytes>', 'more_body': True}
2026-06-16 21:35:40,739 [TRACE] uvicorn.asgi: ::1:62211 - ASGI [7] Send {'type': 'http.response.body', 'body': '<45 bytes>', 'more_body': True}
2026-06-16 21:35:55,742 [TRACE] uvicorn.asgi: ::1:62211 - ASGI [7] Send {'type': 'http.response.body', 'body': '<45 bytes>', 'more_body': True}
2026-06-16 21:36:10,744 [TRACE] uvicorn.asgi: ::1:62211 - ASGI [7] Send {'type': 'http.response.body', 'body': '<45 bytes>', 'more_body': True}
2026-06-16 21:36:25,745 [TRACE] uvicorn.asgi: ::1:62211 - ASGI [7] Send {'type': 'http.response.body', 'body': '<45 bytes>', 'more_body': True}
2026-06-16 21:36:40,760 [TRACE] uvicorn.asgi: ::1:62211 - ASGI [7] Send {'type': 'http.response.body', 'body': '<45 bytes>', 'more_body': True}
2026-06-16 21:36:55,762 [TRACE] uvicorn.asgi: ::1:62211 - ASGI [7] Send {'type': 'http.response.body', 'body': '<45 bytes>', 'more_body': True}
2026-06-16 21:37:10,778 [TRACE] uvicorn.asgi: ::1:62211 - ASGI [7] Send {'type': 'http.response.body', 'body': '<45 bytes>', 'more_body': True}
2026-06-16 21:37:25,791 [TRACE] uvicorn.asgi: ::1:62211 - ASGI [7] Send {'type': 'http.response.body', 'body': '<45 bytes>', 'more_body': True}
2026-06-16 21:37:40,808 [TRACE] uvicorn.asgi: ::1:62211 - ASGI [7] Send {'type': 'http.response.body', 'body': '<45 bytes>', 'more_body': True}
2026-06-16 21:37:55,821 [TRACE] uvicorn.asgi: ::1:62211 - ASGI [7] Send {'type': 'http.response.body', 'body': '<45 bytes>', 'more_body': True}
2026-06-16 21:38:10,833 [TRACE] uvicorn.asgi: ::1:62211 - ASGI [7] Send {'type': 'http.response.body', 'body': '<45 bytes>', 'more_body': True}
2026-06-16 21:38:25,838 [TRACE] uvicorn.asgi: ::1:62211 - ASGI [7] Send {'type': 'http.response.body', 'body': '<45 bytes>', 'more_body': True}
2026-06-16 21:38:40,850 [TRACE] uvicorn.asgi: ::1:62211 - ASGI [7] Send {'type': 'http.response.body', 'body': '<45 bytes>', 'more_body': True}
2026-06-16 21:38:55,867 [TRACE] uvicorn.asgi: ::1:62211 - ASGI [7] Send {'type': 'http.response.body', 'body': '<45 bytes>', 'more_body': True}
2026-06-16 21:39:10,869 [TRACE] uvicorn.asgi: ::1:62211 - ASGI [7] Send {'type': 'http.response.body', 'body': '<45 bytes>', 'more_body': True}
2026-06-16 21:39:25,880 [TRACE] uvicorn.asgi: ::1:62211 - ASGI [7] Send {'type': 'http.response.body', 'body': '<45 bytes>', 'more_body': True}
2026-06-16 21:39:40,897 [TRACE] uvicorn.asgi: ::1:62211 - ASGI [7] Send {'type': 'http.response.body', 'body': '<45 bytes>', 'more_body': True}
2026-06-16 21:39:55,899 [TRACE] uvicorn.asgi: ::1:62211 - ASGI [7] Send {'type': 'http.response.body', 'body': '<45 bytes>', 'more_body': True}
2026-06-16 21:40:10,913 [TRACE] uvicorn.asgi: ::1:62211 - ASGI [7] Send {'type': 'http.response.body', 'body': '<45 bytes>', 'more_body': True}
2026-06-16 21:40:25,914 [TRACE] uvicorn.asgi: ::1:62211 - ASGI [7] Send {'type': 'http.response.body', 'body': '<45 bytes>', 'more_body': True}
2026-06-16 21:40:40,916 [TRACE] uvicorn.asgi: ::1:62211 - ASGI [7] Send {'type': 'http.response.body', 'body': '<45 bytes>', 'more_body': True}
2026-06-16 21:40:55,924 [TRACE] uvicorn.asgi: ::1:62211 - ASGI [7] Send {'type': 'http.response.body', 'body': '<45 bytes>', 'more_body': True}
2026-06-16 21:41:10,940 [TRACE] uvicorn.asgi: ::1:62211 - ASGI [7] Send {'type': 'http.response.body', 'body': '<45 bytes>', 'more_body': True}
2026-06-16 21:41:25,944 [TRACE] uvicorn.asgi: ::1:62211 - ASGI [7] Send {'type': 'http.response.body', 'body': '<45 bytes>', 'more_body': True}
2026-06-16 21:41:40,947 [TRACE] uvicorn.asgi: ::1:62211 - ASGI [7] Send {'type': 'http.response.body', 'body': '<45 bytes>', 'more_body': True}
2026-06-16 21:41:55,950 [TRACE] uvicorn.asgi: ::1:62211 - ASGI [7] Send {'type': 'http.response.body', 'body': '<45 bytes>', 'more_body': True}
2026-06-16 21:42:10,952 [TRACE] uvicorn.asgi: ::1:62211 - ASGI [7] Send {'type': 'http.response.body', 'body': '<45 bytes>', 'more_body': True}
2026-06-16 21:42:25,967 [TRACE] uvicorn.asgi: ::1:62211 - ASGI [7] Send {'type': 'http.response.body', 'body': '<45 bytes>', 'more_body': True}
2026-06-16 21:42:40,978 [TRACE] uvicorn.asgi: ::1:62211 - ASGI [7] Send {'type': 'http.response.body', 'body': '<45 bytes>', 'more_body': True}
2026-06-16 21:42:55,984 [TRACE] uvicorn.asgi: ::1:62211 - ASGI [7] Send {'type': 'http.response.body', 'body': '<45 bytes>', 'more_body': True}
2026-06-16 21:43:10,986 [TRACE] uvicorn.asgi: ::1:62211 - ASGI [7] Send {'type': 'http.response.body', 'body': '<45 bytes>', 'more_body': True}
2026-06-16 21:43:26,003 [TRACE] uvicorn.asgi: ::1:62211 - ASGI [7] Send {'type': 'http.response.body', 'body': '<45 bytes>', 'more_body': True}
2026-06-16 21:43:41,018 [TRACE] uvicorn.asgi: ::1:62211 - ASGI [7] Send {'type': 'http.response.body', 'body': '<45 bytes>', 'more_body': True}
2026-06-16 21:43:56,021 [TRACE] uvicorn.asgi: ::1:62211 - ASGI [7] Send {'type': 'http.response.body', 'body': '<45 bytes>', 'more_body': True}
2026-06-16 21:44:11,024 [TRACE] uvicorn.asgi: ::1:62211 - ASGI [7] Send {'type': 'http.response.body', 'body': '<45 bytes>', 'more_body': True}
2026-06-16 21:44:26,036 [TRACE] uvicorn.asgi: ::1:62211 - ASGI [7] Send {'type': 'http.response.body', 'body': '<45 bytes>', 'more_body': True}
2026-06-16 21:44:41,039 [TRACE] uvicorn.asgi: ::1:62211 - ASGI [7] Send {'type': 'http.response.body', 'body': '<45 bytes>', 'more_body': True}
2026-06-16 21:44:56,053 [TRACE] uvicorn.asgi: ::1:62211 - ASGI [7] Send {'type': 'http.response.body', 'body': '<45 bytes>', 'more_body': True}
2026-06-16 21:45:11,056 [TRACE] uvicorn.asgi: ::1:62211 - ASGI [7] Send {'type': 'http.response.body', 'body': '<45 bytes>', 'more_body': True}
2026-06-16 21:45:26,071 [TRACE] uvicorn.asgi: ::1:62211 - ASGI [7] Send {'type': 'http.response.body', 'body': '<45 bytes>', 'more_body': True}
2026-06-16 21:45:41,083 [TRACE] uvicorn.asgi: ::1:62211 - ASGI [7] Send {'type': 'http.response.body', 'body': '<45 bytes>', 'more_body': True}
2026-06-16 21:45:56,090 [TRACE] uvicorn.asgi: ::1:62211 - ASGI [7] Send {'type': 'http.response.body', 'body': '<45 bytes>', 'more_body': True}
2026-06-16 21:46:11,105 [TRACE] uvicorn.asgi: ::1:62211 - ASGI [7] Send {'type': 'http.response.body', 'body': '<45 bytes>', 'more_body': True}
2026-06-16 21:46:26,120 [TRACE] uvicorn.asgi: ::1:62211 - ASGI [7] Send {'type': 'http.response.body', 'body': '<45 bytes>', 'more_body': True}
2026-06-16 21:46:41,129 [TRACE] uvicorn.asgi: ::1:62211 - ASGI [7] Send {'type': 'http.response.body', 'body': '<45 bytes>', 'more_body': True}
2026-06-16 21:46:56,138 [TRACE] uvicorn.asgi: ::1:62211 - ASGI [7] Send {'type': 'http.response.body', 'body': '<45 bytes>', 'more_body': True}
2026-06-16 21:47:11,141 [TRACE] uvicorn.asgi: ::1:62211 - ASGI [7] Send {'type': 'http.response.body', 'body': '<45 bytes>', 'more_body': True}
2026-06-16 21:47:26,145 [TRACE] uvicorn.asgi: ::1:62211 - ASGI [7] Send {'type': 'http.response.body', 'body': '<45 bytes>', 'more_body': True}
2026-06-16 21:47:41,156 [TRACE] uvicorn.asgi: ::1:62211 - ASGI [7] Send {'type': 'http.response.body', 'body': '<45 bytes>', 'more_body': True}
2026-06-16 21:47:56,157 [TRACE] uvicorn.asgi: ::1:62211 - ASGI [7] Send {'type': 'http.response.body', 'body': '<45 bytes>', 'more_body': True}
2026-06-16 21:48:11,159 [TRACE] uvicorn.asgi: ::1:62211 - ASGI [7] Send {'type': 'http.response.body', 'body': '<45 bytes>', 'more_body': True}
2026-06-16 21:48:26,175 [TRACE] uvicorn.asgi: ::1:62211 - ASGI [7] Send {'type': 'http.response.body', 'body': '<45 bytes>', 'more_body': True}
2026-06-16 21:48:41,191 [TRACE] uvicorn.asgi: ::1:62211 - ASGI [7] Send {'type': 'http.response.body', 'body': '<45 bytes>', 'more_body': True}
2026-06-16 21:48:56,203 [TRACE] uvicorn.asgi: ::1:62211 - ASGI [7] Send {'type': 'http.response.body', 'body': '<45 bytes>', 'more_body': True}
2026-06-16 21:49:11,213 [TRACE] uvicorn.asgi: ::1:62211 - ASGI [7] Send {'type': 'http.response.body', 'body': '<45 bytes>', 'more_body': True}
2026-06-16 21:49:26,225 [TRACE] uvicorn.asgi: ::1:62211 - ASGI [7] Send {'type': 'http.response.body', 'body': '<45 bytes>', 'more_body': True}
2026-06-16 21:49:41,231 [TRACE] uvicorn.asgi: ::1:62211 - ASGI [7] Send {'type': 'http.response.body', 'body': '<45 bytes>', 'more_body': True}
2026-06-16 21:49:56,233 [TRACE] uvicorn.asgi: ::1:62211 - ASGI [7] Send {'type': 'http.response.body', 'body': '<45 bytes>', 'more_body': True}
2026-06-16 21:50:11,243 [TRACE] uvicorn.asgi: ::1:62211 - ASGI [7] Send {'type': 'http.response.body', 'body': '<45 bytes>', 'more_body': True}
2026-06-16 21:50:26,251 [TRACE] uvicorn.asgi: ::1:62211 - ASGI [7] Send {'type': 'http.response.body', 'body': '<45 bytes>', 'more_body': True}
2026-06-16 21:50:41,260 [TRACE] uvicorn.asgi: ::1:62211 - ASGI [7] Send {'type': 'http.response.body', 'body': '<45 bytes>', 'more_body': True}
2026-06-16 21:50:56,262 [TRACE] uvicorn.asgi: ::1:62211 - ASGI [7] Send {'type': 'http.response.body', 'body': '<45 bytes>', 'more_body': True}
2026-06-16 21:51:11,275 [TRACE] uvicorn.asgi: ::1:62211 - ASGI [7] Send {'type': 'http.response.body', 'body': '<45 bytes>', 'more_body': True}
2026-06-16 21:51:26,279 [TRACE] uvicorn.asgi: ::1:62211 - ASGI [7] Send {'type': 'http.response.body', 'body': '<45 bytes>', 'more_body': True}
2026-06-16 21:51:41,281 [TRACE] uvicorn.asgi: ::1:62211 - ASGI [7] Send {'type': 'http.response.body', 'body': '<45 bytes>', 'more_body': True}
2026-06-16 21:51:56,295 [TRACE] uvicorn.asgi: ::1:62211 - ASGI [7] Send {'type': 'http.response.body', 'body': '<45 bytes>', 'more_body': True}
2026-06-16 21:52:11,303 [TRACE] uvicorn.asgi: ::1:62211 - ASGI [7] Send {'type': 'http.response.body', 'body': '<45 bytes>', 'more_body': True}
2026-06-16 21:52:26,308 [TRACE] uvicorn.asgi: ::1:62211 - ASGI [7] Send {'type': 'http.response.body', 'body': '<45 bytes>', 'more_body': True}
2026-06-16 21:52:41,312 [TRACE] uvicorn.asgi: ::1:62211 - ASGI [7] Send {'type': 'http.response.body', 'body': '<45 bytes>', 'more_body': True}
2026-06-16 21:52:56,319 [TRACE] uvicorn.asgi: ::1:62211 - ASGI [7] Send {'type': 'http.response.body', 'body': '<45 bytes>', 'more_body': True}
2026-06-16 21:52:57,703 [TRACE] uvicorn.error: ::1:57599 - HTTP connection made
2026-06-16 21:52:57,705 [TRACE] uvicorn.asgi: ::1:57599 - ASGI [58] Started scope={'type': 'http', 'asgi': {'version': '3.0', 'spec_version': '2.3'}, 'http_version': '1.1', 'server': ('::1', 8003), 'client': ('::1', 57599), 'scheme': 'http', 'method': 'POST', 'root_path': '', 'path': '/mcp/', 'raw_path': b'/mcp/', 'query_string': b'', 'headers': '<...>', 'state': {}}
2026-06-16 21:52:57,707 [TRACE] uvicorn.asgi: ::1:57599 - ASGI [58] Receive {'type': 'http.request', 'body': '<58 bytes>', 'more_body': False}
2026-06-16 21:52:57,710 [TRACE] uvicorn.asgi: ::1:57599 - ASGI [58] Send {'type': 'http.response.start', 'status': 200, 'headers': '<...>'}
2026-06-16 21:52:57,710 [INFO] uvicorn.access: ::1:57599 - "POST /mcp/ HTTP/1.1" 200
2026-06-16 21:52:57,716 [INFO] mcp.server.lowlevel.server: Processing request of type ListToolsRequest
2026-06-16 21:52:57,724 [TRACE] uvicorn.asgi: ::1:57599 - ASGI [58] Send {'type': 'http.response.body', 'body': '<791 bytes>', 'more_body': True}
2026-06-16 21:52:57,725 [TRACE] uvicorn.asgi: ::1:57599 - ASGI [58] Send {'type': 'http.response.body', 'body': '<0 bytes>', 'more_body': False}
2026-06-16 21:52:57,726 [TRACE] uvicorn.asgi: ::1:57599 - ASGI [58] Receive {'type': 'http.disconnect'}
2026-06-16 21:52:57,726 [TRACE] uvicorn.error: ::1:57599 - HTTP connection lost
2026-06-16 21:52:57,727 [TRACE] uvicorn.asgi: ::1:57599 - ASGI [58] Completed
2026-06-16 21:53:11,329 [TRACE] uvicorn.asgi: ::1:62211 - ASGI [7] Send {'type': 'http.response.body', 'body': '<45 bytes>', 'more_body': True}
2026-06-16 21:53:26,332 [TRACE] uvicorn.asgi: ::1:62211 - ASGI [7] Send {'type': 'http.response.body', 'body': '<45 bytes>', 'more_body': True}
2026-06-16 21:53:41,347 [TRACE] uvicorn.asgi: ::1:62211 - ASGI [7] Send {'type': 'http.response.body', 'body': '<45 bytes>', 'more_body': True}
2026-06-16 21:53:56,357 [TRACE] uvicorn.asgi: ::1:62211 - ASGI [7] Send {'type': 'http.response.body', 'body': '<45 bytes>', 'more_body': True}
2026-06-16 21:54:11,369 [TRACE] uvicorn.asgi: ::1:62211 - ASGI [7] Send {'type': 'http.response.body', 'body': '<45 bytes>', 'more_body': True}
2026-06-16 21:54:26,382 [TRACE] uvicorn.asgi: ::1:62211 - ASGI [7] Send {'type': 'http.response.body', 'body': '<45 bytes>', 'more_body': True}
2026-06-16 21:54:41,392 [TRACE] uvicorn.asgi: ::1:62211 - ASGI [7] Send {'type': 'http.response.body', 'body': '<45 bytes>', 'more_body': True}
2026-06-16 21:54:56,404 [TRACE] uvicorn.asgi: ::1:62211 - ASGI [7] Send {'type': 'http.response.body', 'body': '<45 bytes>', 'more_body': True}
2026-06-16 21:55:11,417 [TRACE] uvicorn.asgi: ::1:62211 - ASGI [7] Send {'type': 'http.response.body', 'body': '<45 bytes>', 'more_body': True}
2026-06-16 21:55:26,422 [TRACE] uvicorn.asgi: ::1:62211 - ASGI [7] Send {'type': 'http.response.body', 'body': '<45 bytes>', 'more_body': True}
2026-06-16 21:55:41,435 [TRACE] uvicorn.asgi: ::1:62211 - ASGI [7] Send {'type': 'http.response.body', 'body': '<45 bytes>', 'more_body': True}
2026-06-16 21:55:56,451 [TRACE] uvicorn.asgi: ::1:62211 - ASGI [7] Send {'type': 'http.response.body', 'body': '<45 bytes>', 'more_body': True}
2026-06-16 21:56:11,455 [TRACE] uvicorn.asgi: ::1:62211 - ASGI [7] Send {'type': 'http.response.body', 'body': '<45 bytes>', 'more_body': True}
2026-06-16 21:56:26,461 [TRACE] uvicorn.asgi: ::1:62211 - ASGI [7] Send {'type': 'http.response.body', 'body': '<45 bytes>', 'more_body': True}
2026-06-16 21:56:41,469 [TRACE] uvicorn.asgi: ::1:62211 - ASGI [7] Send {'type': 'http.response.body', 'body': '<45 bytes>', 'more_body': True}
2026-06-16 21:56:56,479 [TRACE] uvicorn.asgi: ::1:62211 - ASGI [7] Send {'type': 'http.response.body', 'body': '<45 bytes>', 'more_body': True}
2026-06-16 21:57:11,495 [TRACE] uvicorn.asgi: ::1:62211 - ASGI [7] Send {'type': 'http.response.body', 'body': '<45 bytes>', 'more_body': True}
2026-06-16 21:57:26,502 [TRACE] uvicorn.asgi: ::1:62211 - ASGI [7] Send {'type': 'http.response.body', 'body': '<45 bytes>', 'more_body': True}
2026-06-16 21:57:41,503 [TRACE] uvicorn.asgi: ::1:62211 - ASGI [7] Send {'type': 'http.response.body', 'body': '<45 bytes>', 'more_body': True}
2026-06-16 21:57:56,505 [TRACE] uvicorn.asgi: ::1:62211 - ASGI [7] Send {'type': 'http.response.body', 'body': '<45 bytes>', 'more_body': True}
2026-06-16 21:58:11,522 [TRACE] uvicorn.asgi: ::1:62211 - ASGI [7] Send {'type': 'http.response.body', 'body': '<45 bytes>', 'more_body': True}
2026-06-16 21:58:26,524 [TRACE] uvicorn.asgi: ::1:62211 - ASGI [7] Send {'type': 'http.response.body', 'body': '<45 bytes>', 'more_body': True}
2026-06-16 21:58:41,532 [TRACE] uvicorn.asgi: ::1:62211 - ASGI [7] Send {'type': 'http.response.body', 'body': '<45 bytes>', 'more_body': True}
2026-06-16 21:58:56,541 [TRACE] uvicorn.asgi: ::1:62211 - ASGI [7] Send {'type': 'http.response.body', 'body': '<45 bytes>', 'more_body': True}
2026-06-16 21:59:11,554 [TRACE] uvicorn.asgi: ::1:62211 - ASGI [7] Send {'type': 'http.response.body', 'body': '<45 bytes>', 'more_body': True}
2026-06-16 21:59:26,559 [TRACE] uvicorn.asgi: ::1:62211 - ASGI [7] Send {'type': 'http.response.body', 'body': '<45 bytes>', 'more_body': True}
2026-06-16 21:59:41,573 [TRACE] uvicorn.asgi: ::1:62211 - ASGI [7] Send {'type': 'http.response.body', 'body': '<45 bytes>', 'more_body': True}
2026-06-16 21:59:56,590 [TRACE] uvicorn.asgi: ::1:62211 - ASGI [7] Send {'type': 'http.response.body', 'body': '<45 bytes>', 'more_body': True}
2026-06-16 22:00:11,592 [TRACE] uvicorn.asgi: ::1:62211 - ASGI [7] Send {'type': 'http.response.body', 'body': '<45 bytes>', 'more_body': True}
2026-06-16 22:00:26,594 [TRACE] uvicorn.asgi: ::1:62211 - ASGI [7] Send {'type': 'http.response.body', 'body': '<45 bytes>', 'more_body': True}
2026-06-16 22:00:41,598 [TRACE] uvicorn.asgi: ::1:62211 - ASGI [7] Send {'type': 'http.response.body', 'body': '<45 bytes>', 'more_body': True}
2026-06-16 22:00:56,608 [TRACE] uvicorn.asgi: ::1:62211 - ASGI [7] Send {'type': 'http.response.body', 'body': '<45 bytes>', 'more_body': True}
2026-06-16 22:01:11,612 [TRACE] uvicorn.asgi: ::1:62211 - ASGI [7] Send {'type': 'http.response.body', 'body': '<45 bytes>', 'more_body': True}
2026-06-16 22:01:26,625 [TRACE] uvicorn.asgi: ::1:62211 - ASGI [7] Send {'type': 'http.response.body', 'body': '<45 bytes>', 'more_body': True}
2026-06-16 22:01:41,642 [TRACE] uvicorn.asgi: ::1:62211 - ASGI [7] Send {'type': 'http.response.body', 'body': '<45 bytes>', 'more_body': True}
2026-06-16 22:01:56,644 [TRACE] uvicorn.asgi: ::1:62211 - ASGI [7] Send {'type': 'http.response.body', 'body': '<45 bytes>', 'more_body': True}
2026-06-16 22:02:11,659 [TRACE] uvicorn.asgi: ::1:62211 - ASGI [7] Send {'type': 'http.response.body', 'body': '<45 bytes>', 'more_body': True}
2026-06-16 22:02:26,662 [TRACE] uvicorn.asgi: ::1:62211 - ASGI [7] Send {'type': 'http.response.body', 'body': '<45 bytes>', 'more_body': True}
2026-06-16 22:02:41,677 [TRACE] uvicorn.asgi: ::1:62211 - ASGI [7] Send {'type': 'http.response.body', 'body': '<45 bytes>', 'more_body': True}
2026-06-16 22:02:56,693 [TRACE] uvicorn.asgi: ::1:62211 - ASGI [7] Send {'type': 'http.response.body', 'body': '<45 bytes>', 'more_body': True}
2026-06-16 22:03:11,698 [TRACE] uvicorn.asgi: ::1:62211 - ASGI [7] Send {'type': 'http.response.body', 'body': '<45 bytes>', 'more_body': True}
2026-06-16 22:03:26,711 [TRACE] uvicorn.asgi: ::1:62211 - ASGI [7] Send {'type': 'http.response.body', 'body': '<45 bytes>', 'more_body': True}
2026-06-16 22:03:41,713 [TRACE] uvicorn.asgi: ::1:62211 - ASGI [7] Send {'type': 'http.response.body', 'body': '<45 bytes>', 'more_body': True}
2026-06-16 22:03:56,716 [TRACE] uvicorn.asgi: ::1:62211 - ASGI [7] Send {'type': 'http.response.body', 'body': '<45 bytes>', 'more_body': True}
2026-06-16 22:04:11,728 [TRACE] uvicorn.asgi: ::1:62211 - ASGI [7] Send {'type': 'http.response.body', 'body': '<45 bytes>', 'more_body': True}
2026-06-16 22:04:26,744 [TRACE] uvicorn.asgi: ::1:62211 - ASGI [7] Send {'type': 'http.response.body', 'body': '<45 bytes>', 'more_body': True}
2026-06-16 22:04:41,746 [TRACE] uvicorn.asgi: ::1:62211 - ASGI [7] Send {'type': 'http.response.body', 'body': '<45 bytes>', 'more_body': True}
2026-06-16 22:04:56,762 [TRACE] uvicorn.asgi: ::1:62211 - ASGI [7] Send {'type': 'http.response.body', 'body': '<45 bytes>', 'more_body': True}
2026-06-16 22:05:11,766 [TRACE] uvicorn.asgi: ::1:62211 - ASGI [7] Send {'type': 'http.response.body', 'body': '<45 bytes>', 'more_body': True}
2026-06-16 22:05:26,780 [TRACE] uvicorn.asgi: ::1:62211 - ASGI [7] Send {'type': 'http.response.body', 'body': '<45 bytes>', 'more_body': True}
2026-06-16 22:05:41,784 [TRACE] uvicorn.asgi: ::1:62211 - ASGI [7] Send {'type': 'http.response.body', 'body': '<45 bytes>', 'more_body': True}
2026-06-16 22:05:56,799 [TRACE] uvicorn.asgi: ::1:62211 - ASGI [7] Send {'type': 'http.response.body', 'body': '<45 bytes>', 'more_body': True}
2026-06-16 22:06:11,800 [TRACE] uvicorn.asgi: ::1:62211 - ASGI [7] Send {'type': 'http.response.body', 'body': '<45 bytes>', 'more_body': True}
2026-06-16 22:06:26,814 [TRACE] uvicorn.asgi: ::1:62211 - ASGI [7] Send {'type': 'http.response.body', 'body': '<45 bytes>', 'more_body': True}
2026-06-16 22:06:41,817 [TRACE] uvicorn.asgi: ::1:62211 - ASGI [7] Send {'type': 'http.response.body', 'body': '<45 bytes>', 'more_body': True}
2026-06-16 22:06:56,818 [TRACE] uvicorn.asgi: ::1:62211 - ASGI [7] Send {'type': 'http.response.body', 'body': '<45 bytes>', 'more_body': True}
2026-06-16 22:07:11,832 [TRACE] uvicorn.asgi: ::1:62211 - ASGI [7] Send {'type': 'http.response.body', 'body': '<45 bytes>', 'more_body': True}
2026-06-16 22:11:02,558 [TRACE] uvicorn.asgi: ::1:62211 - ASGI [7] Send {'type': 'http.response.body', 'body': '<45 bytes>', 'more_body': True}
2026-06-16 22:11:17,576 [TRACE] uvicorn.asgi: ::1:62211 - ASGI [7] Send {'type': 'http.response.body', 'body': '<45 bytes>', 'more_body': True}
2026-06-16 22:11:32,591 [TRACE] uvicorn.asgi: ::1:62211 - ASGI [7] Send {'type': 'http.response.body', 'body': '<45 bytes>', 'more_body': True}
2026-06-16 22:11:47,593 [TRACE] uvicorn.asgi: ::1:62211 - ASGI [7] Send {'type': 'http.response.body', 'body': '<45 bytes>', 'more_body': True}
2026-06-16 22:12:02,601 [TRACE] uvicorn.asgi: ::1:62211 - ASGI [7] Send {'type': 'http.response.body', 'body': '<45 bytes>', 'more_body': True}
2026-06-16 22:12:17,610 [TRACE] uvicorn.asgi: ::1:62211 - ASGI [7] Send {'type': 'http.response.body', 'body': '<45 bytes>', 'more_body': True}
2026-06-16 22:12:32,612 [TRACE] uvicorn.asgi: ::1:62211 - ASGI [7] Send {'type': 'http.response.body', 'body': '<45 bytes>', 'more_body': True}
2026-06-16 22:12:47,625 [TRACE] uvicorn.asgi: ::1:62211 - ASGI [7] Send {'type': 'http.response.body', 'body': '<45 bytes>', 'more_body': True}
2026-06-16 22:13:02,642 [TRACE] uvicorn.asgi: ::1:62211 - ASGI [7] Send {'type': 'http.response.body', 'body': '<45 bytes>', 'more_body': True}
2026-06-16 22:13:17,658 [TRACE] uvicorn.asgi: ::1:62211 - ASGI [7] Send {'type': 'http.response.body', 'body': '<45 bytes>', 'more_body': True}
2026-06-16 22:13:32,662 [TRACE] uvicorn.asgi: ::1:62211 - ASGI [7] Send {'type': 'http.response.body', 'body': '<45 bytes>', 'more_body': True}
2026-06-16 22:13:47,665 [TRACE] uvicorn.asgi: ::1:62211 - ASGI [7] Send {'type': 'http.response.body', 'body': '<45 bytes>', 'more_body': True}
2026-06-16 22:14:02,678 [TRACE] uvicorn.asgi: ::1:62211 - ASGI [7] Send {'type': 'http.response.body', 'body': '<45 bytes>', 'more_body': True}
2026-06-16 22:14:17,695 [TRACE] uvicorn.asgi: ::1:62211 - ASGI [7] Send {'type': 'http.response.body', 'body': '<45 bytes>', 'more_body': True}
2026-06-16 22:14:32,699 [TRACE] uvicorn.asgi: ::1:62211 - ASGI [7] Send {'type': 'http.response.body', 'body': '<45 bytes>', 'more_body': True}
2026-06-16 22:14:47,712 [TRACE] uvicorn.asgi: ::1:62211 - ASGI [7] Send {'type': 'http.response.body', 'body': '<45 bytes>', 'more_body': True}
2026-06-16 22:15:02,713 [TRACE] uvicorn.asgi: ::1:62211 - ASGI [7] Send {'type': 'http.response.body', 'body': '<45 bytes>', 'more_body': True}
2026-06-16 22:15:17,714 [TRACE] uvicorn.asgi: ::1:62211 - ASGI [7] Send {'type': 'http.response.body', 'body': '<45 bytes>', 'more_body': True}
2026-06-16 22:15:32,717 [TRACE] uvicorn.asgi: ::1:62211 - ASGI [7] Send {'type': 'http.response.body', 'body': '<45 bytes>', 'more_body': True}
2026-06-16 22:15:47,732 [TRACE] uvicorn.asgi: ::1:62211 - ASGI [7] Send {'type': 'http.response.body', 'body': '<45 bytes>', 'more_body': True}
2026-06-16 22:16:02,751 [TRACE] uvicorn.asgi: ::1:62211 - ASGI [7] Send {'type': 'http.response.body', 'body': '<45 bytes>', 'more_body': True}
2026-06-16 22:16:17,765 [TRACE] uvicorn.asgi: ::1:62211 - ASGI [7] Send {'type': 'http.response.body', 'body': '<45 bytes>', 'more_body': True}
2026-06-16 22:16:32,766 [TRACE] uvicorn.asgi: ::1:62211 - ASGI [7] Send {'type': 'http.response.body', 'body': '<45 bytes>', 'more_body': True}
2026-06-16 22:16:47,769 [TRACE] uvicorn.asgi: ::1:62211 - ASGI [7] Send {'type': 'http.response.body', 'body': '<45 bytes>', 'more_body': True}
2026-06-16 22:17:02,782 [TRACE] uvicorn.asgi: ::1:62211 - ASGI [7] Send {'type': 'http.response.body', 'body': '<45 bytes>', 'more_body': True}
2026-06-16 22:17:17,799 [TRACE] uvicorn.asgi: ::1:62211 - ASGI [7] Send {'type': 'http.response.body', 'body': '<45 bytes>', 'more_body': True}
2026-06-16 22:17:32,803 [TRACE] uvicorn.asgi: ::1:62211 - ASGI [7] Send {'type': 'http.response.body', 'body': '<45 bytes>', 'more_body': True}
2026-06-16 22:17:47,804 [TRACE] uvicorn.asgi: ::1:62211 - ASGI [7] Send {'type': 'http.response.body', 'body': '<45 bytes>', 'more_body': True}
2026-06-16 22:18:02,818 [TRACE] uvicorn.asgi: ::1:62211 - ASGI [7] Send {'type': 'http.response.body', 'body': '<45 bytes>', 'more_body': True}
2026-06-16 22:18:17,834 [TRACE] uvicorn.asgi: ::1:62211 - ASGI [7] Send {'type': 'http.response.body', 'body': '<45 bytes>', 'more_body': True}
2026-06-16 22:18:32,848 [TRACE] uvicorn.asgi: ::1:62211 - ASGI [7] Send {'type': 'http.response.body', 'body': '<45 bytes>', 'more_body': True}
2026-06-16 22:18:47,850 [TRACE] uvicorn.asgi: ::1:62211 - ASGI [7] Send {'type': 'http.response.body', 'body': '<45 bytes>', 'more_body': True}
2026-06-16 22:19:02,852 [TRACE] uvicorn.asgi: ::1:62211 - ASGI [7] Send {'type': 'http.response.body', 'body': '<45 bytes>', 'more_body': True}
2026-06-16 22:19:17,853 [TRACE] uvicorn.asgi: ::1:62211 - ASGI [7] Send {'type': 'http.response.body', 'body': '<45 bytes>', 'more_body': True}
2026-06-16 22:19:32,867 [TRACE] uvicorn.asgi: ::1:62211 - ASGI [7] Send {'type': 'http.response.body', 'body': '<45 bytes>', 'more_body': True}
2026-06-16 22:19:47,868 [TRACE] uvicorn.asgi: ::1:62211 - ASGI [7] Send {'type': 'http.response.body', 'body': '<45 bytes>', 'more_body': True}
2026-06-16 22:20:02,885 [TRACE] uvicorn.asgi: ::1:62211 - ASGI [7] Send {'type': 'http.response.body', 'body': '<45 bytes>', 'more_body': True}
2026-06-16 22:20:17,901 [TRACE] uvicorn.asgi: ::1:62211 - ASGI [7] Send {'type': 'http.response.body', 'body': '<45 bytes>', 'more_body': True}
2026-06-16 22:20:32,903 [TRACE] uvicorn.asgi: ::1:62211 - ASGI [7] Send {'type': 'http.response.body', 'body': '<45 bytes>', 'more_body': True}
2026-06-16 22:20:47,907 [TRACE] uvicorn.asgi: ::1:62211 - ASGI [7] Send {'type': 'http.response.body', 'body': '<45 bytes>', 'more_body': True}
2026-06-16 22:21:02,920 [TRACE] uvicorn.asgi: ::1:62211 - ASGI [7] Send {'type': 'http.response.body', 'body': '<45 bytes>', 'more_body': True}
2026-06-16 22:21:17,925 [TRACE] uvicorn.asgi: ::1:62211 - ASGI [7] Send {'type': 'http.response.body', 'body': '<45 bytes>', 'more_body': True}
2026-06-16 22:21:32,942 [TRACE] uvicorn.asgi: ::1:62211 - ASGI [7] Send {'type': 'http.response.body', 'body': '<45 bytes>', 'more_body': True}
2026-06-16 22:21:47,957 [TRACE] uvicorn.asgi: ::1:62211 - ASGI [7] Send {'type': 'http.response.body', 'body': '<45 bytes>', 'more_body': True}
2026-06-16 22:22:02,965 [TRACE] uvicorn.asgi: ::1:62211 - ASGI [7] Send {'type': 'http.response.body', 'body': '<45 bytes>', 'more_body': True}
2026-06-16 22:22:17,972 [TRACE] uvicorn.asgi: ::1:62211 - ASGI [7] Send {'type': 'http.response.body', 'body': '<45 bytes>', 'more_body': True}
2026-06-16 22:22:32,985 [TRACE] uvicorn.asgi: ::1:62211 - ASGI [7] Send {'type': 'http.response.body', 'body': '<45 bytes>', 'more_body': True}
2026-06-16 22:22:47,989 [TRACE] uvicorn.asgi: ::1:62211 - ASGI [7] Send {'type': 'http.response.body', 'body': '<45 bytes>', 'more_body': True}
2026-06-16 22:23:03,004 [TRACE] uvicorn.asgi: ::1:62211 - ASGI [7] Send {'type': 'http.response.body', 'body': '<45 bytes>', 'more_body': True}
2026-06-16 22:23:18,020 [TRACE] uvicorn.asgi: ::1:62211 - ASGI [7] Send {'type': 'http.response.body', 'body': '<45 bytes>', 'more_body': True}
2026-06-16 22:23:33,035 [TRACE] uvicorn.asgi: ::1:62211 - ASGI [7] Send {'type': 'http.response.body', 'body': '<45 bytes>', 'more_body': True}
2026-06-16 22:23:48,039 [TRACE] uvicorn.asgi: ::1:62211 - ASGI [7] Send {'type': 'http.response.body', 'body': '<45 bytes>', 'more_body': True}
2026-06-16 22:24:03,046 [TRACE] uvicorn.asgi: ::1:62211 - ASGI [7] Send {'type': 'http.response.body', 'body': '<45 bytes>', 'more_body': True}
2026-06-16 22:24:18,050 [TRACE] uvicorn.asgi: ::1:62211 - ASGI [7] Send {'type': 'http.response.body', 'body': '<45 bytes>', 'more_body': True}
2026-06-16 22:24:33,056 [TRACE] uvicorn.asgi: ::1:62211 - ASGI [7] Send {'type': 'http.response.body', 'body': '<45 bytes>', 'more_body': True}
2026-06-16 22:24:48,073 [TRACE] uvicorn.asgi: ::1:62211 - ASGI [7] Send {'type': 'http.response.body', 'body': '<45 bytes>', 'more_body': True}
2026-06-16 22:25:03,089 [TRACE] uvicorn.asgi: ::1:62211 - ASGI [7] Send {'type': 'http.response.body', 'body': '<45 bytes>', 'more_body': True}
2026-06-16 22:25:18,105 [TRACE] uvicorn.asgi: ::1:62211 - ASGI [7] Send {'type': 'http.response.body', 'body': '<45 bytes>', 'more_body': True}
2026-06-16 22:25:33,118 [TRACE] uvicorn.asgi: ::1:62211 - ASGI [7] Send {'type': 'http.response.body', 'body': '<45 bytes>', 'more_body': True}
2026-06-16 22:25:48,123 [TRACE] uvicorn.asgi: ::1:62211 - ASGI [7] Send {'type': 'http.response.body', 'body': '<45 bytes>', 'more_body': True}
2026-06-16 22:26:03,137 [TRACE] uvicorn.asgi: ::1:62211 - ASGI [7] Send {'type': 'http.response.body', 'body': '<45 bytes>', 'more_body': True}
2026-06-16 22:26:18,142 [TRACE] uvicorn.asgi: ::1:62211 - ASGI [7] Send {'type': 'http.response.body', 'body': '<45 bytes>', 'more_body': True}
2026-06-16 22:26:33,155 [TRACE] uvicorn.asgi: ::1:62211 - ASGI [7] Send {'type': 'http.response.body', 'body': '<45 bytes>', 'more_body': True}
2026-06-16 22:26:48,163 [TRACE] uvicorn.asgi: ::1:62211 - ASGI [7] Send {'type': 'http.response.body', 'body': '<45 bytes>', 'more_body': True}
2026-06-16 22:27:03,179 [TRACE] uvicorn.asgi: ::1:62211 - ASGI [7] Send {'type': 'http.response.body', 'body': '<45 bytes>', 'more_body': True}
2026-06-16 22:27:18,186 [TRACE] uvicorn.asgi: ::1:62211 - ASGI [7] Send {'type': 'http.response.body', 'body': '<45 bytes>', 'more_body': True}
2026-06-16 22:27:33,193 [TRACE] uvicorn.asgi: ::1:62211 - ASGI [7] Send {'type': 'http.response.body', 'body': '<45 bytes>', 'more_body': True}
2026-06-16 22:27:48,209 [TRACE] uvicorn.asgi: ::1:62211 - ASGI [7] Send {'type': 'http.response.body', 'body': '<45 bytes>', 'more_body': True}
2026-06-16 22:28:03,222 [TRACE] uvicorn.asgi: ::1:62211 - ASGI [7] Send {'type': 'http.response.body', 'body': '<45 bytes>', 'more_body': True}
2026-06-16 22:28:18,237 [TRACE] uvicorn.asgi: ::1:62211 - ASGI [7] Send {'type': 'http.response.body', 'body': '<45 bytes>', 'more_body': True}
2026-06-16 22:28:33,244 [TRACE] uvicorn.asgi: ::1:62211 - ASGI [7] Send {'type': 'http.response.body', 'body': '<45 bytes>', 'more_body': True}
2026-06-16 22:28:48,245 [TRACE] uvicorn.asgi: ::1:62211 - ASGI [7] Send {'type': 'http.response.body', 'body': '<45 bytes>', 'more_body': True}
2026-06-16 22:29:03,258 [TRACE] uvicorn.asgi: ::1:62211 - ASGI [7] Send {'type': 'http.response.body', 'body': '<45 bytes>', 'more_body': True}
2026-06-16 22:29:18,262 [TRACE] uvicorn.asgi: ::1:62211 - ASGI [7] Send {'type': 'http.response.body', 'body': '<45 bytes>', 'more_body': True}
2026-06-16 22:29:33,263 [TRACE] uvicorn.asgi: ::1:62211 - ASGI [7] Send {'type': 'http.response.body', 'body': '<45 bytes>', 'more_body': True}
2026-06-16 22:29:48,279 [TRACE] uvicorn.asgi: ::1:62211 - ASGI [7] Send {'type': 'http.response.body', 'body': '<45 bytes>', 'more_body': True}
2026-06-16 22:30:03,291 [TRACE] uvicorn.asgi: ::1:62211 - ASGI [7] Send {'type': 'http.response.body', 'body': '<45 bytes>', 'more_body': True}
2026-06-16 22:30:18,295 [TRACE] uvicorn.asgi: ::1:62211 - ASGI [7] Send {'type': 'http.response.body', 'body': '<45 bytes>', 'more_body': True}
2026-06-16 22:30:33,310 [TRACE] uvicorn.asgi: ::1:62211 - ASGI [7] Send {'type': 'http.response.body', 'body': '<45 bytes>', 'more_body': True}
2026-06-16 22:30:48,313 [TRACE] uvicorn.asgi: ::1:62211 - ASGI [7] Send {'type': 'http.response.body', 'body': '<45 bytes>', 'more_body': True}
2026-06-16 22:31:03,329 [TRACE] uvicorn.asgi: ::1:62211 - ASGI [7] Send {'type': 'http.response.body', 'body': '<45 bytes>', 'more_body': True}
2026-06-16 22:31:18,331 [TRACE] uvicorn.asgi: ::1:62211 - ASGI [7] Send {'type': 'http.response.body', 'body': '<45 bytes>', 'more_body': True}
2026-06-16 22:31:33,344 [TRACE] uvicorn.asgi: ::1:62211 - ASGI [7] Send {'type': 'http.response.body', 'body': '<45 bytes>', 'more_body': True}
2026-06-16 22:31:48,360 [TRACE] uvicorn.asgi: ::1:62211 - ASGI [7] Send {'type': 'http.response.body', 'body': '<45 bytes>', 'more_body': True}
2026-06-16 22:32:03,367 [TRACE] uvicorn.asgi: ::1:62211 - ASGI [7] Send {'type': 'http.response.body', 'body': '<45 bytes>', 'more_body': True}
2026-06-16 22:32:18,381 [TRACE] uvicorn.asgi: ::1:62211 - ASGI [7] Send {'type': 'http.response.body', 'body': '<45 bytes>', 'more_body': True}
2026-06-16 22:32:33,391 [TRACE] uvicorn.asgi: ::1:62211 - ASGI [7] Send {'type': 'http.response.body', 'body': '<45 bytes>', 'more_body': True}
2026-06-16 22:32:48,393 [TRACE] uvicorn.asgi: ::1:62211 - ASGI [7] Send {'type': 'http.response.body', 'body': '<45 bytes>', 'more_body': True}
2026-06-16 22:33:03,398 [TRACE] uvicorn.asgi: ::1:62211 - ASGI [7] Send {'type': 'http.response.body', 'body': '<45 bytes>', 'more_body': True}
2026-06-16 22:33:18,406 [TRACE] uvicorn.asgi: ::1:62211 - ASGI [7] Send {'type': 'http.response.body', 'body': '<45 bytes>', 'more_body': True}
2026-06-16 22:33:33,416 [TRACE] uvicorn.asgi: ::1:62211 - ASGI [7] Send {'type': 'http.response.body', 'body': '<45 bytes>', 'more_body': True}
2026-06-16 22:33:48,422 [TRACE] uvicorn.asgi: ::1:62211 - ASGI [7] Send {'type': 'http.response.body', 'body': '<45 bytes>', 'more_body': True}
2026-06-16 22:34:03,432 [TRACE] uvicorn.asgi: ::1:62211 - ASGI [7] Send {'type': 'http.response.body', 'body': '<45 bytes>', 'more_body': True}
2026-06-16 22:34:18,445 [TRACE] uvicorn.asgi: ::1:62211 - ASGI [7] Send {'type': 'http.response.body', 'body': '<45 bytes>', 'more_body': True}
2026-06-16 22:34:33,449 [TRACE] uvicorn.asgi: ::1:62211 - ASGI [7] Send {'type': 'http.response.body', 'body': '<45 bytes>', 'more_body': True}
2026-06-16 22:34:48,465 [TRACE] uvicorn.asgi: ::1:62211 - ASGI [7] Send {'type': 'http.response.body', 'body': '<45 bytes>', 'more_body': True}
2026-06-16 22:35:03,470 [TRACE] uvicorn.asgi: ::1:62211 - ASGI [7] Send {'type': 'http.response.body', 'body': '<45 bytes>', 'more_body': True}
2026-06-16 22:35:18,482 [TRACE] uvicorn.asgi: ::1:62211 - ASGI [7] Send {'type': 'http.response.body', 'body': '<45 bytes>', 'more_body': True}
2026-06-16 22:35:33,487 [TRACE] uvicorn.asgi: ::1:62211 - ASGI [7] Send {'type': 'http.response.body', 'body': '<45 bytes>', 'more_body': True}
2026-06-16 22:35:48,500 [TRACE] uvicorn.asgi: ::1:62211 - ASGI [7] Send {'type': 'http.response.body', 'body': '<45 bytes>', 'more_body': True}
2026-06-16 22:36:03,504 [TRACE] uvicorn.asgi: ::1:62211 - ASGI [7] Send {'type': 'http.response.body', 'body': '<45 bytes>', 'more_body': True}
2026-06-16 22:36:18,520 [TRACE] uvicorn.asgi: ::1:62211 - ASGI [7] Send {'type': 'http.response.body', 'body': '<45 bytes>', 'more_body': True}
2026-06-16 22:36:33,535 [TRACE] uvicorn.asgi: ::1:62211 - ASGI [7] Send {'type': 'http.response.body', 'body': '<45 bytes>', 'more_body': True}
2026-06-16 22:36:48,539 [TRACE] uvicorn.asgi: ::1:62211 - ASGI [7] Send {'type': 'http.response.body', 'body': '<45 bytes>', 'more_body': True}
2026-06-16 22:37:03,548 [TRACE] uvicorn.asgi: ::1:62211 - ASGI [7] Send {'type': 'http.response.body', 'body': '<45 bytes>', 'more_body': True}
2026-06-16 22:37:18,557 [TRACE] uvicorn.asgi: ::1:62211 - ASGI [7] Send {'type': 'http.response.body', 'body': '<45 bytes>', 'more_body': True}
2026-06-16 22:37:33,570 [TRACE] uvicorn.asgi: ::1:62211 - ASGI [7] Send {'type': 'http.response.body', 'body': '<45 bytes>', 'more_body': True}
2026-06-16 22:37:48,578 [TRACE] uvicorn.asgi: ::1:62211 - ASGI [7] Send {'type': 'http.response.body', 'body': '<45 bytes>', 'more_body': True}
2026-06-16 22:38:03,593 [TRACE] uvicorn.asgi: ::1:62211 - ASGI [7] Send {'type': 'http.response.body', 'body': '<45 bytes>', 'more_body': True}
2026-06-16 22:38:18,606 [TRACE] uvicorn.asgi: ::1:62211 - ASGI [7] Send {'type': 'http.response.body', 'body': '<45 bytes>', 'more_body': True}
2026-06-16 22:38:33,618 [TRACE] uvicorn.asgi: ::1:62211 - ASGI [7] Send {'type': 'http.response.body', 'body': '<45 bytes>', 'more_body': True}
2026-06-16 22:38:48,623 [TRACE] uvicorn.asgi: ::1:62211 - ASGI [7] Send {'type': 'http.response.body', 'body': '<45 bytes>', 'more_body': True}
2026-06-16 22:39:03,625 [TRACE] uvicorn.asgi: ::1:62211 - ASGI [7] Send {'type': 'http.response.body', 'body': '<45 bytes>', 'more_body': True}
2026-06-16 22:39:18,636 [TRACE] uvicorn.asgi: ::1:62211 - ASGI [7] Send {'type': 'http.response.body', 'body': '<45 bytes>', 'more_body': True}
2026-06-16 22:39:33,638 [TRACE] uvicorn.asgi: ::1:62211 - ASGI [7] Send {'type': 'http.response.body', 'body': '<45 bytes>', 'more_body': True}
2026-06-16 22:39:48,651 [TRACE] uvicorn.asgi: ::1:62211 - ASGI [7] Send {'type': 'http.response.body', 'body': '<45 bytes>', 'more_body': True}
2026-06-16 22:40:03,656 [TRACE] uvicorn.asgi: ::1:62211 - ASGI [7] Send {'type': 'http.response.body', 'body': '<45 bytes>', 'more_body': True}
2026-06-16 22:40:18,661 [TRACE] uvicorn.asgi: ::1:62211 - ASGI [7] Send {'type': 'http.response.body', 'body': '<45 bytes>', 'more_body': True}
2026-06-16 22:40:33,677 [TRACE] uvicorn.asgi: ::1:62211 - ASGI [7] Send {'type': 'http.response.body', 'body': '<45 bytes>', 'more_body': True}
2026-06-16 22:40:48,679 [TRACE] uvicorn.asgi: ::1:62211 - ASGI [7] Send {'type': 'http.response.body', 'body': '<45 bytes>', 'more_body': True}
2026-06-16 22:41:03,683 [TRACE] uvicorn.asgi: ::1:62211 - ASGI [7] Send {'type': 'http.response.body', 'body': '<45 bytes>', 'more_body': True}
2026-06-16 22:41:18,695 [TRACE] uvicorn.asgi: ::1:62211 - ASGI [7] Send {'type': 'http.response.body', 'body': '<45 bytes>', 'more_body': True}
2026-06-16 22:41:33,697 [TRACE] uvicorn.asgi: ::1:62211 - ASGI [7] Send {'type': 'http.response.body', 'body': '<45 bytes>', 'more_body': True}
2026-06-16 22:41:48,698 [TRACE] uvicorn.asgi: ::1:62211 - ASGI [7] Send {'type': 'http.response.body', 'body': '<45 bytes>', 'more_body': True}
2026-06-16 22:42:03,714 [TRACE] uvicorn.asgi: ::1:62211 - ASGI [7] Send {'type': 'http.response.body', 'body': '<45 bytes>', 'more_body': True}
2026-06-16 22:42:18,729 [TRACE] uvicorn.asgi: ::1:62211 - ASGI [7] Send {'type': 'http.response.body', 'body': '<45 bytes>', 'more_body': True}
2026-06-16 22:42:33,734 [TRACE] uvicorn.asgi: ::1:62211 - ASGI [7] Send {'type': 'http.response.body', 'body': '<45 bytes>', 'more_body': True}
2026-06-16 22:42:48,748 [TRACE] uvicorn.asgi: ::1:62211 - ASGI [7] Send {'type': 'http.response.body', 'body': '<45 bytes>', 'more_body': True}
2026-06-16 22:43:03,749 [TRACE] uvicorn.asgi: ::1:62211 - ASGI [7] Send {'type': 'http.response.body', 'body': '<45 bytes>', 'more_body': True}
2026-06-16 22:43:18,763 [TRACE] uvicorn.asgi: ::1:62211 - ASGI [7] Send {'type': 'http.response.body', 'body': '<45 bytes>', 'more_body': True}
2026-06-16 22:43:33,765 [TRACE] uvicorn.asgi: ::1:62211 - ASGI [7] Send {'type': 'http.response.body', 'body': '<45 bytes>', 'more_body': True}
2026-06-16 22:43:48,767 [TRACE] uvicorn.asgi: ::1:62211 - ASGI [7] Send {'type': 'http.response.body', 'body': '<45 bytes>', 'more_body': True}
2026-06-16 22:44:03,781 [TRACE] uvicorn.asgi: ::1:62211 - ASGI [7] Send {'type': 'http.response.body', 'body': '<45 bytes>', 'more_body': True}
2026-06-16 22:44:18,783 [TRACE] uvicorn.asgi: ::1:62211 - ASGI [7] Send {'type': 'http.response.body', 'body': '<45 bytes>', 'more_body': True}
2026-06-16 22:44:33,785 [TRACE] uvicorn.asgi: ::1:62211 - ASGI [7] Send {'type': 'http.response.body', 'body': '<45 bytes>', 'more_body': True}
2026-06-16 22:44:48,802 [TRACE] uvicorn.asgi: ::1:62211 - ASGI [7] Send {'type': 'http.response.body', 'body': '<45 bytes>', 'more_body': True}
2026-06-16 22:45:03,818 [TRACE] uvicorn.asgi: ::1:62211 - ASGI [7] Send {'type': 'http.response.body', 'body': '<45 bytes>', 'more_body': True}
2026-06-16 22:45:18,833 [TRACE] uvicorn.asgi: ::1:62211 - ASGI [7] Send {'type': 'http.response.body', 'body': '<45 bytes>', 'more_body': True}
2026-06-16 22:45:33,846 [TRACE] uvicorn.asgi: ::1:62211 - ASGI [7] Send {'type': 'http.response.body', 'body': '<45 bytes>', 'more_body': True}
2026-06-16 23:35:50,804 [TRACE] uvicorn.asgi: ::1:62211 - ASGI [7] Send {'type': 'http.response.body', 'body': '<45 bytes>', 'more_body': True}
2026-06-16 23:36:05,913 [TRACE] uvicorn.asgi: ::1:62211 - ASGI [7] Send {'type': 'http.response.body', 'body': '<45 bytes>', 'more_body': True}
2026-06-16 23:36:20,923 [TRACE] uvicorn.asgi: ::1:62211 - ASGI [7] Send {'type': 'http.response.body', 'body': '<45 bytes>', 'more_body': True}
2026-06-16 23:36:35,926 [TRACE] uvicorn.asgi: ::1:62211 - ASGI [7] Send {'type': 'http.response.body', 'body': '<45 bytes>', 'more_body': True}
2026-06-16 23:36:50,938 [TRACE] uvicorn.asgi: ::1:62211 - ASGI [7] Send {'type': 'http.response.body', 'body': '<45 bytes>', 'more_body': True}
2026-06-16 23:37:05,950 [TRACE] uvicorn.asgi: ::1:62211 - ASGI [7] Send {'type': 'http.response.body', 'body': '<45 bytes>', 'more_body': True}
2026-06-16 23:37:20,955 [TRACE] uvicorn.asgi: ::1:62211 - ASGI [7] Send {'type': 'http.response.body', 'body': '<45 bytes>', 'more_body': True}
2026-06-16 23:37:35,959 [TRACE] uvicorn.asgi: ::1:62211 - ASGI [7] Send {'type': 'http.response.body', 'body': '<45 bytes>', 'more_body': True}
2026-06-16 23:37:50,971 [TRACE] uvicorn.asgi: ::1:62211 - ASGI [7] Send {'type': 'http.response.body', 'body': '<45 bytes>', 'more_body': True}
2026-06-16 23:38:05,974 [TRACE] uvicorn.asgi: ::1:62211 - ASGI [7] Send {'type': 'http.response.body', 'body': '<45 bytes>', 'more_body': True}
2026-06-16 23:38:20,977 [TRACE] uvicorn.asgi: ::1:62211 - ASGI [7] Send {'type': 'http.response.body', 'body': '<45 bytes>', 'more_body': True}
2026-06-16 23:38:35,993 [TRACE] uvicorn.asgi: ::1:62211 - ASGI [7] Send {'type': 'http.response.body', 'body': '<45 bytes>', 'more_body': True}
2026-06-16 23:38:51,007 [TRACE] uvicorn.asgi: ::1:62211 - ASGI [7] Send {'type': 'http.response.body', 'body': '<45 bytes>', 'more_body': True}
2026-06-16 23:39:06,009 [TRACE] uvicorn.asgi: ::1:62211 - ASGI [7] Send {'type': 'http.response.body', 'body': '<45 bytes>', 'more_body': True}
2026-06-16 23:39:21,011 [TRACE] uvicorn.asgi: ::1:62211 - ASGI [7] Send {'type': 'http.response.body', 'body': '<45 bytes>', 'more_body': True}
2026-06-16 23:39:36,023 [TRACE] uvicorn.asgi: ::1:62211 - ASGI [7] Send {'type': 'http.response.body', 'body': '<45 bytes>', 'more_body': True}
2026-06-16 23:39:51,035 [TRACE] uvicorn.asgi: ::1:62211 - ASGI [7] Send {'type': 'http.response.body', 'body': '<45 bytes>', 'more_body': True}
2026-06-16 23:40:06,042 [TRACE] uvicorn.asgi: ::1:62211 - ASGI [7] Send {'type': 'http.response.body', 'body': '<45 bytes>', 'more_body': True}
2026-06-16 23:40:21,058 [TRACE] uvicorn.asgi: ::1:62211 - ASGI [7] Send {'type': 'http.response.body', 'body': '<45 bytes>', 'more_body': True}
2026-06-16 23:40:36,071 [TRACE] uvicorn.asgi: ::1:62211 - ASGI [7] Send {'type': 'http.response.body', 'body': '<45 bytes>', 'more_body': True}
2026-06-16 23:40:51,074 [TRACE] uvicorn.asgi: ::1:62211 - ASGI [7] Send {'type': 'http.response.body', 'body': '<45 bytes>', 'more_body': True}
2026-06-16 23:41:06,092 [TRACE] uvicorn.asgi: ::1:62211 - ASGI [7] Send {'type': 'http.response.body', 'body': '<45 bytes>', 'more_body': True}
2026-06-16 23:41:21,096 [TRACE] uvicorn.asgi: ::1:62211 - ASGI [7] Send {'type': 'http.response.body', 'body': '<45 bytes>', 'more_body': True}
2026-06-16 23:41:36,109 [TRACE] uvicorn.asgi: ::1:62211 - ASGI [7] Send {'type': 'http.response.body', 'body': '<45 bytes>', 'more_body': True}
2026-06-16 23:41:51,123 [TRACE] uvicorn.asgi: ::1:62211 - ASGI [7] Send {'type': 'http.response.body', 'body': '<45 bytes>', 'more_body': True}
2026-06-16 23:42:06,127 [TRACE] uvicorn.asgi: ::1:62211 - ASGI [7] Send {'type': 'http.response.body', 'body': '<45 bytes>', 'more_body': True}
2026-06-16 23:42:21,141 [TRACE] uvicorn.asgi: ::1:62211 - ASGI [7] Send {'type': 'http.response.body', 'body': '<45 bytes>', 'more_body': True}
2026-06-16 23:42:36,152 [TRACE] uvicorn.asgi: ::1:62211 - ASGI [7] Send {'type': 'http.response.body', 'body': '<45 bytes>', 'more_body': True}
2026-06-16 23:42:51,164 [TRACE] uvicorn.asgi: ::1:62211 - ASGI [7] Send {'type': 'http.response.body', 'body': '<45 bytes>', 'more_body': True}
2026-06-16 23:42:59,318 [TRACE] uvicorn.error: ::1:63999 - HTTP connection made
2026-06-16 23:42:59,326 [TRACE] uvicorn.asgi: ::1:63999 - ASGI [59] Started scope={'type': 'http', 'asgi': {'version': '3.0', 'spec_version': '2.3'}, 'http_version': '1.1', 'server': ('::1', 8003), 'client': ('::1', 63999), 'scheme': 'http', 'method': 'POST', 'root_path': '', 'path': '/mcp/', 'raw_path': b'/mcp/', 'query_string': b'', 'headers': '<...>', 'state': {}}
2026-06-16 23:42:59,337 [TRACE] uvicorn.asgi: ::1:63999 - ASGI [59] Receive {'type': 'http.request', 'body': '<185 bytes>', 'more_body': False}
2026-06-16 23:42:59,351 [TRACE] uvicorn.asgi: ::1:63999 - ASGI [59] Send {'type': 'http.response.start', 'status': 200, 'headers': '<...>'}
2026-06-16 23:42:59,352 [INFO] uvicorn.access: ::1:63999 - "POST /mcp/ HTTP/1.1" 200
2026-06-16 23:42:59,360 [INFO] mcp.server.lowlevel.server: Processing request of type CallToolRequest
2026-06-16 23:42:59,408 [INFO] httpx: HTTP Request: POST http://fastapi/generate-delay-communication "HTTP/1.1 200 OK"
2026-06-16 23:42:59,419 [TRACE] uvicorn.asgi: ::1:63999 - ASGI [59] Send {'type': 'http.response.body', 'body': '<1334 bytes>', 'more_body': True}
2026-06-16 23:42:59,420 [TRACE] uvicorn.asgi: ::1:63999 - ASGI [59] Send {'type': 'http.response.body', 'body': '<0 bytes>', 'more_body': False}
2026-06-16 23:42:59,421 [TRACE] uvicorn.asgi: ::1:63999 - ASGI [59] Receive {'type': 'http.disconnect'}
2026-06-16 23:42:59,422 [TRACE] uvicorn.error: ::1:63999 - HTTP connection lost
2026-06-16 23:42:59,422 [TRACE] uvicorn.asgi: ::1:63999 - ASGI [59] Completed
2026-06-16 23:43:06,165 [TRACE] uvicorn.asgi: ::1:62211 - ASGI [7] Send {'type': 'http.response.body', 'body': '<45 bytes>', 'more_body': True}
2026-06-16 23:43:21,181 [TRACE] uvicorn.asgi: ::1:62211 - ASGI [7] Send {'type': 'http.response.body', 'body': '<45 bytes>', 'more_body': True}
2026-06-16 23:43:36,197 [TRACE] uvicorn.asgi: ::1:62211 - ASGI [7] Send {'type': 'http.response.body', 'body': '<45 bytes>', 'more_body': True}
2026-06-16 23:43:51,209 [TRACE] uvicorn.asgi: ::1:62211 - ASGI [7] Send {'type': 'http.response.body', 'body': '<45 bytes>', 'more_body': True}
2026-06-16 23:44:06,224 [TRACE] uvicorn.asgi: ::1:62211 - ASGI [7] Send {'type': 'http.response.body', 'body': '<45 bytes>', 'more_body': True}
2026-06-16 23:44:21,234 [TRACE] uvicorn.asgi: ::1:62211 - ASGI [7] Send {'type': 'http.response.body', 'body': '<45 bytes>', 'more_body': True}
2026-06-16 23:44:36,243 [TRACE] uvicorn.asgi: ::1:62211 - ASGI [7] Send {'type': 'http.response.body', 'body': '<45 bytes>', 'more_body': True}
2026-06-16 23:44:51,248 [TRACE] uvicorn.asgi: ::1:62211 - ASGI [7] Send {'type': 'http.response.body', 'body': '<45 bytes>', 'more_body': True}
2026-06-16 23:45:06,257 [TRACE] uvicorn.asgi: ::1:62211 - ASGI [7] Send {'type': 'http.response.body', 'body': '<45 bytes>', 'more_body': True}
2026-06-16 23:45:21,262 [TRACE] uvicorn.asgi: ::1:62211 - ASGI [7] Send {'type': 'http.response.body', 'body': '<45 bytes>', 'more_body': True}
2026-06-16 23:45:36,277 [TRACE] uvicorn.asgi: ::1:62211 - ASGI [7] Send {'type': 'http.response.body', 'body': '<45 bytes>', 'more_body': True}
2026-06-16 23:45:51,285 [TRACE] uvicorn.asgi: ::1:62211 - ASGI [7] Send {'type': 'http.response.body', 'body': '<45 bytes>', 'more_body': True}
2026-06-16 23:46:06,297 [TRACE] uvicorn.asgi: ::1:62211 - ASGI [7] Send {'type': 'http.response.body', 'body': '<45 bytes>', 'more_body': True}
2026-06-16 23:46:21,308 [TRACE] uvicorn.asgi: ::1:62211 - ASGI [7] Send {'type': 'http.response.body', 'body': '<45 bytes>', 'more_body': True}
2026-06-16 23:46:36,323 [TRACE] uvicorn.asgi: ::1:62211 - ASGI [7] Send {'type': 'http.response.body', 'body': '<45 bytes>', 'more_body': True}
2026-06-16 23:46:51,331 [TRACE] uvicorn.asgi: ::1:62211 - ASGI [7] Send {'type': 'http.response.body', 'body': '<45 bytes>', 'more_body': True}
2026-06-16 23:47:06,344 [TRACE] uvicorn.asgi: ::1:62211 - ASGI [7] Send {'type': 'http.response.body', 'body': '<45 bytes>', 'more_body': True}
2026-06-16 23:47:21,355 [TRACE] uvicorn.asgi: ::1:62211 - ASGI [7] Send {'type': 'http.response.body', 'body': '<45 bytes>', 'more_body': True}
2026-06-16 23:47:36,371 [TRACE] uvicorn.asgi: ::1:62211 - ASGI [7] Send {'type': 'http.response.body', 'body': '<45 bytes>', 'more_body': True}
2026-06-16 23:47:51,384 [TRACE] uvicorn.asgi: ::1:62211 - ASGI [7] Send {'type': 'http.response.body', 'body': '<45 bytes>', 'more_body': True}
2026-06-16 23:48:06,399 [TRACE] uvicorn.asgi: ::1:62211 - ASGI [7] Send {'type': 'http.response.body', 'body': '<45 bytes>', 'more_body': True}
2026-06-16 23:48:21,406 [TRACE] uvicorn.asgi: ::1:62211 - ASGI [7] Send {'type': 'http.response.body', 'body': '<45 bytes>', 'more_body': True}
2026-06-16 23:48:36,407 [TRACE] uvicorn.asgi: ::1:62211 - ASGI [7] Send {'type': 'http.response.body', 'body': '<45 bytes>', 'more_body': True}
2026-06-16 23:48:51,408 [TRACE] uvicorn.asgi: ::1:62211 - ASGI [7] Send {'type': 'http.response.body', 'body': '<45 bytes>', 'more_body': True}
2026-06-16 23:49:06,416 [TRACE] uvicorn.asgi: ::1:62211 - ASGI [7] Send {'type': 'http.response.body', 'body': '<45 bytes>', 'more_body': True}
2026-06-16 23:49:21,421 [TRACE] uvicorn.asgi: ::1:62211 - ASGI [7] Send {'type': 'http.response.body', 'body': '<45 bytes>', 'more_body': True}
2026-06-16 23:49:36,437 [TRACE] uvicorn.asgi: ::1:62211 - ASGI [7] Send {'type': 'http.response.body', 'body': '<45 bytes>', 'more_body': True}
2026-06-16 23:49:51,439 [TRACE] uvicorn.asgi: ::1:62211 - ASGI [7] Send {'type': 'http.response.body', 'body': '<45 bytes>', 'more_body': True}
2026-06-16 23:50:06,441 [TRACE] uvicorn.asgi: ::1:62211 - ASGI [7] Send {'type': 'http.response.body', 'body': '<45 bytes>', 'more_body': True}
2026-06-16 23:50:21,458 [TRACE] uvicorn.asgi: ::1:62211 - ASGI [7] Send {'type': 'http.response.body', 'body': '<45 bytes>', 'more_body': True}
2026-06-16 23:50:36,459 [TRACE] uvicorn.asgi: ::1:62211 - ASGI [7] Send {'type': 'http.response.body', 'body': '<45 bytes>', 'more_body': True}
2026-06-16 23:50:51,472 [TRACE] uvicorn.asgi: ::1:62211 - ASGI [7] Send {'type': 'http.response.body', 'body': '<45 bytes>', 'more_body': True}
2026-06-16 23:51:06,484 [TRACE] uvicorn.asgi: ::1:62211 - ASGI [7] Send {'type': 'http.response.body', 'body': '<45 bytes>', 'more_body': True}
2026-06-16 23:51:21,489 [TRACE] uvicorn.asgi: ::1:62211 - ASGI [7] Send {'type': 'http.response.body', 'body': '<45 bytes>', 'more_body': True}
2026-06-16 23:51:36,504 [TRACE] uvicorn.asgi: ::1:62211 - ASGI [7] Send {'type': 'http.response.body', 'body': '<45 bytes>', 'more_body': True}
2026-06-16 23:51:51,513 [TRACE] uvicorn.asgi: ::1:62211 - ASGI [7] Send {'type': 'http.response.body', 'body': '<45 bytes>', 'more_body': True}
2026-06-16 23:52:06,524 [TRACE] uvicorn.asgi: ::1:62211 - ASGI [7] Send {'type': 'http.response.body', 'body': '<45 bytes>', 'more_body': True}
2026-06-16 23:52:21,526 [TRACE] uvicorn.asgi: ::1:62211 - ASGI [7] Send {'type': 'http.response.body', 'body': '<45 bytes>', 'more_body': True}
2026-06-16 23:52:36,539 [TRACE] uvicorn.asgi: ::1:62211 - ASGI [7] Send {'type': 'http.response.body', 'body': '<45 bytes>', 'more_body': True}
2026-06-16 23:52:51,544 [TRACE] uvicorn.asgi: ::1:62211 - ASGI [7] Send {'type': 'http.response.body', 'body': '<45 bytes>', 'more_body': True}
2026-06-16 23:53:06,556 [TRACE] uvicorn.asgi: ::1:62211 - ASGI [7] Send {'type': 'http.response.body', 'body': '<45 bytes>', 'more_body': True}
2026-06-16 23:53:21,560 [TRACE] uvicorn.asgi: ::1:62211 - ASGI [7] Send {'type': 'http.response.body', 'body': '<45 bytes>', 'more_body': True}
2026-06-16 23:53:36,562 [TRACE] uvicorn.asgi: ::1:62211 - ASGI [7] Send {'type': 'http.response.body', 'body': '<45 bytes>', 'more_body': True}
2026-06-16 23:53:51,576 [TRACE] uvicorn.asgi: ::1:62211 - ASGI [7] Send {'type': 'http.response.body', 'body': '<45 bytes>', 'more_body': True}
2026-06-16 23:54:06,578 [TRACE] uvicorn.asgi: ::1:62211 - ASGI [7] Send {'type': 'http.response.body', 'body': '<45 bytes>', 'more_body': True}
2026-06-16 23:54:21,593 [TRACE] uvicorn.asgi: ::1:62211 - ASGI [7] Send {'type': 'http.response.body', 'body': '<45 bytes>', 'more_body': True}
2026-06-16 23:54:36,595 [TRACE] uvicorn.asgi: ::1:62211 - ASGI [7] Send {'type': 'http.response.body', 'body': '<45 bytes>', 'more_body': True}
2026-06-16 23:54:51,599 [TRACE] uvicorn.asgi: ::1:62211 - ASGI [7] Send {'type': 'http.response.body', 'body': '<45 bytes>', 'more_body': True}
2026-06-16 23:55:06,614 [TRACE] uvicorn.asgi: ::1:62211 - ASGI [7] Send {'type': 'http.response.body', 'body': '<45 bytes>', 'more_body': True}
2026-06-16 23:55:21,627 [TRACE] uvicorn.asgi: ::1:62211 - ASGI [7] Send {'type': 'http.response.body', 'body': '<45 bytes>', 'more_body': True}
2026-06-16 23:55:36,642 [TRACE] uvicorn.asgi: ::1:62211 - ASGI [7] Send {'type': 'http.response.body', 'body': '<45 bytes>', 'more_body': True}
2026-06-16 23:55:51,646 [TRACE] uvicorn.asgi: ::1:62211 - ASGI [7] Send {'type': 'http.response.body', 'body': '<45 bytes>', 'more_body': True}
2026-06-16 23:56:06,647 [TRACE] uvicorn.asgi: ::1:62211 - ASGI [7] Send {'type': 'http.response.body', 'body': '<45 bytes>', 'more_body': True}
2026-06-16 23:56:21,663 [TRACE] uvicorn.asgi: ::1:62211 - ASGI [7] Send {'type': 'http.response.body', 'body': '<45 bytes>', 'more_body': True}
2026-06-16 23:56:36,680 [TRACE] uvicorn.asgi: ::1:62211 - ASGI [7] Send {'type': 'http.response.body', 'body': '<45 bytes>', 'more_body': True}
2026-06-16 23:56:51,681 [TRACE] uvicorn.asgi: ::1:62211 - ASGI [7] Send {'type': 'http.response.body', 'body': '<45 bytes>', 'more_body': True}
2026-06-16 23:57:06,684 [TRACE] uvicorn.asgi: ::1:62211 - ASGI [7] Send {'type': 'http.response.body', 'body': '<45 bytes>', 'more_body': True}
2026-06-16 23:57:21,698 [TRACE] uvicorn.asgi: ::1:62211 - ASGI [7] Send {'type': 'http.response.body', 'body': '<45 bytes>', 'more_body': True}
2026-06-16 23:57:36,701 [TRACE] uvicorn.asgi: ::1:62211 - ASGI [7] Send {'type': 'http.response.body', 'body': '<45 bytes>', 'more_body': True}
2026-06-16 23:57:51,715 [TRACE] uvicorn.asgi: ::1:62211 - ASGI [7] Send {'type': 'http.response.body', 'body': '<45 bytes>', 'more_body': True}
2026-06-17 00:46:56,344 [TRACE] uvicorn.asgi: ::1:62211 - ASGI [7] Send {'type': 'http.response.body', 'body': '<45 bytes>', 'more_body': True}
2026-06-17 00:47:11,402 [TRACE] uvicorn.asgi: ::1:62211 - ASGI [7] Send {'type': 'http.response.body', 'body': '<45 bytes>', 'more_body': True}
2026-06-17 00:47:26,408 [TRACE] uvicorn.asgi: ::1:62211 - ASGI [7] Send {'type': 'http.response.body', 'body': '<45 bytes>', 'more_body': True}
2026-06-17 00:47:41,417 [TRACE] uvicorn.asgi: ::1:62211 - ASGI [7] Send {'type': 'http.response.body', 'body': '<45 bytes>', 'more_body': True}
2026-06-17 00:47:56,426 [TRACE] uvicorn.asgi: ::1:62211 - ASGI [7] Send {'type': 'http.response.body', 'body': '<45 bytes>', 'more_body': True}
2026-06-17 00:48:11,442 [TRACE] uvicorn.asgi: ::1:62211 - ASGI [7] Send {'type': 'http.response.body', 'body': '<45 bytes>', 'more_body': True}
2026-06-17 00:48:26,446 [TRACE] uvicorn.asgi: ::1:62211 - ASGI [7] Send {'type': 'http.response.body', 'body': '<45 bytes>', 'more_body': True}
2026-06-17 00:48:41,448 [TRACE] uvicorn.asgi: ::1:62211 - ASGI [7] Send {'type': 'http.response.body', 'body': '<45 bytes>', 'more_body': True}
2026-06-17 00:48:56,457 [TRACE] uvicorn.asgi: ::1:62211 - ASGI [7] Send {'type': 'http.response.body', 'body': '<45 bytes>', 'more_body': True}
2026-06-17 00:49:11,461 [TRACE] uvicorn.asgi: ::1:62211 - ASGI [7] Send {'type': 'http.response.body', 'body': '<45 bytes>', 'more_body': True}
2026-06-17 00:49:26,470 [TRACE] uvicorn.asgi: ::1:62211 - ASGI [7] Send {'type': 'http.response.body', 'body': '<45 bytes>', 'more_body': True}
2026-06-17 00:49:41,484 [TRACE] uvicorn.asgi: ::1:62211 - ASGI [7] Send {'type': 'http.response.body', 'body': '<45 bytes>', 'more_body': True}
2026-06-17 00:49:56,497 [TRACE] uvicorn.asgi: ::1:62211 - ASGI [7] Send {'type': 'http.response.body', 'body': '<45 bytes>', 'more_body': True}
2026-06-17 00:50:11,503 [TRACE] uvicorn.asgi: ::1:62211 - ASGI [7] Send {'type': 'http.response.body', 'body': '<45 bytes>', 'more_body': True}
2026-06-17 00:50:26,507 [TRACE] uvicorn.asgi: ::1:62211 - ASGI [7] Send {'type': 'http.response.body', 'body': '<45 bytes>', 'more_body': True}
2026-06-17 00:50:41,513 [TRACE] uvicorn.asgi: ::1:62211 - ASGI [7] Send {'type': 'http.response.body', 'body': '<45 bytes>', 'more_body': True}
2026-06-17 00:50:56,530 [TRACE] uvicorn.asgi: ::1:62211 - ASGI [7] Send {'type': 'http.response.body', 'body': '<45 bytes>', 'more_body': True}
2026-06-17 00:51:11,533 [TRACE] uvicorn.asgi: ::1:62211 - ASGI [7] Send {'type': 'http.response.body', 'body': '<45 bytes>', 'more_body': True}
2026-06-17 00:51:26,550 [TRACE] uvicorn.asgi: ::1:62211 - ASGI [7] Send {'type': 'http.response.body', 'body': '<45 bytes>', 'more_body': True}
2026-06-17 00:51:41,555 [TRACE] uvicorn.asgi: ::1:62211 - ASGI [7] Send {'type': 'http.response.body', 'body': '<45 bytes>', 'more_body': True}
2026-06-17 00:51:56,571 [TRACE] uvicorn.asgi: ::1:62211 - ASGI [7] Send {'type': 'http.response.body', 'body': '<45 bytes>', 'more_body': True}
2026-06-17 00:52:11,574 [TRACE] uvicorn.asgi: ::1:62211 - ASGI [7] Send {'type': 'http.response.body', 'body': '<45 bytes>', 'more_body': True}
2026-06-17 00:52:26,576 [TRACE] uvicorn.asgi: ::1:62211 - ASGI [7] Send {'type': 'http.response.body', 'body': '<45 bytes>', 'more_body': True}
2026-06-17 00:52:41,587 [TRACE] uvicorn.asgi: ::1:62211 - ASGI [7] Send {'type': 'http.response.body', 'body': '<45 bytes>', 'more_body': True}
2026-06-17 00:52:56,591 [TRACE] uvicorn.asgi: ::1:62211 - ASGI [7] Send {'type': 'http.response.body', 'body': '<45 bytes>', 'more_body': True}
2026-06-17 00:53:11,602 [TRACE] uvicorn.asgi: ::1:62211 - ASGI [7] Send {'type': 'http.response.body', 'body': '<45 bytes>', 'more_body': True}
2026-06-17 00:53:26,619 [TRACE] uvicorn.asgi: ::1:62211 - ASGI [7] Send {'type': 'http.response.body', 'body': '<45 bytes>', 'more_body': True}
2026-06-17 00:53:41,622 [TRACE] uvicorn.asgi: ::1:62211 - ASGI [7] Send {'type': 'http.response.body', 'body': '<45 bytes>', 'more_body': True}
2026-06-17 00:53:56,638 [TRACE] uvicorn.asgi: ::1:62211 - ASGI [7] Send {'type': 'http.response.body', 'body': '<45 bytes>', 'more_body': True}
2026-06-17 00:54:11,652 [TRACE] uvicorn.asgi: ::1:62211 - ASGI [7] Send {'type': 'http.response.body', 'body': '<45 bytes>', 'more_body': True}
2026-06-17 00:54:26,658 [TRACE] uvicorn.asgi: ::1:62211 - ASGI [7] Send {'type': 'http.response.body', 'body': '<45 bytes>', 'more_body': True}
2026-06-17 00:54:41,671 [TRACE] uvicorn.asgi: ::1:62211 - ASGI [7] Send {'type': 'http.response.body', 'body': '<45 bytes>', 'more_body': True}
2026-06-17 00:54:56,680 [TRACE] uvicorn.asgi: ::1:62211 - ASGI [7] Send {'type': 'http.response.body', 'body': '<45 bytes>', 'more_body': True}
2026-06-17 00:55:11,693 [TRACE] uvicorn.asgi: ::1:62211 - ASGI [7] Send {'type': 'http.response.body', 'body': '<45 bytes>', 'more_body': True}
2026-06-17 00:55:26,705 [TRACE] uvicorn.asgi: ::1:62211 - ASGI [7] Send {'type': 'http.response.body', 'body': '<45 bytes>', 'more_body': True}
2026-06-17 00:55:41,723 [TRACE] uvicorn.asgi: ::1:62211 - ASGI [7] Send {'type': 'http.response.body', 'body': '<45 bytes>', 'more_body': True}
2026-06-17 00:55:56,729 [TRACE] uvicorn.asgi: ::1:62211 - ASGI [7] Send {'type': 'http.response.body', 'body': '<45 bytes>', 'more_body': True}
2026-06-17 00:56:11,736 [TRACE] uvicorn.asgi: ::1:62211 - ASGI [7] Send {'type': 'http.response.body', 'body': '<45 bytes>', 'more_body': True}
2026-06-17 00:56:26,741 [TRACE] uvicorn.asgi: ::1:62211 - ASGI [7] Send {'type': 'http.response.body', 'body': '<45 bytes>', 'more_body': True}
2026-06-17 00:56:41,756 [TRACE] uvicorn.asgi: ::1:62211 - ASGI [7] Send {'type': 'http.response.body', 'body': '<45 bytes>', 'more_body': True}
2026-06-17 00:56:56,758 [TRACE] uvicorn.asgi: ::1:62211 - ASGI [7] Send {'type': 'http.response.body', 'body': '<45 bytes>', 'more_body': True}
2026-06-17 00:57:11,761 [TRACE] uvicorn.asgi: ::1:62211 - ASGI [7] Send {'type': 'http.response.body', 'body': '<45 bytes>', 'more_body': True}
2026-06-17 00:57:26,769 [TRACE] uvicorn.asgi: ::1:62211 - ASGI [7] Send {'type': 'http.response.body', 'body': '<45 bytes>', 'more_body': True}
2026-06-17 00:57:41,772 [TRACE] uvicorn.asgi: ::1:62211 - ASGI [7] Send {'type': 'http.response.body', 'body': '<45 bytes>', 'more_body': True}
2026-06-17 00:57:56,774 [TRACE] uvicorn.asgi: ::1:62211 - ASGI [7] Send {'type': 'http.response.body', 'body': '<45 bytes>', 'more_body': True}
2026-06-17 00:58:11,782 [TRACE] uvicorn.asgi: ::1:62211 - ASGI [7] Send {'type': 'http.response.body', 'body': '<45 bytes>', 'more_body': True}
2026-06-17 00:58:26,791 [TRACE] uvicorn.asgi: ::1:62211 - ASGI [7] Send {'type': 'http.response.body', 'body': '<45 bytes>', 'more_body': True}
2026-06-17 00:58:41,807 [TRACE] uvicorn.asgi: ::1:62211 - ASGI [7] Send {'type': 'http.response.body', 'body': '<45 bytes>', 'more_body': True}
2026-06-17 00:58:56,808 [TRACE] uvicorn.asgi: ::1:62211 - ASGI [7] Send {'type': 'http.response.body', 'body': '<45 bytes>', 'more_body': True}
2026-06-17 00:59:11,825 [TRACE] uvicorn.asgi: ::1:62211 - ASGI [7] Send {'type': 'http.response.body', 'body': '<45 bytes>', 'more_body': True}
2026-06-17 00:59:26,840 [TRACE] uvicorn.asgi: ::1:62211 - ASGI [7] Send {'type': 'http.response.body', 'body': '<45 bytes>', 'more_body': True}
2026-06-17 00:59:41,843 [TRACE] uvicorn.asgi: ::1:62211 - ASGI [7] Send {'type': 'http.response.body', 'body': '<45 bytes>', 'more_body': True}
2026-06-17 00:59:56,856 [TRACE] uvicorn.asgi: ::1:62211 - ASGI [7] Send {'type': 'http.response.body', 'body': '<45 bytes>', 'more_body': True}
2026-06-17 01:00:11,857 [TRACE] uvicorn.asgi: ::1:62211 - ASGI [7] Send {'type': 'http.response.body', 'body': '<45 bytes>', 'more_body': True}
2026-06-17 01:00:26,859 [TRACE] uvicorn.asgi: ::1:62211 - ASGI [7] Send {'type': 'http.response.body', 'body': '<45 bytes>', 'more_body': True}
2026-06-17 01:00:41,870 [TRACE] uvicorn.asgi: ::1:62211 - ASGI [7] Send {'type': 'http.response.body', 'body': '<45 bytes>', 'more_body': True}
2026-06-17 01:00:56,875 [TRACE] uvicorn.asgi: ::1:62211 - ASGI [7] Send {'type': 'http.response.body', 'body': '<45 bytes>', 'more_body': True}
2026-06-17 01:01:11,877 [TRACE] uvicorn.asgi: ::1:62211 - ASGI [7] Send {'type': 'http.response.body', 'body': '<45 bytes>', 'more_body': True}
2026-06-17 01:01:26,892 [TRACE] uvicorn.asgi: ::1:62211 - ASGI [7] Send {'type': 'http.response.body', 'body': '<45 bytes>', 'more_body': True}
2026-06-17 01:01:41,896 [TRACE] uvicorn.asgi: ::1:62211 - ASGI [7] Send {'type': 'http.response.body', 'body': '<45 bytes>', 'more_body': True}
2026-06-17 01:01:56,899 [TRACE] uvicorn.asgi: ::1:62211 - ASGI [7] Send {'type': 'http.response.body', 'body': '<45 bytes>', 'more_body': True}
2026-06-17 01:02:11,915 [TRACE] uvicorn.asgi: ::1:62211 - ASGI [7] Send {'type': 'http.response.body', 'body': '<45 bytes>', 'more_body': True}
2026-06-17 01:02:26,933 [TRACE] uvicorn.asgi: ::1:62211 - ASGI [7] Send {'type': 'http.response.body', 'body': '<45 bytes>', 'more_body': True}
2026-06-17 01:02:41,948 [TRACE] uvicorn.asgi: ::1:62211 - ASGI [7] Send {'type': 'http.response.body', 'body': '<45 bytes>', 'more_body': True}
2026-06-17 01:02:56,951 [TRACE] uvicorn.asgi: ::1:62211 - ASGI [7] Send {'type': 'http.response.body', 'body': '<45 bytes>', 'more_body': True}
2026-06-17 01:03:11,958 [TRACE] uvicorn.asgi: ::1:62211 - ASGI [7] Send {'type': 'http.response.body', 'body': '<45 bytes>', 'more_body': True}
2026-06-17 01:03:26,962 [TRACE] uvicorn.asgi: ::1:62211 - ASGI [7] Send {'type': 'http.response.body', 'body': '<45 bytes>', 'more_body': True}
2026-06-17 01:03:41,964 [TRACE] uvicorn.asgi: ::1:62211 - ASGI [7] Send {'type': 'http.response.body', 'body': '<45 bytes>', 'more_body': True}
2026-06-17 01:03:56,973 [TRACE] uvicorn.asgi: ::1:62211 - ASGI [7] Send {'type': 'http.response.body', 'body': '<45 bytes>', 'more_body': True}
2026-06-17 01:04:11,982 [TRACE] uvicorn.asgi: ::1:62211 - ASGI [7] Send {'type': 'http.response.body', 'body': '<45 bytes>', 'more_body': True}
2026-06-17 01:04:26,998 [TRACE] uvicorn.asgi: ::1:62211 - ASGI [7] Send {'type': 'http.response.body', 'body': '<45 bytes>', 'more_body': True}
2026-06-17 01:04:42,001 [TRACE] uvicorn.asgi: ::1:62211 - ASGI [7] Send {'type': 'http.response.body', 'body': '<45 bytes>', 'more_body': True}
2026-06-17 01:04:57,005 [TRACE] uvicorn.asgi: ::1:62211 - ASGI [7] Send {'type': 'http.response.body', 'body': '<45 bytes>', 'more_body': True}
2026-06-17 01:05:12,018 [TRACE] uvicorn.asgi: ::1:62211 - ASGI [7] Send {'type': 'http.response.body', 'body': '<45 bytes>', 'more_body': True}
2026-06-17 01:05:27,036 [TRACE] uvicorn.asgi: ::1:62211 - ASGI [7] Send {'type': 'http.response.body', 'body': '<45 bytes>', 'more_body': True}
2026-06-17 01:05:42,038 [TRACE] uvicorn.asgi: ::1:62211 - ASGI [7] Send {'type': 'http.response.body', 'body': '<45 bytes>', 'more_body': True}
2026-06-17 01:05:57,046 [TRACE] uvicorn.asgi: ::1:62211 - ASGI [7] Send {'type': 'http.response.body', 'body': '<45 bytes>', 'more_body': True}
2026-06-17 01:06:12,050 [TRACE] uvicorn.asgi: ::1:62211 - ASGI [7] Send {'type': 'http.response.body', 'body': '<45 bytes>', 'more_body': True}
2026-06-17 01:06:27,066 [TRACE] uvicorn.asgi: ::1:62211 - ASGI [7] Send {'type': 'http.response.body', 'body': '<45 bytes>', 'more_body': True}
2026-06-17 01:06:42,069 [TRACE] uvicorn.asgi: ::1:62211 - ASGI [7] Send {'type': 'http.response.body', 'body': '<45 bytes>', 'more_body': True}
2026-06-17 01:06:57,084 [TRACE] uvicorn.asgi: ::1:62211 - ASGI [7] Send {'type': 'http.response.body', 'body': '<45 bytes>', 'more_body': True}
2026-06-17 01:07:12,098 [TRACE] uvicorn.asgi: ::1:62211 - ASGI [7] Send {'type': 'http.response.body', 'body': '<45 bytes>', 'more_body': True}
2026-06-17 01:07:27,107 [TRACE] uvicorn.asgi: ::1:62211 - ASGI [7] Send {'type': 'http.response.body', 'body': '<45 bytes>', 'more_body': True}
2026-06-17 01:07:42,119 [TRACE] uvicorn.asgi: ::1:62211 - ASGI [7] Send {'type': 'http.response.body', 'body': '<45 bytes>', 'more_body': True}
2026-06-17 01:07:57,121 [TRACE] uvicorn.asgi: ::1:62211 - ASGI [7] Send {'type': 'http.response.body', 'body': '<45 bytes>', 'more_body': True}
2026-06-17 01:08:12,130 [TRACE] uvicorn.asgi: ::1:62211 - ASGI [7] Send {'type': 'http.response.body', 'body': '<45 bytes>', 'more_body': True}
2026-06-17 01:08:27,146 [TRACE] uvicorn.asgi: ::1:62211 - ASGI [7] Send {'type': 'http.response.body', 'body': '<45 bytes>', 'more_body': True}
2026-06-17 01:08:42,150 [TRACE] uvicorn.asgi: ::1:62211 - ASGI [7] Send {'type': 'http.response.body', 'body': '<45 bytes>', 'more_body': True}
2026-06-17 01:08:57,152 [TRACE] uvicorn.asgi: ::1:62211 - ASGI [7] Send {'type': 'http.response.body', 'body': '<45 bytes>', 'more_body': True}
2026-06-17 01:09:12,155 [TRACE] uvicorn.asgi: ::1:62211 - ASGI [7] Send {'type': 'http.response.body', 'body': '<45 bytes>', 'more_body': True}
2026-06-17 01:09:27,160 [TRACE] uvicorn.asgi: ::1:62211 - ASGI [7] Send {'type': 'http.response.body', 'body': '<45 bytes>', 'more_body': True}
2026-06-17 01:09:42,164 [TRACE] uvicorn.asgi: ::1:62211 - ASGI [7] Send {'type': 'http.response.body', 'body': '<45 bytes>', 'more_body': True}
2026-06-17 01:09:57,179 [TRACE] uvicorn.asgi: ::1:62211 - ASGI [7] Send {'type': 'http.response.body', 'body': '<45 bytes>', 'more_body': True}
2026-06-17 01:10:12,199 [TRACE] uvicorn.asgi: ::1:62211 - ASGI [7] Send {'type': 'http.response.body', 'body': '<45 bytes>', 'more_body': True}
2026-06-17 01:10:27,212 [TRACE] uvicorn.asgi: ::1:62211 - ASGI [7] Send {'type': 'http.response.body', 'body': '<45 bytes>', 'more_body': True}
2026-06-17 01:10:42,218 [TRACE] uvicorn.asgi: ::1:62211 - ASGI [7] Send {'type': 'http.response.body', 'body': '<45 bytes>', 'more_body': True}
2026-06-17 01:10:57,233 [TRACE] uvicorn.asgi: ::1:62211 - ASGI [7] Send {'type': 'http.response.body', 'body': '<45 bytes>', 'more_body': True}
2026-06-17 01:11:12,243 [TRACE] uvicorn.asgi: ::1:62211 - ASGI [7] Send {'type': 'http.response.body', 'body': '<45 bytes>', 'more_body': True}
2026-06-17 01:11:27,260 [TRACE] uvicorn.asgi: ::1:62211 - ASGI [7] Send {'type': 'http.response.body', 'body': '<45 bytes>', 'more_body': True}
2026-06-17 01:11:42,270 [TRACE] uvicorn.asgi: ::1:62211 - ASGI [7] Send {'type': 'http.response.body', 'body': '<45 bytes>', 'more_body': True}
2026-06-17 01:11:57,284 [TRACE] uvicorn.asgi: ::1:62211 - ASGI [7] Send {'type': 'http.response.body', 'body': '<45 bytes>', 'more_body': True}
2026-06-17 01:12:12,292 [TRACE] uvicorn.asgi: ::1:62211 - ASGI [7] Send {'type': 'http.response.body', 'body': '<45 bytes>', 'more_body': True}
2026-06-17 01:12:27,303 [TRACE] uvicorn.asgi: ::1:62211 - ASGI [7] Send {'type': 'http.response.body', 'body': '<45 bytes>', 'more_body': True}
2026-06-17 01:12:42,307 [TRACE] uvicorn.asgi: ::1:62211 - ASGI [7] Send {'type': 'http.response.body', 'body': '<45 bytes>', 'more_body': True}
2026-06-17 01:12:57,309 [TRACE] uvicorn.asgi: ::1:62211 - ASGI [7] Send {'type': 'http.response.body', 'body': '<45 bytes>', 'more_body': True}
2026-06-17 01:13:12,324 [TRACE] uvicorn.asgi: ::1:62211 - ASGI [7] Send {'type': 'http.response.body', 'body': '<45 bytes>', 'more_body': True}
2026-06-17 01:13:27,327 [TRACE] uvicorn.asgi: ::1:62211 - ASGI [7] Send {'type': 'http.response.body', 'body': '<45 bytes>', 'more_body': True}
2026-06-17 01:13:42,337 [TRACE] uvicorn.asgi: ::1:62211 - ASGI [7] Send {'type': 'http.response.body', 'body': '<45 bytes>', 'more_body': True}
2026-06-17 01:13:57,342 [TRACE] uvicorn.asgi: ::1:62211 - ASGI [7] Send {'type': 'http.response.body', 'body': '<45 bytes>', 'more_body': True}
2026-06-17 01:14:12,354 [TRACE] uvicorn.asgi: ::1:62211 - ASGI [7] Send {'type': 'http.response.body', 'body': '<45 bytes>', 'more_body': True}
2026-06-17 01:14:27,362 [TRACE] uvicorn.asgi: ::1:62211 - ASGI [7] Send {'type': 'http.response.body', 'body': '<45 bytes>', 'more_body': True}
2026-06-17 01:14:42,374 [TRACE] uvicorn.asgi: ::1:62211 - ASGI [7] Send {'type': 'http.response.body', 'body': '<45 bytes>', 'more_body': True}
2026-06-17 01:14:57,378 [TRACE] uvicorn.asgi: ::1:62211 - ASGI [7] Send {'type': 'http.response.body', 'body': '<45 bytes>', 'more_body': True}
2026-06-17 01:15:12,394 [TRACE] uvicorn.asgi: ::1:62211 - ASGI [7] Send {'type': 'http.response.body', 'body': '<45 bytes>', 'more_body': True}
2026-06-17 01:15:27,410 [TRACE] uvicorn.asgi: ::1:62211 - ASGI [7] Send {'type': 'http.response.body', 'body': '<45 bytes>', 'more_body': True}
2026-06-17 01:15:42,415 [TRACE] uvicorn.asgi: ::1:62211 - ASGI [7] Send {'type': 'http.response.body', 'body': '<45 bytes>', 'more_body': True}
2026-06-17 01:15:57,429 [TRACE] uvicorn.asgi: ::1:62211 - ASGI [7] Send {'type': 'http.response.body', 'body': '<45 bytes>', 'more_body': True}
2026-06-17 01:16:12,443 [TRACE] uvicorn.asgi: ::1:62211 - ASGI [7] Send {'type': 'http.response.body', 'body': '<45 bytes>', 'more_body': True}
2026-06-17 01:16:27,449 [TRACE] uvicorn.asgi: ::1:62211 - ASGI [7] Send {'type': 'http.response.body', 'body': '<45 bytes>', 'more_body': True}
2026-06-17 01:16:42,461 [TRACE] uvicorn.asgi: ::1:62211 - ASGI [7] Send {'type': 'http.response.body', 'body': '<45 bytes>', 'more_body': True}
2026-06-17 01:16:57,463 [TRACE] uvicorn.asgi: ::1:62211 - ASGI [7] Send {'type': 'http.response.body', 'body': '<45 bytes>', 'more_body': True}
2026-06-17 01:17:12,477 [TRACE] uvicorn.asgi: ::1:62211 - ASGI [7] Send {'type': 'http.response.body', 'body': '<45 bytes>', 'more_body': True}
2026-06-17 01:17:27,478 [TRACE] uvicorn.asgi: ::1:62211 - ASGI [7] Send {'type': 'http.response.body', 'body': '<45 bytes>', 'more_body': True}
2026-06-17 01:17:42,481 [TRACE] uvicorn.asgi: ::1:62211 - ASGI [7] Send {'type': 'http.response.body', 'body': '<45 bytes>', 'more_body': True}
2026-06-17 01:17:57,488 [TRACE] uvicorn.asgi: ::1:62211 - ASGI [7] Send {'type': 'http.response.body', 'body': '<45 bytes>', 'more_body': True}
2026-06-17 01:18:12,491 [TRACE] uvicorn.asgi: ::1:62211 - ASGI [7] Send {'type': 'http.response.body', 'body': '<45 bytes>', 'more_body': True}
2026-06-17 01:18:27,495 [TRACE] uvicorn.asgi: ::1:62211 - ASGI [7] Send {'type': 'http.response.body', 'body': '<45 bytes>', 'more_body': True}
2026-06-17 01:18:42,512 [TRACE] uvicorn.asgi: ::1:62211 - ASGI [7] Send {'type': 'http.response.body', 'body': '<45 bytes>', 'more_body': True}
2026-06-17 01:18:57,516 [TRACE] uvicorn.asgi: ::1:62211 - ASGI [7] Send {'type': 'http.response.body', 'body': '<45 bytes>', 'more_body': True}
2026-06-17 01:19:12,518 [TRACE] uvicorn.asgi: ::1:62211 - ASGI [7] Send {'type': 'http.response.body', 'body': '<45 bytes>', 'more_body': True}
2026-06-17 01:19:27,527 [TRACE] uvicorn.asgi: ::1:62211 - ASGI [7] Send {'type': 'http.response.body', 'body': '<45 bytes>', 'more_body': True}
2026-06-17 01:19:42,542 [TRACE] uvicorn.asgi: ::1:62211 - ASGI [7] Send {'type': 'http.response.body', 'body': '<45 bytes>', 'more_body': True}
2026-06-17 01:19:57,546 [TRACE] uvicorn.asgi: ::1:62211 - ASGI [7] Send {'type': 'http.response.body', 'body': '<45 bytes>', 'more_body': True}
2026-06-17 01:20:12,551 [TRACE] uvicorn.asgi: ::1:62211 - ASGI [7] Send {'type': 'http.response.body', 'body': '<45 bytes>', 'more_body': True}
2026-06-17 01:20:27,560 [TRACE] uvicorn.asgi: ::1:62211 - ASGI [7] Send {'type': 'http.response.body', 'body': '<45 bytes>', 'more_body': True}
2026-06-17 01:20:42,561 [TRACE] uvicorn.asgi: ::1:62211 - ASGI [7] Send {'type': 'http.response.body', 'body': '<45 bytes>', 'more_body': True}
2026-06-17 01:20:57,568 [TRACE] uvicorn.asgi: ::1:62211 - ASGI [7] Send {'type': 'http.response.body', 'body': '<45 bytes>', 'more_body': True}
2026-06-17 01:21:12,578 [TRACE] uvicorn.asgi: ::1:62211 - ASGI [7] Send {'type': 'http.response.body', 'body': '<45 bytes>', 'more_body': True}
2026-06-17 01:21:27,582 [TRACE] uvicorn.asgi: ::1:62211 - ASGI [7] Send {'type': 'http.response.body', 'body': '<45 bytes>', 'more_body': True}
2026-06-17 01:21:42,587 [TRACE] uvicorn.asgi: ::1:62211 - ASGI [7] Send {'type': 'http.response.body', 'body': '<45 bytes>', 'more_body': True}
2026-06-17 01:21:57,590 [TRACE] uvicorn.asgi: ::1:62211 - ASGI [7] Send {'type': 'http.response.body', 'body': '<45 bytes>', 'more_body': True}
2026-06-17 01:22:12,605 [TRACE] uvicorn.asgi: ::1:62211 - ASGI [7] Send {'type': 'http.response.body', 'body': '<45 bytes>', 'more_body': True}
2026-06-17 01:22:27,611 [TRACE] uvicorn.asgi: ::1:62211 - ASGI [7] Send {'type': 'http.response.body', 'body': '<45 bytes>', 'more_body': True}
2026-06-17 01:22:42,620 [TRACE] uvicorn.asgi: ::1:62211 - ASGI [7] Send {'type': 'http.response.body', 'body': '<45 bytes>', 'more_body': True}
2026-06-17 01:22:57,635 [TRACE] uvicorn.asgi: ::1:62211 - ASGI [7] Send {'type': 'http.response.body', 'body': '<45 bytes>', 'more_body': True}
2026-06-17 01:23:12,641 [TRACE] uvicorn.asgi: ::1:62211 - ASGI [7] Send {'type': 'http.response.body', 'body': '<45 bytes>', 'more_body': True}
2026-06-17 01:23:27,655 [TRACE] uvicorn.asgi: ::1:62211 - ASGI [7] Send {'type': 'http.response.body', 'body': '<45 bytes>', 'more_body': True}
2026-06-17 01:23:42,663 [TRACE] uvicorn.asgi: ::1:62211 - ASGI [7] Send {'type': 'http.response.body', 'body': '<45 bytes>', 'more_body': True}
2026-06-17 01:23:57,679 [TRACE] uvicorn.asgi: ::1:62211 - ASGI [7] Send {'type': 'http.response.body', 'body': '<45 bytes>', 'more_body': True}
2026-06-17 01:24:12,681 [TRACE] uvicorn.asgi: ::1:62211 - ASGI [7] Send {'type': 'http.response.body', 'body': '<45 bytes>', 'more_body': True}
2026-06-17 01:24:27,685 [TRACE] uvicorn.asgi: ::1:62211 - ASGI [7] Send {'type': 'http.response.body', 'body': '<45 bytes>', 'more_body': True}
2026-06-17 01:24:42,687 [TRACE] uvicorn.asgi: ::1:62211 - ASGI [7] Send {'type': 'http.response.body', 'body': '<45 bytes>', 'more_body': True}
2026-06-17 01:24:57,700 [TRACE] uvicorn.asgi: ::1:62211 - ASGI [7] Send {'type': 'http.response.body', 'body': '<45 bytes>', 'more_body': True}
2026-06-17 01:25:12,706 [TRACE] uvicorn.asgi: ::1:62211 - ASGI [7] Send {'type': 'http.response.body', 'body': '<45 bytes>', 'more_body': True}
2026-06-17 01:25:27,713 [TRACE] uvicorn.asgi: ::1:62211 - ASGI [7] Send {'type': 'http.response.body', 'body': '<45 bytes>', 'more_body': True}
2026-06-17 01:25:42,726 [TRACE] uvicorn.asgi: ::1:62211 - ASGI [7] Send {'type': 'http.response.body', 'body': '<45 bytes>', 'more_body': True}
2026-06-17 01:25:57,742 [TRACE] uvicorn.asgi: ::1:62211 - ASGI [7] Send {'type': 'http.response.body', 'body': '<45 bytes>', 'more_body': True}
2026-06-17 01:26:12,758 [TRACE] uvicorn.asgi: ::1:62211 - ASGI [7] Send {'type': 'http.response.body', 'body': '<45 bytes>', 'more_body': True}
2026-06-17 01:26:27,765 [TRACE] uvicorn.asgi: ::1:62211 - ASGI [7] Send {'type': 'http.response.body', 'body': '<45 bytes>', 'more_body': True}
2026-06-17 01:26:42,773 [TRACE] uvicorn.asgi: ::1:62211 - ASGI [7] Send {'type': 'http.response.body', 'body': '<45 bytes>', 'more_body': True}
2026-06-17 01:26:57,781 [TRACE] uvicorn.asgi: ::1:62211 - ASGI [7] Send {'type': 'http.response.body', 'body': '<45 bytes>', 'more_body': True}
2026-06-17 01:27:12,791 [TRACE] uvicorn.asgi: ::1:62211 - ASGI [7] Send {'type': 'http.response.body', 'body': '<45 bytes>', 'more_body': True}
2026-06-17 01:27:27,792 [TRACE] uvicorn.asgi: ::1:62211 - ASGI [7] Send {'type': 'http.response.body', 'body': '<45 bytes>', 'more_body': True}
2026-06-17 01:27:42,809 [TRACE] uvicorn.asgi: ::1:62211 - ASGI [7] Send {'type': 'http.response.body', 'body': '<45 bytes>', 'more_body': True}
2026-06-17 01:27:57,822 [TRACE] uvicorn.asgi: ::1:62211 - ASGI [7] Send {'type': 'http.response.body', 'body': '<45 bytes>', 'more_body': True}
2026-06-17 01:28:12,828 [TRACE] uvicorn.asgi: ::1:62211 - ASGI [7] Send {'type': 'http.response.body', 'body': '<45 bytes>', 'more_body': True}
2026-06-17 01:28:27,841 [TRACE] uvicorn.asgi: ::1:62211 - ASGI [7] Send {'type': 'http.response.body', 'body': '<45 bytes>', 'more_body': True}
2026-06-17 01:28:42,844 [TRACE] uvicorn.asgi: ::1:62211 - ASGI [7] Send {'type': 'http.response.body', 'body': '<45 bytes>', 'more_body': True}
2026-06-17 01:28:57,860 [TRACE] uvicorn.asgi: ::1:62211 - ASGI [7] Send {'type': 'http.response.body', 'body': '<45 bytes>', 'more_body': True}
2026-06-17 01:29:12,863 [TRACE] uvicorn.asgi: ::1:62211 - ASGI [7] Send {'type': 'http.response.body', 'body': '<45 bytes>', 'more_body': True}
2026-06-17 01:29:27,878 [TRACE] uvicorn.asgi: ::1:62211 - ASGI [7] Send {'type': 'http.response.body', 'body': '<45 bytes>', 'more_body': True}
2026-06-17 01:29:42,884 [TRACE] uvicorn.asgi: ::1:62211 - ASGI [7] Send {'type': 'http.response.body', 'body': '<45 bytes>', 'more_body': True}
2026-06-17 01:29:57,890 [TRACE] uvicorn.asgi: ::1:62211 - ASGI [7] Send {'type': 'http.response.body', 'body': '<45 bytes>', 'more_body': True}
2026-06-17 01:30:12,892 [TRACE] uvicorn.asgi: ::1:62211 - ASGI [7] Send {'type': 'http.response.body', 'body': '<45 bytes>', 'more_body': True}
2026-06-17 01:30:27,895 [TRACE] uvicorn.asgi: ::1:62211 - ASGI [7] Send {'type': 'http.response.body', 'body': '<45 bytes>', 'more_body': True}
2026-06-17 01:30:42,912 [TRACE] uvicorn.asgi: ::1:62211 - ASGI [7] Send {'type': 'http.response.body', 'body': '<45 bytes>', 'more_body': True}
2026-06-17 01:30:57,928 [TRACE] uvicorn.asgi: ::1:62211 - ASGI [7] Send {'type': 'http.response.body', 'body': '<45 bytes>', 'more_body': True}
2026-06-17 01:31:12,935 [TRACE] uvicorn.asgi: ::1:62211 - ASGI [7] Send {'type': 'http.response.body', 'body': '<45 bytes>', 'more_body': True}
2026-06-17 01:31:27,946 [TRACE] uvicorn.asgi: ::1:62211 - ASGI [7] Send {'type': 'http.response.body', 'body': '<45 bytes>', 'more_body': True}
2026-06-17 01:31:42,948 [TRACE] uvicorn.asgi: ::1:62211 - ASGI [7] Send {'type': 'http.response.body', 'body': '<45 bytes>', 'more_body': True}
2026-06-17 01:31:57,964 [TRACE] uvicorn.asgi: ::1:62211 - ASGI [7] Send {'type': 'http.response.body', 'body': '<45 bytes>', 'more_body': True}
2026-06-17 01:32:12,979 [TRACE] uvicorn.asgi: ::1:62211 - ASGI [7] Send {'type': 'http.response.body', 'body': '<45 bytes>', 'more_body': True}
2026-06-17 01:32:27,981 [TRACE] uvicorn.asgi: ::1:62211 - ASGI [7] Send {'type': 'http.response.body', 'body': '<45 bytes>', 'more_body': True}
2026-06-17 01:32:42,998 [TRACE] uvicorn.asgi: ::1:62211 - ASGI [7] Send {'type': 'http.response.body', 'body': '<45 bytes>', 'more_body': True}
2026-06-17 01:32:58,000 [TRACE] uvicorn.asgi: ::1:62211 - ASGI [7] Send {'type': 'http.response.body', 'body': '<45 bytes>', 'more_body': True}
2026-06-17 01:33:13,004 [TRACE] uvicorn.asgi: ::1:62211 - ASGI [7] Send {'type': 'http.response.body', 'body': '<45 bytes>', 'more_body': True}
2026-06-17 01:33:28,017 [TRACE] uvicorn.asgi: ::1:62211 - ASGI [7] Send {'type': 'http.response.body', 'body': '<45 bytes>', 'more_body': True}
2026-06-17 01:33:43,028 [TRACE] uvicorn.asgi: ::1:62211 - ASGI [7] Send {'type': 'http.response.body', 'body': '<45 bytes>', 'more_body': True}
2026-06-17 01:33:58,037 [TRACE] uvicorn.asgi: ::1:62211 - ASGI [7] Send {'type': 'http.response.body', 'body': '<45 bytes>', 'more_body': True}
2026-06-17 01:34:13,043 [TRACE] uvicorn.asgi: ::1:62211 - ASGI [7] Send {'type': 'http.response.body', 'body': '<45 bytes>', 'more_body': True}
2026-06-17 01:34:28,051 [TRACE] uvicorn.asgi: ::1:62211 - ASGI [7] Send {'type': 'http.response.body', 'body': '<45 bytes>', 'more_body': True}
2026-06-17 01:34:43,063 [TRACE] uvicorn.asgi: ::1:62211 - ASGI [7] Send {'type': 'http.response.body', 'body': '<45 bytes>', 'more_body': True}
2026-06-17 01:34:58,067 [TRACE] uvicorn.asgi: ::1:62211 - ASGI [7] Send {'type': 'http.response.body', 'body': '<45 bytes>', 'more_body': True}
2026-06-17 01:35:13,080 [TRACE] uvicorn.asgi: ::1:62211 - ASGI [7] Send {'type': 'http.response.body', 'body': '<45 bytes>', 'more_body': True}
2026-06-17 01:35:28,086 [TRACE] uvicorn.asgi: ::1:62211 - ASGI [7] Send {'type': 'http.response.body', 'body': '<45 bytes>', 'more_body': True}
2026-06-17 01:35:43,091 [TRACE] uvicorn.asgi: ::1:62211 - ASGI [7] Send {'type': 'http.response.body', 'body': '<45 bytes>', 'more_body': True}
2026-06-17 01:35:58,102 [TRACE] uvicorn.asgi: ::1:62211 - ASGI [7] Send {'type': 'http.response.body', 'body': '<45 bytes>', 'more_body': True}
2026-06-17 01:36:13,119 [TRACE] uvicorn.asgi: ::1:62211 - ASGI [7] Send {'type': 'http.response.body', 'body': '<45 bytes>', 'more_body': True}
2026-06-17 01:36:28,123 [TRACE] uvicorn.asgi: ::1:62211 - ASGI [7] Send {'type': 'http.response.body', 'body': '<45 bytes>', 'more_body': True}
2026-06-17 01:36:43,137 [TRACE] uvicorn.asgi: ::1:62211 - ASGI [7] Send {'type': 'http.response.body', 'body': '<45 bytes>', 'more_body': True}
2026-06-17 01:36:58,139 [TRACE] uvicorn.asgi: ::1:62211 - ASGI [7] Send {'type': 'http.response.body', 'body': '<45 bytes>', 'more_body': True}
2026-06-17 01:37:13,152 [TRACE] uvicorn.asgi: ::1:62211 - ASGI [7] Send {'type': 'http.response.body', 'body': '<45 bytes>', 'more_body': True}
2026-06-17 01:37:28,166 [TRACE] uvicorn.asgi: ::1:62211 - ASGI [7] Send {'type': 'http.response.body', 'body': '<45 bytes>', 'more_body': True}
2026-06-17 01:37:43,175 [TRACE] uvicorn.asgi: ::1:62211 - ASGI [7] Send {'type': 'http.response.body', 'body': '<45 bytes>', 'more_body': True}
2026-06-17 01:37:58,187 [TRACE] uvicorn.asgi: ::1:62211 - ASGI [7] Send {'type': 'http.response.body', 'body': '<45 bytes>', 'more_body': True}
2026-06-17 01:38:13,200 [TRACE] uvicorn.asgi: ::1:62211 - ASGI [7] Send {'type': 'http.response.body', 'body': '<45 bytes>', 'more_body': True}
2026-06-17 01:38:28,204 [TRACE] uvicorn.asgi: ::1:62211 - ASGI [7] Send {'type': 'http.response.body', 'body': '<45 bytes>', 'more_body': True}
2026-06-17 01:38:43,206 [TRACE] uvicorn.asgi: ::1:62211 - ASGI [7] Send {'type': 'http.response.body', 'body': '<45 bytes>', 'more_body': True}
2026-06-17 01:38:58,214 [TRACE] uvicorn.asgi: ::1:62211 - ASGI [7] Send {'type': 'http.response.body', 'body': '<45 bytes>', 'more_body': True}
2026-06-17 01:39:13,216 [TRACE] uvicorn.asgi: ::1:62211 - ASGI [7] Send {'type': 'http.response.body', 'body': '<45 bytes>', 'more_body': True}
2026-06-17 01:39:28,231 [TRACE] uvicorn.asgi: ::1:62211 - ASGI [7] Send {'type': 'http.response.body', 'body': '<45 bytes>', 'more_body': True}
2026-06-17 01:39:43,240 [TRACE] uvicorn.asgi: ::1:62211 - ASGI [7] Send {'type': 'http.response.body', 'body': '<45 bytes>', 'more_body': True}
2026-06-17 01:39:58,251 [TRACE] uvicorn.asgi: ::1:62211 - ASGI [7] Send {'type': 'http.response.body', 'body': '<45 bytes>', 'more_body': True}
2026-06-17 01:40:13,258 [TRACE] uvicorn.asgi: ::1:62211 - ASGI [7] Send {'type': 'http.response.body', 'body': '<45 bytes>', 'more_body': True}
2026-06-17 01:40:28,265 [TRACE] uvicorn.asgi: ::1:62211 - ASGI [7] Send {'type': 'http.response.body', 'body': '<45 bytes>', 'more_body': True}
2026-06-17 01:40:43,268 [TRACE] uvicorn.asgi: ::1:62211 - ASGI [7] Send {'type': 'http.response.body', 'body': '<45 bytes>', 'more_body': True}
2026-06-17 01:40:58,270 [TRACE] uvicorn.asgi: ::1:62211 - ASGI [7] Send {'type': 'http.response.body', 'body': '<45 bytes>', 'more_body': True}
2026-06-17 01:41:13,278 [TRACE] uvicorn.asgi: ::1:62211 - ASGI [7] Send {'type': 'http.response.body', 'body': '<45 bytes>', 'more_body': True}
2026-06-17 01:41:28,291 [TRACE] uvicorn.asgi: ::1:62211 - ASGI [7] Send {'type': 'http.response.body', 'body': '<45 bytes>', 'more_body': True}
2026-06-17 01:41:43,293 [TRACE] uvicorn.asgi: ::1:62211 - ASGI [7] Send {'type': 'http.response.body', 'body': '<45 bytes>', 'more_body': True}
2026-06-17 01:41:58,308 [TRACE] uvicorn.asgi: ::1:62211 - ASGI [7] Send {'type': 'http.response.body', 'body': '<45 bytes>', 'more_body': True}
2026-06-17 01:42:13,310 [TRACE] uvicorn.asgi: ::1:62211 - ASGI [7] Send {'type': 'http.response.body', 'body': '<45 bytes>', 'more_body': True}
2026-06-17 01:42:28,311 [TRACE] uvicorn.asgi: ::1:62211 - ASGI [7] Send {'type': 'http.response.body', 'body': '<45 bytes>', 'more_body': True}
2026-06-17 01:42:43,326 [TRACE] uvicorn.asgi: ::1:62211 - ASGI [7] Send {'type': 'http.response.body', 'body': '<45 bytes>', 'more_body': True}
2026-06-17 01:42:58,343 [TRACE] uvicorn.asgi: ::1:62211 - ASGI [7] Send {'type': 'http.response.body', 'body': '<45 bytes>', 'more_body': True}
2026-06-17 01:43:13,355 [TRACE] uvicorn.asgi: ::1:62211 - ASGI [7] Send {'type': 'http.response.body', 'body': '<45 bytes>', 'more_body': True}
2026-06-17 01:43:28,364 [TRACE] uvicorn.asgi: ::1:62211 - ASGI [7] Send {'type': 'http.response.body', 'body': '<45 bytes>', 'more_body': True}
2026-06-17 01:43:43,382 [TRACE] uvicorn.asgi: ::1:62211 - ASGI [7] Send {'type': 'http.response.body', 'body': '<45 bytes>', 'more_body': True}
2026-06-17 01:43:58,396 [TRACE] uvicorn.asgi: ::1:62211 - ASGI [7] Send {'type': 'http.response.body', 'body': '<45 bytes>', 'more_body': True}
2026-06-17 01:44:13,401 [TRACE] uvicorn.asgi: ::1:62211 - ASGI [7] Send {'type': 'http.response.body', 'body': '<45 bytes>', 'more_body': True}
2026-06-17 01:44:28,408 [TRACE] uvicorn.asgi: ::1:62211 - ASGI [7] Send {'type': 'http.response.body', 'body': '<45 bytes>', 'more_body': True}
2026-06-17 01:44:43,411 [TRACE] uvicorn.asgi: ::1:62211 - ASGI [7] Send {'type': 'http.response.body', 'body': '<45 bytes>', 'more_body': True}
2026-06-17 01:44:58,413 [TRACE] uvicorn.asgi: ::1:62211 - ASGI [7] Send {'type': 'http.response.body', 'body': '<45 bytes>', 'more_body': True}
2026-06-17 01:45:13,428 [TRACE] uvicorn.asgi: ::1:62211 - ASGI [7] Send {'type': 'http.response.body', 'body': '<45 bytes>', 'more_body': True}
2026-06-17 01:45:28,444 [TRACE] uvicorn.asgi: ::1:62211 - ASGI [7] Send {'type': 'http.response.body', 'body': '<45 bytes>', 'more_body': True}
2026-06-17 01:45:43,447 [TRACE] uvicorn.asgi: ::1:62211 - ASGI [7] Send {'type': 'http.response.body', 'body': '<45 bytes>', 'more_body': True}
2026-06-17 01:45:58,461 [TRACE] uvicorn.asgi: ::1:62211 - ASGI [7] Send {'type': 'http.response.body', 'body': '<45 bytes>', 'more_body': True}
2026-06-17 01:46:13,464 [TRACE] uvicorn.asgi: ::1:62211 - ASGI [7] Send {'type': 'http.response.body', 'body': '<45 bytes>', 'more_body': True}
2026-06-17 01:46:28,466 [TRACE] uvicorn.asgi: ::1:62211 - ASGI [7] Send {'type': 'http.response.body', 'body': '<45 bytes>', 'more_body': True}
2026-06-17 01:46:43,474 [TRACE] uvicorn.asgi: ::1:62211 - ASGI [7] Send {'type': 'http.response.body', 'body': '<45 bytes>', 'more_body': True}
2026-06-17 01:46:58,475 [TRACE] uvicorn.asgi: ::1:62211 - ASGI [7] Send {'type': 'http.response.body', 'body': '<45 bytes>', 'more_body': True}
2026-06-17 01:47:13,481 [TRACE] uvicorn.asgi: ::1:62211 - ASGI [7] Send {'type': 'http.response.body', 'body': '<45 bytes>', 'more_body': True}
2026-06-17 01:47:28,493 [TRACE] uvicorn.asgi: ::1:62211 - ASGI [7] Send {'type': 'http.response.body', 'body': '<45 bytes>', 'more_body': True}
2026-06-17 01:47:43,503 [TRACE] uvicorn.asgi: ::1:62211 - ASGI [7] Send {'type': 'http.response.body', 'body': '<45 bytes>', 'more_body': True}
2026-06-17 01:47:58,515 [TRACE] uvicorn.asgi: ::1:62211 - ASGI [7] Send {'type': 'http.response.body', 'body': '<45 bytes>', 'more_body': True}
2026-06-17 01:48:13,527 [TRACE] uvicorn.asgi: ::1:62211 - ASGI [7] Send {'type': 'http.response.body', 'body': '<45 bytes>', 'more_body': True}
2026-06-17 01:48:28,538 [TRACE] uvicorn.asgi: ::1:62211 - ASGI [7] Send {'type': 'http.response.body', 'body': '<45 bytes>', 'more_body': True}
2026-06-17 01:48:43,550 [TRACE] uvicorn.asgi: ::1:62211 - ASGI [7] Send {'type': 'http.response.body', 'body': '<45 bytes>', 'more_body': True}
2026-06-17 01:48:58,553 [TRACE] uvicorn.asgi: ::1:62211 - ASGI [7] Send {'type': 'http.response.body', 'body': '<45 bytes>', 'more_body': True}
2026-06-17 01:49:13,570 [TRACE] uvicorn.asgi: ::1:62211 - ASGI [7] Send {'type': 'http.response.body', 'body': '<45 bytes>', 'more_body': True}
2026-06-17 01:49:28,585 [TRACE] uvicorn.asgi: ::1:62211 - ASGI [7] Send {'type': 'http.response.body', 'body': '<45 bytes>', 'more_body': True}
2026-06-17 01:49:43,588 [TRACE] uvicorn.asgi: ::1:62211 - ASGI [7] Send {'type': 'http.response.body', 'body': '<45 bytes>', 'more_body': True}
2026-06-17 01:49:58,604 [TRACE] uvicorn.asgi: ::1:62211 - ASGI [7] Send {'type': 'http.response.body', 'body': '<45 bytes>', 'more_body': True}
2026-06-17 01:50:13,619 [TRACE] uvicorn.asgi: ::1:62211 - ASGI [7] Send {'type': 'http.response.body', 'body': '<45 bytes>', 'more_body': True}
2026-06-17 01:50:28,636 [TRACE] uvicorn.asgi: ::1:62211 - ASGI [7] Send {'type': 'http.response.body', 'body': '<45 bytes>', 'more_body': True}
2026-06-17 01:50:43,651 [TRACE] uvicorn.asgi: ::1:62211 - ASGI [7] Send {'type': 'http.response.body', 'body': '<45 bytes>', 'more_body': True}
2026-06-17 01:50:58,653 [TRACE] uvicorn.asgi: ::1:62211 - ASGI [7] Send {'type': 'http.response.body', 'body': '<45 bytes>', 'more_body': True}
2026-06-17 01:51:13,655 [TRACE] uvicorn.asgi: ::1:62211 - ASGI [7] Send {'type': 'http.response.body', 'body': '<45 bytes>', 'more_body': True}
2026-06-17 01:51:28,671 [TRACE] uvicorn.asgi: ::1:62211 - ASGI [7] Send {'type': 'http.response.body', 'body': '<45 bytes>', 'more_body': True}
2026-06-17 01:51:43,675 [TRACE] uvicorn.asgi: ::1:62211 - ASGI [7] Send {'type': 'http.response.body', 'body': '<45 bytes>', 'more_body': True}
2026-06-17 01:51:58,688 [TRACE] uvicorn.asgi: ::1:62211 - ASGI [7] Send {'type': 'http.response.body', 'body': '<45 bytes>', 'more_body': True}
2026-06-17 01:52:13,693 [TRACE] uvicorn.asgi: ::1:62211 - ASGI [7] Send {'type': 'http.response.body', 'body': '<45 bytes>', 'more_body': True}
2026-06-17 01:52:28,705 [TRACE] uvicorn.asgi: ::1:62211 - ASGI [7] Send {'type': 'http.response.body', 'body': '<45 bytes>', 'more_body': True}
2026-06-17 01:52:43,710 [TRACE] uvicorn.asgi: ::1:62211 - ASGI [7] Send {'type': 'http.response.body', 'body': '<45 bytes>', 'more_body': True}
2026-06-17 01:52:58,725 [TRACE] uvicorn.asgi: ::1:62211 - ASGI [7] Send {'type': 'http.response.body', 'body': '<45 bytes>', 'more_body': True}
2026-06-17 01:53:13,742 [TRACE] uvicorn.asgi: ::1:62211 - ASGI [7] Send {'type': 'http.response.body', 'body': '<45 bytes>', 'more_body': True}
2026-06-17 01:53:28,756 [TRACE] uvicorn.asgi: ::1:62211 - ASGI [7] Send {'type': 'http.response.body', 'body': '<45 bytes>', 'more_body': True}
2026-06-17 01:53:43,759 [TRACE] uvicorn.asgi: ::1:62211 - ASGI [7] Send {'type': 'http.response.body', 'body': '<45 bytes>', 'more_body': True}
2026-06-17 01:53:58,772 [TRACE] uvicorn.asgi: ::1:62211 - ASGI [7] Send {'type': 'http.response.body', 'body': '<45 bytes>', 'more_body': True}
2026-06-17 01:54:13,788 [TRACE] uvicorn.asgi: ::1:62211 - ASGI [7] Send {'type': 'http.response.body', 'body': '<45 bytes>', 'more_body': True}
2026-06-17 01:54:28,792 [TRACE] uvicorn.asgi: ::1:62211 - ASGI [7] Send {'type': 'http.response.body', 'body': '<45 bytes>', 'more_body': True}
2026-06-17 01:54:43,804 [TRACE] uvicorn.asgi: ::1:62211 - ASGI [7] Send {'type': 'http.response.body', 'body': '<45 bytes>', 'more_body': True}
2026-06-17 01:54:58,808 [TRACE] uvicorn.asgi: ::1:62211 - ASGI [7] Send {'type': 'http.response.body', 'body': '<45 bytes>', 'more_body': True}
2026-06-17 01:55:13,824 [TRACE] uvicorn.asgi: ::1:62211 - ASGI [7] Send {'type': 'http.response.body', 'body': '<45 bytes>', 'more_body': True}
2026-06-17 01:55:28,841 [TRACE] uvicorn.asgi: ::1:62211 - ASGI [7] Send {'type': 'http.response.body', 'body': '<45 bytes>', 'more_body': True}
2026-06-17 01:55:43,856 [TRACE] uvicorn.asgi: ::1:62211 - ASGI [7] Send {'type': 'http.response.body', 'body': '<45 bytes>', 'more_body': True}
2026-06-17 01:55:58,867 [TRACE] uvicorn.asgi: ::1:62211 - ASGI [7] Send {'type': 'http.response.body', 'body': '<45 bytes>', 'more_body': True}
2026-06-17 01:56:13,878 [TRACE] uvicorn.asgi: ::1:62211 - ASGI [7] Send {'type': 'http.response.body', 'body': '<45 bytes>', 'more_body': True}
2026-06-17 01:56:28,892 [TRACE] uvicorn.asgi: ::1:62211 - ASGI [7] Send {'type': 'http.response.body', 'body': '<45 bytes>', 'more_body': True}
2026-06-17 01:56:43,893 [TRACE] uvicorn.asgi: ::1:62211 - ASGI [7] Send {'type': 'http.response.body', 'body': '<45 bytes>', 'more_body': True}
2026-06-17 01:56:58,909 [TRACE] uvicorn.asgi: ::1:62211 - ASGI [7] Send {'type': 'http.response.body', 'body': '<45 bytes>', 'more_body': True}
2026-06-17 01:57:13,911 [TRACE] uvicorn.asgi: ::1:62211 - ASGI [7] Send {'type': 'http.response.body', 'body': '<45 bytes>', 'more_body': True}
2026-06-17 01:57:28,921 [TRACE] uvicorn.asgi: ::1:62211 - ASGI [7] Send {'type': 'http.response.body', 'body': '<45 bytes>', 'more_body': True}
2026-06-17 01:57:43,927 [TRACE] uvicorn.asgi: ::1:62211 - ASGI [7] Send {'type': 'http.response.body', 'body': '<45 bytes>', 'more_body': True}
2026-06-17 01:57:58,932 [TRACE] uvicorn.asgi: ::1:62211 - ASGI [7] Send {'type': 'http.response.body', 'body': '<45 bytes>', 'more_body': True}
2026-06-17 01:58:13,948 [TRACE] uvicorn.asgi: ::1:62211 - ASGI [7] Send {'type': 'http.response.body', 'body': '<45 bytes>', 'more_body': True}
2026-06-17 01:58:28,951 [TRACE] uvicorn.asgi: ::1:62211 - ASGI [7] Send {'type': 'http.response.body', 'body': '<45 bytes>', 'more_body': True}
2026-06-17 01:58:43,962 [TRACE] uvicorn.asgi: ::1:62211 - ASGI [7] Send {'type': 'http.response.body', 'body': '<45 bytes>', 'more_body': True}
2026-06-17 01:58:58,979 [TRACE] uvicorn.asgi: ::1:62211 - ASGI [7] Send {'type': 'http.response.body', 'body': '<45 bytes>', 'more_body': True}
2026-06-17 01:59:13,984 [TRACE] uvicorn.asgi: ::1:62211 - ASGI [7] Send {'type': 'http.response.body', 'body': '<45 bytes>', 'more_body': True}
2026-06-17 01:59:28,996 [TRACE] uvicorn.asgi: ::1:62211 - ASGI [7] Send {'type': 'http.response.body', 'body': '<45 bytes>', 'more_body': True}
2026-06-17 01:59:44,012 [TRACE] uvicorn.asgi: ::1:62211 - ASGI [7] Send {'type': 'http.response.body', 'body': '<45 bytes>', 'more_body': True}
2026-06-17 01:59:59,020 [TRACE] uvicorn.asgi: ::1:62211 - ASGI [7] Send {'type': 'http.response.body', 'body': '<45 bytes>', 'more_body': True}
2026-06-17 02:00:14,030 [TRACE] uvicorn.asgi: ::1:62211 - ASGI [7] Send {'type': 'http.response.body', 'body': '<45 bytes>', 'more_body': True}
2026-06-17 02:00:29,046 [TRACE] uvicorn.asgi: ::1:62211 - ASGI [7] Send {'type': 'http.response.body', 'body': '<45 bytes>', 'more_body': True}
2026-06-17 02:00:44,048 [TRACE] uvicorn.asgi: ::1:62211 - ASGI [7] Send {'type': 'http.response.body', 'body': '<45 bytes>', 'more_body': True}
2026-06-17 02:00:59,049 [TRACE] uvicorn.asgi: ::1:62211 - ASGI [7] Send {'type': 'http.response.body', 'body': '<45 bytes>', 'more_body': True}
2026-06-17 02:01:14,064 [TRACE] uvicorn.asgi: ::1:62211 - ASGI [7] Send {'type': 'http.response.body', 'body': '<45 bytes>', 'more_body': True}
2026-06-17 02:01:29,068 [TRACE] uvicorn.asgi: ::1:62211 - ASGI [7] Send {'type': 'http.response.body', 'body': '<45 bytes>', 'more_body': True}
2026-06-17 02:01:44,082 [TRACE] uvicorn.asgi: ::1:62211 - ASGI [7] Send {'type': 'http.response.body', 'body': '<45 bytes>', 'more_body': True}
2026-06-17 02:01:59,094 [TRACE] uvicorn.asgi: ::1:62211 - ASGI [7] Send {'type': 'http.response.body', 'body': '<45 bytes>', 'more_body': True}
2026-06-17 02:02:14,111 [TRACE] uvicorn.asgi: ::1:62211 - ASGI [7] Send {'type': 'http.response.body', 'body': '<45 bytes>', 'more_body': True}
2026-06-17 02:02:29,118 [TRACE] uvicorn.asgi: ::1:62211 - ASGI [7] Send {'type': 'http.response.body', 'body': '<45 bytes>', 'more_body': True}
2026-06-17 02:02:44,134 [TRACE] uvicorn.asgi: ::1:62211 - ASGI [7] Send {'type': 'http.response.body', 'body': '<45 bytes>', 'more_body': True}
2026-06-17 02:02:59,151 [TRACE] uvicorn.asgi: ::1:62211 - ASGI [7] Send {'type': 'http.response.body', 'body': '<45 bytes>', 'more_body': True}
2026-06-17 02:03:14,160 [TRACE] uvicorn.asgi: ::1:62211 - ASGI [7] Send {'type': 'http.response.body', 'body': '<45 bytes>', 'more_body': True}
2026-06-17 02:03:29,162 [TRACE] uvicorn.asgi: ::1:62211 - ASGI [7] Send {'type': 'http.response.body', 'body': '<45 bytes>', 'more_body': True}
2026-06-17 02:03:44,172 [TRACE] uvicorn.asgi: ::1:62211 - ASGI [7] Send {'type': 'http.response.body', 'body': '<45 bytes>', 'more_body': True}
2026-06-17 02:03:59,186 [TRACE] uvicorn.asgi: ::1:62211 - ASGI [7] Send {'type': 'http.response.body', 'body': '<45 bytes>', 'more_body': True}
2026-06-17 02:04:14,195 [TRACE] uvicorn.asgi: ::1:62211 - ASGI [7] Send {'type': 'http.response.body', 'body': '<45 bytes>', 'more_body': True}
2026-06-17 02:04:29,200 [TRACE] uvicorn.asgi: ::1:62211 - ASGI [7] Send {'type': 'http.response.body', 'body': '<45 bytes>', 'more_body': True}
2026-06-17 02:04:44,215 [TRACE] uvicorn.asgi: ::1:62211 - ASGI [7] Send {'type': 'http.response.body', 'body': '<45 bytes>', 'more_body': True}
2026-06-17 02:04:59,220 [TRACE] uvicorn.asgi: ::1:62211 - ASGI [7] Send {'type': 'http.response.body', 'body': '<45 bytes>', 'more_body': True}
2026-06-17 02:05:14,233 [TRACE] uvicorn.asgi: ::1:62211 - ASGI [7] Send {'type': 'http.response.body', 'body': '<45 bytes>', 'more_body': True}
2026-06-17 02:05:29,243 [TRACE] uvicorn.asgi: ::1:62211 - ASGI [7] Send {'type': 'http.response.body', 'body': '<45 bytes>', 'more_body': True}
2026-06-17 02:05:44,245 [TRACE] uvicorn.asgi: ::1:62211 - ASGI [7] Send {'type': 'http.response.body', 'body': '<45 bytes>', 'more_body': True}
2026-06-17 02:05:59,250 [TRACE] uvicorn.asgi: ::1:62211 - ASGI [7] Send {'type': 'http.response.body', 'body': '<45 bytes>', 'more_body': True}
2026-06-17 02:06:14,266 [TRACE] uvicorn.asgi: ::1:62211 - ASGI [7] Send {'type': 'http.response.body', 'body': '<45 bytes>', 'more_body': True}
2026-06-17 02:06:29,274 [TRACE] uvicorn.asgi: ::1:62211 - ASGI [7] Send {'type': 'http.response.body', 'body': '<45 bytes>', 'more_body': True}
2026-06-17 02:06:44,289 [TRACE] uvicorn.asgi: ::1:62211 - ASGI [7] Send {'type': 'http.response.body', 'body': '<45 bytes>', 'more_body': True}
2026-06-17 02:06:59,293 [TRACE] uvicorn.asgi: ::1:62211 - ASGI [7] Send {'type': 'http.response.body', 'body': '<45 bytes>', 'more_body': True}
2026-06-17 02:07:14,295 [TRACE] uvicorn.asgi: ::1:62211 - ASGI [7] Send {'type': 'http.response.body', 'body': '<45 bytes>', 'more_body': True}
2026-06-17 02:07:29,302 [TRACE] uvicorn.asgi: ::1:62211 - ASGI [7] Send {'type': 'http.response.body', 'body': '<45 bytes>', 'more_body': True}
2026-06-17 02:07:44,317 [TRACE] uvicorn.asgi: ::1:62211 - ASGI [7] Send {'type': 'http.response.body', 'body': '<45 bytes>', 'more_body': True}
2026-06-17 02:07:59,328 [TRACE] uvicorn.asgi: ::1:62211 - ASGI [7] Send {'type': 'http.response.body', 'body': '<45 bytes>', 'more_body': True}
2026-06-17 02:08:14,338 [TRACE] uvicorn.asgi: ::1:62211 - ASGI [7] Send {'type': 'http.response.body', 'body': '<45 bytes>', 'more_body': True}
2026-06-17 02:08:29,347 [TRACE] uvicorn.asgi: ::1:62211 - ASGI [7] Send {'type': 'http.response.body', 'body': '<45 bytes>', 'more_body': True}
2026-06-17 02:08:44,358 [TRACE] uvicorn.asgi: ::1:62211 - ASGI [7] Send {'type': 'http.response.body', 'body': '<45 bytes>', 'more_body': True}
2026-06-17 02:08:59,374 [TRACE] uvicorn.asgi: ::1:62211 - ASGI [7] Send {'type': 'http.response.body', 'body': '<45 bytes>', 'more_body': True}
2026-06-17 02:09:14,382 [TRACE] uvicorn.asgi: ::1:62211 - ASGI [7] Send {'type': 'http.response.body', 'body': '<45 bytes>', 'more_body': True}
2026-06-17 02:09:29,393 [TRACE] uvicorn.asgi: ::1:62211 - ASGI [7] Send {'type': 'http.response.body', 'body': '<45 bytes>', 'more_body': True}
2026-06-17 02:09:44,406 [TRACE] uvicorn.asgi: ::1:62211 - ASGI [7] Send {'type': 'http.response.body', 'body': '<45 bytes>', 'more_body': True}
2026-06-17 02:09:59,417 [TRACE] uvicorn.asgi: ::1:62211 - ASGI [7] Send {'type': 'http.response.body', 'body': '<45 bytes>', 'more_body': True}
2026-06-17 02:10:14,431 [TRACE] uvicorn.asgi: ::1:62211 - ASGI [7] Send {'type': 'http.response.body', 'body': '<45 bytes>', 'more_body': True}
2026-06-17 02:10:29,440 [TRACE] uvicorn.asgi: ::1:62211 - ASGI [7] Send {'type': 'http.response.body', 'body': '<45 bytes>', 'more_body': True}
2026-06-17 02:10:44,449 [TRACE] uvicorn.asgi: ::1:62211 - ASGI [7] Send {'type': 'http.response.body', 'body': '<45 bytes>', 'more_body': True}
2026-06-17 02:10:59,459 [TRACE] uvicorn.asgi: ::1:62211 - ASGI [7] Send {'type': 'http.response.body', 'body': '<45 bytes>', 'more_body': True}
2026-06-17 02:11:14,478 [TRACE] uvicorn.asgi: ::1:62211 - ASGI [7] Send {'type': 'http.response.body', 'body': '<45 bytes>', 'more_body': True}
2026-06-17 02:11:29,500 [TRACE] uvicorn.asgi: ::1:62211 - ASGI [7] Send {'type': 'http.response.body', 'body': '<45 bytes>', 'more_body': True}
2026-06-17 02:11:44,508 [TRACE] uvicorn.asgi: ::1:62211 - ASGI [7] Send {'type': 'http.response.body', 'body': '<45 bytes>', 'more_body': True}
2026-06-17 02:11:59,510 [TRACE] uvicorn.asgi: ::1:62211 - ASGI [7] Send {'type': 'http.response.body', 'body': '<45 bytes>', 'more_body': True}
2026-06-17 02:12:14,512 [TRACE] uvicorn.asgi: ::1:62211 - ASGI [7] Send {'type': 'http.response.body', 'body': '<45 bytes>', 'more_body': True}
2026-06-17 02:12:29,522 [TRACE] uvicorn.asgi: ::1:62211 - ASGI [7] Send {'type': 'http.response.body', 'body': '<45 bytes>', 'more_body': True}
2026-06-17 02:12:44,526 [TRACE] uvicorn.asgi: ::1:62211 - ASGI [7] Send {'type': 'http.response.body', 'body': '<45 bytes>', 'more_body': True}
2026-06-17 02:12:59,543 [TRACE] uvicorn.asgi: ::1:62211 - ASGI [7] Send {'type': 'http.response.body', 'body': '<45 bytes>', 'more_body': True}
2026-06-17 02:13:14,547 [TRACE] uvicorn.asgi: ::1:62211 - ASGI [7] Send {'type': 'http.response.body', 'body': '<45 bytes>', 'more_body': True}
2026-06-17 02:13:29,556 [TRACE] uvicorn.asgi: ::1:62211 - ASGI [7] Send {'type': 'http.response.body', 'body': '<45 bytes>', 'more_body': True}
2026-06-17 02:13:44,560 [TRACE] uvicorn.asgi: ::1:62211 - ASGI [7] Send {'type': 'http.response.body', 'body': '<45 bytes>', 'more_body': True}
2026-06-17 02:13:59,563 [TRACE] uvicorn.asgi: ::1:62211 - ASGI [7] Send {'type': 'http.response.body', 'body': '<45 bytes>', 'more_body': True}
2026-06-17 02:14:14,576 [TRACE] uvicorn.asgi: ::1:62211 - ASGI [7] Send {'type': 'http.response.body', 'body': '<45 bytes>', 'more_body': True}
2026-06-17 02:14:29,581 [TRACE] uvicorn.asgi: ::1:62211 - ASGI [7] Send {'type': 'http.response.body', 'body': '<45 bytes>', 'more_body': True}
2026-06-17 02:14:44,597 [TRACE] uvicorn.asgi: ::1:62211 - ASGI [7] Send {'type': 'http.response.body', 'body': '<45 bytes>', 'more_body': True}
2026-06-17 02:14:59,599 [TRACE] uvicorn.asgi: ::1:62211 - ASGI [7] Send {'type': 'http.response.body', 'body': '<45 bytes>', 'more_body': True}
2026-06-17 02:15:14,613 [TRACE] uvicorn.asgi: ::1:62211 - ASGI [7] Send {'type': 'http.response.body', 'body': '<45 bytes>', 'more_body': True}
2026-06-17 02:15:29,627 [TRACE] uvicorn.asgi: ::1:62211 - ASGI [7] Send {'type': 'http.response.body', 'body': '<45 bytes>', 'more_body': True}
2026-06-17 02:15:44,632 [TRACE] uvicorn.asgi: ::1:62211 - ASGI [7] Send {'type': 'http.response.body', 'body': '<45 bytes>', 'more_body': True}
2026-06-17 02:15:59,648 [TRACE] uvicorn.asgi: ::1:62211 - ASGI [7] Send {'type': 'http.response.body', 'body': '<45 bytes>', 'more_body': True}
2026-06-17 02:16:14,663 [TRACE] uvicorn.asgi: ::1:62211 - ASGI [7] Send {'type': 'http.response.body', 'body': '<45 bytes>', 'more_body': True}
2026-06-17 02:16:29,665 [TRACE] uvicorn.asgi: ::1:62211 - ASGI [7] Send {'type': 'http.response.body', 'body': '<45 bytes>', 'more_body': True}
2026-06-17 02:16:44,681 [TRACE] uvicorn.asgi: ::1:62211 - ASGI [7] Send {'type': 'http.response.body', 'body': '<45 bytes>', 'more_body': True}
2026-06-17 02:16:59,683 [TRACE] uvicorn.asgi: ::1:62211 - ASGI [7] Send {'type': 'http.response.body', 'body': '<45 bytes>', 'more_body': True}
2026-06-17 02:17:14,685 [TRACE] uvicorn.asgi: ::1:62211 - ASGI [7] Send {'type': 'http.response.body', 'body': '<45 bytes>', 'more_body': True}
2026-06-17 02:17:29,687 [TRACE] uvicorn.asgi: ::1:62211 - ASGI [7] Send {'type': 'http.response.body', 'body': '<45 bytes>', 'more_body': True}
2026-06-17 02:17:44,690 [TRACE] uvicorn.asgi: ::1:62211 - ASGI [7] Send {'type': 'http.response.body', 'body': '<45 bytes>', 'more_body': True}
2026-06-17 02:17:59,706 [TRACE] uvicorn.asgi: ::1:62211 - ASGI [7] Send {'type': 'http.response.body', 'body': '<45 bytes>', 'more_body': True}
2026-06-17 02:18:14,720 [TRACE] uvicorn.asgi: ::1:62211 - ASGI [7] Send {'type': 'http.response.body', 'body': '<45 bytes>', 'more_body': True}
2026-06-17 02:18:29,723 [TRACE] uvicorn.asgi: ::1:62211 - ASGI [7] Send {'type': 'http.response.body', 'body': '<45 bytes>', 'more_body': True}
2026-06-17 02:18:44,725 [TRACE] uvicorn.asgi: ::1:62211 - ASGI [7] Send {'type': 'http.response.body', 'body': '<45 bytes>', 'more_body': True}
2026-06-17 02:18:59,741 [TRACE] uvicorn.asgi: ::1:62211 - ASGI [7] Send {'type': 'http.response.body', 'body': '<45 bytes>', 'more_body': True}
2026-06-17 02:19:14,753 [TRACE] uvicorn.asgi: ::1:62211 - ASGI [7] Send {'type': 'http.response.body', 'body': '<45 bytes>', 'more_body': True}
2026-06-17 02:19:29,758 [TRACE] uvicorn.asgi: ::1:62211 - ASGI [7] Send {'type': 'http.response.body', 'body': '<45 bytes>', 'more_body': True}
2026-06-17 02:19:44,773 [TRACE] uvicorn.asgi: ::1:62211 - ASGI [7] Send {'type': 'http.response.body', 'body': '<45 bytes>', 'more_body': True}
2026-06-17 02:19:59,775 [TRACE] uvicorn.asgi: ::1:62211 - ASGI [7] Send {'type': 'http.response.body', 'body': '<45 bytes>', 'more_body': True}
2026-06-17 02:20:14,788 [TRACE] uvicorn.asgi: ::1:62211 - ASGI [7] Send {'type': 'http.response.body', 'body': '<45 bytes>', 'more_body': True}
2026-06-17 02:20:29,789 [TRACE] uvicorn.asgi: ::1:62211 - ASGI [7] Send {'type': 'http.response.body', 'body': '<45 bytes>', 'more_body': True}
2026-06-17 02:20:44,793 [TRACE] uvicorn.asgi: ::1:62211 - ASGI [7] Send {'type': 'http.response.body', 'body': '<45 bytes>', 'more_body': True}
2026-06-17 02:20:59,806 [TRACE] uvicorn.asgi: ::1:62211 - ASGI [7] Send {'type': 'http.response.body', 'body': '<45 bytes>', 'more_body': True}
2026-06-17 02:21:14,808 [TRACE] uvicorn.asgi: ::1:62211 - ASGI [7] Send {'type': 'http.response.body', 'body': '<45 bytes>', 'more_body': True}
2026-06-17 02:21:29,810 [TRACE] uvicorn.asgi: ::1:62211 - ASGI [7] Send {'type': 'http.response.body', 'body': '<45 bytes>', 'more_body': True}
2026-06-17 02:21:44,813 [TRACE] uvicorn.asgi: ::1:62211 - ASGI [7] Send {'type': 'http.response.body', 'body': '<45 bytes>', 'more_body': True}
2026-06-17 02:21:59,826 [TRACE] uvicorn.asgi: ::1:62211 - ASGI [7] Send {'type': 'http.response.body', 'body': '<45 bytes>', 'more_body': True}
2026-06-17 02:22:14,827 [TRACE] uvicorn.asgi: ::1:62211 - ASGI [7] Send {'type': 'http.response.body', 'body': '<45 bytes>', 'more_body': True}
2026-06-17 02:22:29,842 [TRACE] uvicorn.asgi: ::1:62211 - ASGI [7] Send {'type': 'http.response.body', 'body': '<45 bytes>', 'more_body': True}
2026-06-17 02:22:44,844 [TRACE] uvicorn.asgi: ::1:62211 - ASGI [7] Send {'type': 'http.response.body', 'body': '<45 bytes>', 'more_body': True}
2026-06-17 02:22:59,859 [TRACE] uvicorn.asgi: ::1:62211 - ASGI [7] Send {'type': 'http.response.body', 'body': '<45 bytes>', 'more_body': True}
2026-06-17 02:23:14,875 [TRACE] uvicorn.asgi: ::1:62211 - ASGI [7] Send {'type': 'http.response.body', 'body': '<45 bytes>', 'more_body': True}
2026-06-17 02:23:29,889 [TRACE] uvicorn.asgi: ::1:62211 - ASGI [7] Send {'type': 'http.response.body', 'body': '<45 bytes>', 'more_body': True}
2026-06-17 02:23:44,893 [TRACE] uvicorn.asgi: ::1:62211 - ASGI [7] Send {'type': 'http.response.body', 'body': '<45 bytes>', 'more_body': True}
2026-06-17 02:23:59,909 [TRACE] uvicorn.asgi: ::1:62211 - ASGI [7] Send {'type': 'http.response.body', 'body': '<45 bytes>', 'more_body': True}
2026-06-17 02:24:14,925 [TRACE] uvicorn.asgi: ::1:62211 - ASGI [7] Send {'type': 'http.response.body', 'body': '<45 bytes>', 'more_body': True}
2026-06-17 02:24:29,931 [TRACE] uvicorn.asgi: ::1:62211 - ASGI [7] Send {'type': 'http.response.body', 'body': '<45 bytes>', 'more_body': True}
2026-06-17 02:24:44,945 [TRACE] uvicorn.asgi: ::1:62211 - ASGI [7] Send {'type': 'http.response.body', 'body': '<45 bytes>', 'more_body': True}
2026-06-17 02:24:59,960 [TRACE] uvicorn.asgi: ::1:62211 - ASGI [7] Send {'type': 'http.response.body', 'body': '<45 bytes>', 'more_body': True}
2026-06-17 02:25:14,978 [TRACE] uvicorn.asgi: ::1:62211 - ASGI [7] Send {'type': 'http.response.body', 'body': '<45 bytes>', 'more_body': True}
2026-06-17 02:25:29,993 [TRACE] uvicorn.asgi: ::1:62211 - ASGI [7] Send {'type': 'http.response.body', 'body': '<45 bytes>', 'more_body': True}
2026-06-17 02:25:45,010 [TRACE] uvicorn.asgi: ::1:62211 - ASGI [7] Send {'type': 'http.response.body', 'body': '<45 bytes>', 'more_body': True}
2026-06-17 02:26:00,036 [TRACE] uvicorn.asgi: ::1:62211 - ASGI [7] Send {'type': 'http.response.body', 'body': '<45 bytes>', 'more_body': True}
2026-06-17 02:26:15,045 [TRACE] uvicorn.asgi: ::1:62211 - ASGI [7] Send {'type': 'http.response.body', 'body': '<45 bytes>', 'more_body': True}
2026-06-17 02:26:30,062 [TRACE] uvicorn.asgi: ::1:62211 - ASGI [7] Send {'type': 'http.response.body', 'body': '<45 bytes>', 'more_body': True}
2026-06-17 02:26:45,077 [TRACE] uvicorn.asgi: ::1:62211 - ASGI [7] Send {'type': 'http.response.body', 'body': '<45 bytes>', 'more_body': True}
2026-06-17 02:27:00,086 [TRACE] uvicorn.asgi: ::1:62211 - ASGI [7] Send {'type': 'http.response.body', 'body': '<45 bytes>', 'more_body': True}
2026-06-17 02:40:09,180 [TRACE] uvicorn.asgi: ::1:62211 - ASGI [7] Send {'type': 'http.response.body', 'body': '<45 bytes>', 'more_body': True}
2026-06-17 03:00:02,210 [TRACE] uvicorn.asgi: ::1:62211 - ASGI [7] Send {'type': 'http.response.body', 'body': '<45 bytes>', 'more_body': True}
2026-06-17 03:14:12,124 [TRACE] uvicorn.asgi: ::1:62211 - ASGI [7] Send {'type': 'http.response.body', 'body': '<45 bytes>', 'more_body': True}
2026-06-17 04:14:48,323 [TRACE] uvicorn.asgi: ::1:62211 - ASGI [7] Send {'type': 'http.response.body', 'body': '<45 bytes>', 'more_body': True}
2026-06-17 06:40:09,350 [TRACE] uvicorn.asgi: ::1:62211 - ASGI [7] Send {'type': 'http.response.body', 'body': '<45 bytes>', 'more_body': True}
2026-06-17 06:52:57,492 [TRACE] uvicorn.asgi: ::1:62211 - ASGI [7] Send {'type': 'http.response.body', 'body': '<45 bytes>', 'more_body': True}
2026-06-17 06:53:12,542 [TRACE] uvicorn.asgi: ::1:62211 - ASGI [7] Send {'type': 'http.response.body', 'body': '<45 bytes>', 'more_body': True}
2026-06-17 06:53:27,558 [TRACE] uvicorn.asgi: ::1:62211 - ASGI [7] Send {'type': 'http.response.body', 'body': '<45 bytes>', 'more_body': True}
2026-06-17 06:53:42,570 [TRACE] uvicorn.asgi: ::1:62211 - ASGI [7] Send {'type': 'http.response.body', 'body': '<45 bytes>', 'more_body': True}
2026-06-17 06:53:57,574 [TRACE] uvicorn.asgi: ::1:62211 - ASGI [7] Send {'type': 'http.response.body', 'body': '<45 bytes>', 'more_body': True}
2026-06-17 06:54:12,588 [TRACE] uvicorn.asgi: ::1:62211 - ASGI [7] Send {'type': 'http.response.body', 'body': '<45 bytes>', 'more_body': True}
2026-06-17 06:54:27,589 [TRACE] uvicorn.asgi: ::1:62211 - ASGI [7] Send {'type': 'http.response.body', 'body': '<45 bytes>', 'more_body': True}
2026-06-17 06:54:42,592 [TRACE] uvicorn.asgi: ::1:62211 - ASGI [7] Send {'type': 'http.response.body', 'body': '<45 bytes>', 'more_body': True}
2026-06-17 06:54:57,608 [TRACE] uvicorn.asgi: ::1:62211 - ASGI [7] Send {'type': 'http.response.body', 'body': '<45 bytes>', 'more_body': True}
2026-06-17 06:55:12,624 [TRACE] uvicorn.asgi: ::1:62211 - ASGI [7] Send {'type': 'http.response.body', 'body': '<45 bytes>', 'more_body': True}
2026-06-17 06:55:27,643 [TRACE] uvicorn.asgi: ::1:62211 - ASGI [7] Send {'type': 'http.response.body', 'body': '<45 bytes>', 'more_body': True}
2026-06-17 06:55:42,645 [TRACE] uvicorn.asgi: ::1:62211 - ASGI [7] Send {'type': 'http.response.body', 'body': '<45 bytes>', 'more_body': True}
2026-06-17 06:55:57,660 [TRACE] uvicorn.asgi: ::1:62211 - ASGI [7] Send {'type': 'http.response.body', 'body': '<45 bytes>', 'more_body': True}
2026-06-17 06:56:12,663 [TRACE] uvicorn.asgi: ::1:62211 - ASGI [7] Send {'type': 'http.response.body', 'body': '<45 bytes>', 'more_body': True}
2026-06-17 06:56:27,677 [TRACE] uvicorn.asgi: ::1:62211 - ASGI [7] Send {'type': 'http.response.body', 'body': '<45 bytes>', 'more_body': True}
2026-06-17 06:56:42,678 [TRACE] uvicorn.asgi: ::1:62211 - ASGI [7] Send {'type': 'http.response.body', 'body': '<45 bytes>', 'more_body': True}
2026-06-17 06:56:57,682 [TRACE] uvicorn.asgi: ::1:62211 - ASGI [7] Send {'type': 'http.response.body', 'body': '<45 bytes>', 'more_body': True}
2026-06-17 06:57:12,695 [TRACE] uvicorn.asgi: ::1:62211 - ASGI [7] Send {'type': 'http.response.body', 'body': '<45 bytes>', 'more_body': True}
2026-06-17 06:57:27,697 [TRACE] uvicorn.asgi: ::1:62211 - ASGI [7] Send {'type': 'http.response.body', 'body': '<45 bytes>', 'more_body': True}
2026-06-17 06:57:42,698 [TRACE] uvicorn.asgi: ::1:62211 - ASGI [7] Send {'type': 'http.response.body', 'body': '<45 bytes>', 'more_body': True}
2026-06-17 06:57:57,720 [TRACE] uvicorn.asgi: ::1:62211 - ASGI [7] Send {'type': 'http.response.body', 'body': '<45 bytes>', 'more_body': True}
2026-06-17 06:58:12,730 [TRACE] uvicorn.asgi: ::1:62211 - ASGI [7] Send {'type': 'http.response.body', 'body': '<45 bytes>', 'more_body': True}
2026-06-17 06:58:27,744 [TRACE] uvicorn.asgi: ::1:62211 - ASGI [7] Send {'type': 'http.response.body', 'body': '<45 bytes>', 'more_body': True}
2026-06-17 06:58:42,751 [TRACE] uvicorn.asgi: ::1:62211 - ASGI [7] Send {'type': 'http.response.body', 'body': '<45 bytes>', 'more_body': True}
2026-06-17 06:58:57,764 [TRACE] uvicorn.asgi: ::1:62211 - ASGI [7] Send {'type': 'http.response.body', 'body': '<45 bytes>', 'more_body': True}
2026-06-17 06:59:12,766 [TRACE] uvicorn.asgi: ::1:62211 - ASGI [7] Send {'type': 'http.response.body', 'body': '<45 bytes>', 'more_body': True}
2026-06-17 06:59:27,780 [TRACE] uvicorn.asgi: ::1:62211 - ASGI [7] Send {'type': 'http.response.body', 'body': '<45 bytes>', 'more_body': True}
2026-06-17 06:59:42,796 [TRACE] uvicorn.asgi: ::1:62211 - ASGI [7] Send {'type': 'http.response.body', 'body': '<45 bytes>', 'more_body': True}
2026-06-17 06:59:57,811 [TRACE] uvicorn.asgi: ::1:62211 - ASGI [7] Send {'type': 'http.response.body', 'body': '<45 bytes>', 'more_body': True}
2026-06-17 07:00:12,814 [TRACE] uvicorn.asgi: ::1:62211 - ASGI [7] Send {'type': 'http.response.body', 'body': '<45 bytes>', 'more_body': True}
2026-06-17 07:00:27,815 [TRACE] uvicorn.asgi: ::1:62211 - ASGI [7] Send {'type': 'http.response.body', 'body': '<45 bytes>', 'more_body': True}
2026-06-17 07:00:42,822 [TRACE] uvicorn.asgi: ::1:62211 - ASGI [7] Send {'type': 'http.response.body', 'body': '<45 bytes>', 'more_body': True}
2026-06-17 07:00:57,830 [TRACE] uvicorn.asgi: ::1:62211 - ASGI [7] Send {'type': 'http.response.body', 'body': '<45 bytes>', 'more_body': True}
2026-06-17 07:01:12,848 [TRACE] uvicorn.asgi: ::1:62211 - ASGI [7] Send {'type': 'http.response.body', 'body': '<45 bytes>', 'more_body': True}
2026-06-17 07:01:27,862 [TRACE] uvicorn.asgi: ::1:62211 - ASGI [7] Send {'type': 'http.response.body', 'body': '<45 bytes>', 'more_body': True}
2026-06-17 07:01:42,867 [TRACE] uvicorn.asgi: ::1:62211 - ASGI [7] Send {'type': 'http.response.body', 'body': '<45 bytes>', 'more_body': True}
2026-06-17 07:01:57,874 [TRACE] uvicorn.asgi: ::1:62211 - ASGI [7] Send {'type': 'http.response.body', 'body': '<45 bytes>', 'more_body': True}
2026-06-17 07:02:12,880 [TRACE] uvicorn.asgi: ::1:62211 - ASGI [7] Send {'type': 'http.response.body', 'body': '<45 bytes>', 'more_body': True}
2026-06-17 07:02:27,881 [TRACE] uvicorn.asgi: ::1:62211 - ASGI [7] Send {'type': 'http.response.body', 'body': '<45 bytes>', 'more_body': True}
2026-06-17 07:02:42,891 [TRACE] uvicorn.asgi: ::1:62211 - ASGI [7] Send {'type': 'http.response.body', 'body': '<45 bytes>', 'more_body': True}
2026-06-17 07:02:57,895 [TRACE] uvicorn.asgi: ::1:62211 - ASGI [7] Send {'type': 'http.response.body', 'body': '<45 bytes>', 'more_body': True}
2026-06-17 07:03:12,897 [TRACE] uvicorn.asgi: ::1:62211 - ASGI [7] Send {'type': 'http.response.body', 'body': '<45 bytes>', 'more_body': True}
2026-06-17 07:03:27,908 [TRACE] uvicorn.asgi: ::1:62211 - ASGI [7] Send {'type': 'http.response.body', 'body': '<45 bytes>', 'more_body': True}
2026-06-17 07:03:42,930 [TRACE] uvicorn.asgi: ::1:62211 - ASGI [7] Send {'type': 'http.response.body', 'body': '<45 bytes>', 'more_body': True}
2026-06-17 07:03:57,943 [TRACE] uvicorn.asgi: ::1:62211 - ASGI [7] Send {'type': 'http.response.body', 'body': '<45 bytes>', 'more_body': True}
2026-06-17 07:04:12,951 [TRACE] uvicorn.asgi: ::1:62211 - ASGI [7] Send {'type': 'http.response.body', 'body': '<45 bytes>', 'more_body': True}
2026-06-17 07:04:27,966 [TRACE] uvicorn.asgi: ::1:62211 - ASGI [7] Send {'type': 'http.response.body', 'body': '<45 bytes>', 'more_body': True}
2026-06-17 07:04:42,967 [TRACE] uvicorn.asgi: ::1:62211 - ASGI [7] Send {'type': 'http.response.body', 'body': '<45 bytes>', 'more_body': True}
2026-06-17 07:04:57,980 [TRACE] uvicorn.asgi: ::1:62211 - ASGI [7] Send {'type': 'http.response.body', 'body': '<45 bytes>', 'more_body': True}
2026-06-17 07:05:12,995 [TRACE] uvicorn.asgi: ::1:62211 - ASGI [7] Send {'type': 'http.response.body', 'body': '<45 bytes>', 'more_body': True}
2026-06-17 07:05:28,005 [TRACE] uvicorn.asgi: ::1:62211 - ASGI [7] Send {'type': 'http.response.body', 'body': '<45 bytes>', 'more_body': True}
2026-06-17 07:05:43,006 [TRACE] uvicorn.asgi: ::1:62211 - ASGI [7] Send {'type': 'http.response.body', 'body': '<45 bytes>', 'more_body': True}
2026-06-17 07:05:58,010 [TRACE] uvicorn.asgi: ::1:62211 - ASGI [7] Send {'type': 'http.response.body', 'body': '<45 bytes>', 'more_body': True}
2026-06-17 07:06:13,019 [TRACE] uvicorn.asgi: ::1:62211 - ASGI [7] Send {'type': 'http.response.body', 'body': '<45 bytes>', 'more_body': True}
2026-06-17 07:06:28,033 [TRACE] uvicorn.asgi: ::1:62211 - ASGI [7] Send {'type': 'http.response.body', 'body': '<45 bytes>', 'more_body': True}
2026-06-17 07:06:43,034 [TRACE] uvicorn.asgi: ::1:62211 - ASGI [7] Send {'type': 'http.response.body', 'body': '<45 bytes>', 'more_body': True}
2026-06-17 07:06:58,046 [TRACE] uvicorn.asgi: ::1:62211 - ASGI [7] Send {'type': 'http.response.body', 'body': '<45 bytes>', 'more_body': True}
2026-06-17 07:07:13,051 [TRACE] uvicorn.asgi: ::1:62211 - ASGI [7] Send {'type': 'http.response.body', 'body': '<45 bytes>', 'more_body': True}
2026-06-17 07:07:28,062 [TRACE] uvicorn.asgi: ::1:62211 - ASGI [7] Send {'type': 'http.response.body', 'body': '<45 bytes>', 'more_body': True}
2026-06-17 07:07:43,067 [TRACE] uvicorn.asgi: ::1:62211 - ASGI [7] Send {'type': 'http.response.body', 'body': '<45 bytes>', 'more_body': True}
2026-06-17 07:07:58,081 [TRACE] uvicorn.asgi: ::1:62211 - ASGI [7] Send {'type': 'http.response.body', 'body': '<45 bytes>', 'more_body': True}
2026-06-17 07:08:13,093 [TRACE] uvicorn.asgi: ::1:62211 - ASGI [7] Send {'type': 'http.response.body', 'body': '<45 bytes>', 'more_body': True}
2026-06-17 07:08:28,106 [TRACE] uvicorn.asgi: ::1:62211 - ASGI [7] Send {'type': 'http.response.body', 'body': '<45 bytes>', 'more_body': True}
2026-06-17 07:08:43,119 [TRACE] uvicorn.asgi: ::1:62211 - ASGI [7] Send {'type': 'http.response.body', 'body': '<45 bytes>', 'more_body': True}
2026-06-17 07:08:58,122 [TRACE] uvicorn.asgi: ::1:62211 - ASGI [7] Send {'type': 'http.response.body', 'body': '<45 bytes>', 'more_body': True}
2026-06-17 07:09:13,124 [TRACE] uvicorn.asgi: ::1:62211 - ASGI [7] Send {'type': 'http.response.body', 'body': '<45 bytes>', 'more_body': True}
2026-06-17 07:09:28,135 [TRACE] uvicorn.asgi: ::1:62211 - ASGI [7] Send {'type': 'http.response.body', 'body': '<45 bytes>', 'more_body': True}
2026-06-17 07:09:43,142 [TRACE] uvicorn.asgi: ::1:62211 - ASGI [7] Send {'type': 'http.response.body', 'body': '<45 bytes>', 'more_body': True}
2026-06-17 07:10:27,868 [TRACE] uvicorn.asgi: ::1:62211 - ASGI [7] Send {'type': 'http.response.body', 'body': '<45 bytes>', 'more_body': True}
2026-06-17 07:10:42,909 [TRACE] uvicorn.asgi: ::1:62211 - ASGI [7] Send {'type': 'http.response.body', 'body': '<45 bytes>', 'more_body': True}
2026-06-17 07:10:57,928 [TRACE] uvicorn.asgi: ::1:62211 - ASGI [7] Send {'type': 'http.response.body', 'body': '<45 bytes>', 'more_body': True}
2026-06-17 07:11:12,943 [TRACE] uvicorn.asgi: ::1:62211 - ASGI [7] Send {'type': 'http.response.body', 'body': '<45 bytes>', 'more_body': True}
2026-06-17 07:11:27,945 [TRACE] uvicorn.asgi: ::1:62211 - ASGI [7] Send {'type': 'http.response.body', 'body': '<45 bytes>', 'more_body': True}
2026-06-17 07:11:42,960 [TRACE] uvicorn.asgi: ::1:62211 - ASGI [7] Send {'type': 'http.response.body', 'body': '<45 bytes>', 'more_body': True}
2026-06-17 07:11:57,962 [TRACE] uvicorn.asgi: ::1:62211 - ASGI [7] Send {'type': 'http.response.body', 'body': '<45 bytes>', 'more_body': True}
2026-06-17 07:12:12,978 [TRACE] uvicorn.asgi: ::1:62211 - ASGI [7] Send {'type': 'http.response.body', 'body': '<45 bytes>', 'more_body': True}
2026-06-17 07:12:27,992 [TRACE] uvicorn.asgi: ::1:62211 - ASGI [7] Send {'type': 'http.response.body', 'body': '<45 bytes>', 'more_body': True}
2026-06-17 07:12:42,994 [TRACE] uvicorn.asgi: ::1:62211 - ASGI [7] Send {'type': 'http.response.body', 'body': '<45 bytes>', 'more_body': True}
2026-06-17 07:12:57,995 [TRACE] uvicorn.asgi: ::1:62211 - ASGI [7] Send {'type': 'http.response.body', 'body': '<45 bytes>', 'more_body': True}
2026-06-17 07:13:12,997 [TRACE] uvicorn.asgi: ::1:62211 - ASGI [7] Send {'type': 'http.response.body', 'body': '<45 bytes>', 'more_body': True}
2026-06-17 07:13:28,011 [TRACE] uvicorn.asgi: ::1:62211 - ASGI [7] Send {'type': 'http.response.body', 'body': '<45 bytes>', 'more_body': True}
2026-06-17 07:13:43,014 [TRACE] uvicorn.asgi: ::1:62211 - ASGI [7] Send {'type': 'http.response.body', 'body': '<45 bytes>', 'more_body': True}
2026-06-17 07:13:58,029 [TRACE] uvicorn.asgi: ::1:62211 - ASGI [7] Send {'type': 'http.response.body', 'body': '<45 bytes>', 'more_body': True}
2026-06-17 07:14:13,046 [TRACE] uvicorn.asgi: ::1:62211 - ASGI [7] Send {'type': 'http.response.body', 'body': '<45 bytes>', 'more_body': True}
2026-06-17 07:14:28,051 [TRACE] uvicorn.asgi: ::1:62211 - ASGI [7] Send {'type': 'http.response.body', 'body': '<45 bytes>', 'more_body': True}
2026-06-17 07:14:43,060 [TRACE] uvicorn.asgi: ::1:62211 - ASGI [7] Send {'type': 'http.response.body', 'body': '<45 bytes>', 'more_body': True}
2026-06-17 07:14:58,063 [TRACE] uvicorn.asgi: ::1:62211 - ASGI [7] Send {'type': 'http.response.body', 'body': '<45 bytes>', 'more_body': True}
2026-06-17 07:15:13,077 [TRACE] uvicorn.asgi: ::1:62211 - ASGI [7] Send {'type': 'http.response.body', 'body': '<45 bytes>', 'more_body': True}
2026-06-17 07:15:28,083 [TRACE] uvicorn.asgi: ::1:62211 - ASGI [7] Send {'type': 'http.response.body', 'body': '<45 bytes>', 'more_body': True}
2026-06-17 07:15:43,096 [TRACE] uvicorn.asgi: ::1:62211 - ASGI [7] Send {'type': 'http.response.body', 'body': '<45 bytes>', 'more_body': True}
2026-06-17 07:15:58,111 [TRACE] uvicorn.asgi: ::1:62211 - ASGI [7] Send {'type': 'http.response.body', 'body': '<45 bytes>', 'more_body': True}
2026-06-17 07:16:13,114 [TRACE] uvicorn.asgi: ::1:62211 - ASGI [7] Send {'type': 'http.response.body', 'body': '<45 bytes>', 'more_body': True}
2026-06-17 07:16:28,127 [TRACE] uvicorn.asgi: ::1:62211 - ASGI [7] Send {'type': 'http.response.body', 'body': '<45 bytes>', 'more_body': True}
2026-06-17 07:16:43,131 [TRACE] uvicorn.asgi: ::1:62211 - ASGI [7] Send {'type': 'http.response.body', 'body': '<45 bytes>', 'more_body': True}
2026-06-17 07:16:58,133 [TRACE] uvicorn.asgi: ::1:62211 - ASGI [7] Send {'type': 'http.response.body', 'body': '<45 bytes>', 'more_body': True}
2026-06-17 07:17:13,143 [TRACE] uvicorn.asgi: ::1:62211 - ASGI [7] Send {'type': 'http.response.body', 'body': '<45 bytes>', 'more_body': True}
2026-06-17 07:17:28,159 [TRACE] uvicorn.asgi: ::1:62211 - ASGI [7] Send {'type': 'http.response.body', 'body': '<45 bytes>', 'more_body': True}
2026-06-17 07:17:43,167 [TRACE] uvicorn.asgi: ::1:62211 - ASGI [7] Send {'type': 'http.response.body', 'body': '<45 bytes>', 'more_body': True}
2026-06-17 07:17:58,182 [TRACE] uvicorn.asgi: ::1:62211 - ASGI [7] Send {'type': 'http.response.body', 'body': '<45 bytes>', 'more_body': True}
2026-06-17 07:18:13,191 [TRACE] uvicorn.asgi: ::1:62211 - ASGI [7] Send {'type': 'http.response.body', 'body': '<45 bytes>', 'more_body': True}
2026-06-17 07:18:28,208 [TRACE] uvicorn.asgi: ::1:62211 - ASGI [7] Send {'type': 'http.response.body', 'body': '<45 bytes>', 'more_body': True}
2026-06-17 07:18:43,210 [TRACE] uvicorn.asgi: ::1:62211 - ASGI [7] Send {'type': 'http.response.body', 'body': '<45 bytes>', 'more_body': True}
2026-06-17 07:18:58,223 [TRACE] uvicorn.asgi: ::1:62211 - ASGI [7] Send {'type': 'http.response.body', 'body': '<45 bytes>', 'more_body': True}
2026-06-17 07:19:13,230 [TRACE] uvicorn.asgi: ::1:62211 - ASGI [7] Send {'type': 'http.response.body', 'body': '<45 bytes>', 'more_body': True}
2026-06-17 07:19:28,242 [TRACE] uvicorn.asgi: ::1:62211 - ASGI [7] Send {'type': 'http.response.body', 'body': '<45 bytes>', 'more_body': True}
2026-06-17 07:19:43,254 [TRACE] uvicorn.asgi: ::1:62211 - ASGI [7] Send {'type': 'http.response.body', 'body': '<45 bytes>', 'more_body': True}
2026-06-17 07:19:58,258 [TRACE] uvicorn.asgi: ::1:62211 - ASGI [7] Send {'type': 'http.response.body', 'body': '<45 bytes>', 'more_body': True}
2026-06-17 07:20:13,267 [TRACE] uvicorn.asgi: ::1:62211 - ASGI [7] Send {'type': 'http.response.body', 'body': '<45 bytes>', 'more_body': True}
2026-06-17 07:20:28,280 [TRACE] uvicorn.asgi: ::1:62211 - ASGI [7] Send {'type': 'http.response.body', 'body': '<45 bytes>', 'more_body': True}
2026-06-17 07:20:43,287 [TRACE] uvicorn.asgi: ::1:62211 - ASGI [7] Send {'type': 'http.response.body', 'body': '<45 bytes>', 'more_body': True}
2026-06-17 07:20:58,299 [TRACE] uvicorn.asgi: ::1:62211 - ASGI [7] Send {'type': 'http.response.body', 'body': '<45 bytes>', 'more_body': True}
2026-06-17 07:21:13,307 [TRACE] uvicorn.asgi: ::1:62211 - ASGI [7] Send {'type': 'http.response.body', 'body': '<45 bytes>', 'more_body': True}
2026-06-17 07:21:28,321 [TRACE] uvicorn.asgi: ::1:62211 - ASGI [7] Send {'type': 'http.response.body', 'body': '<45 bytes>', 'more_body': True}
2026-06-17 07:21:43,328 [TRACE] uvicorn.asgi: ::1:62211 - ASGI [7] Send {'type': 'http.response.body', 'body': '<45 bytes>', 'more_body': True}
2026-06-17 07:21:58,337 [TRACE] uvicorn.asgi: ::1:62211 - ASGI [7] Send {'type': 'http.response.body', 'body': '<45 bytes>', 'more_body': True}
2026-06-17 07:22:13,341 [TRACE] uvicorn.asgi: ::1:62211 - ASGI [7] Send {'type': 'http.response.body', 'body': '<45 bytes>', 'more_body': True}
2026-06-17 07:22:28,355 [TRACE] uvicorn.asgi: ::1:62211 - ASGI [7] Send {'type': 'http.response.body', 'body': '<45 bytes>', 'more_body': True}
2026-06-17 07:22:43,368 [TRACE] uvicorn.asgi: ::1:62211 - ASGI [7] Send {'type': 'http.response.body', 'body': '<45 bytes>', 'more_body': True}
2026-06-17 07:22:58,382 [TRACE] uvicorn.asgi: ::1:62211 - ASGI [7] Send {'type': 'http.response.body', 'body': '<45 bytes>', 'more_body': True}
2026-06-17 07:23:13,389 [TRACE] uvicorn.asgi: ::1:62211 - ASGI [7] Send {'type': 'http.response.body', 'body': '<45 bytes>', 'more_body': True}
2026-06-17 07:23:28,401 [TRACE] uvicorn.asgi: ::1:62211 - ASGI [7] Send {'type': 'http.response.body', 'body': '<45 bytes>', 'more_body': True}
2026-06-17 07:23:43,416 [TRACE] uvicorn.asgi: ::1:62211 - ASGI [7] Send {'type': 'http.response.body', 'body': '<45 bytes>', 'more_body': True}
2026-06-17 07:23:58,420 [TRACE] uvicorn.asgi: ::1:62211 - ASGI [7] Send {'type': 'http.response.body', 'body': '<45 bytes>', 'more_body': True}
2026-06-17 07:24:13,423 [TRACE] uvicorn.asgi: ::1:62211 - ASGI [7] Send {'type': 'http.response.body', 'body': '<45 bytes>', 'more_body': True}
2026-06-17 07:24:28,439 [TRACE] uvicorn.asgi: ::1:62211 - ASGI [7] Send {'type': 'http.response.body', 'body': '<45 bytes>', 'more_body': True}
2026-06-17 07:24:43,454 [TRACE] uvicorn.asgi: ::1:62211 - ASGI [7] Send {'type': 'http.response.body', 'body': '<45 bytes>', 'more_body': True}
2026-06-17 07:24:58,456 [TRACE] uvicorn.asgi: ::1:62211 - ASGI [7] Send {'type': 'http.response.body', 'body': '<45 bytes>', 'more_body': True}
2026-06-17 07:25:13,459 [TRACE] uvicorn.asgi: ::1:62211 - ASGI [7] Send {'type': 'http.response.body', 'body': '<45 bytes>', 'more_body': True}
2026-06-17 07:25:28,469 [TRACE] uvicorn.asgi: ::1:62211 - ASGI [7] Send {'type': 'http.response.body', 'body': '<45 bytes>', 'more_body': True}
2026-06-17 07:25:43,475 [TRACE] uvicorn.asgi: ::1:62211 - ASGI [7] Send {'type': 'http.response.body', 'body': '<45 bytes>', 'more_body': True}
2026-06-17 07:25:58,487 [TRACE] uvicorn.asgi: ::1:62211 - ASGI [7] Send {'type': 'http.response.body', 'body': '<45 bytes>', 'more_body': True}
2026-06-17 07:26:13,501 [TRACE] uvicorn.asgi: ::1:62211 - ASGI [7] Send {'type': 'http.response.body', 'body': '<45 bytes>', 'more_body': True}
2026-06-17 07:26:28,517 [TRACE] uvicorn.asgi: ::1:62211 - ASGI [7] Send {'type': 'http.response.body', 'body': '<45 bytes>', 'more_body': True}
2026-06-17 07:26:43,525 [TRACE] uvicorn.asgi: ::1:62211 - ASGI [7] Send {'type': 'http.response.body', 'body': '<45 bytes>', 'more_body': True}
2026-06-17 07:26:58,532 [TRACE] uvicorn.asgi: ::1:62211 - ASGI [7] Send {'type': 'http.response.body', 'body': '<45 bytes>', 'more_body': True}
2026-06-17 07:27:13,543 [TRACE] uvicorn.asgi: ::1:62211 - ASGI [7] Send {'type': 'http.response.body', 'body': '<45 bytes>', 'more_body': True}
2026-06-17 07:27:28,546 [TRACE] uvicorn.asgi: ::1:62211 - ASGI [7] Send {'type': 'http.response.body', 'body': '<45 bytes>', 'more_body': True}
2026-06-17 07:27:43,559 [TRACE] uvicorn.asgi: ::1:62211 - ASGI [7] Send {'type': 'http.response.body', 'body': '<45 bytes>', 'more_body': True}
2026-06-17 07:27:58,573 [TRACE] uvicorn.asgi: ::1:62211 - ASGI [7] Send {'type': 'http.response.body', 'body': '<45 bytes>', 'more_body': True}
2026-06-17 07:28:13,586 [TRACE] uvicorn.asgi: ::1:62211 - ASGI [7] Send {'type': 'http.response.body', 'body': '<45 bytes>', 'more_body': True}
2026-06-17 07:28:28,591 [TRACE] uvicorn.asgi: ::1:62211 - ASGI [7] Send {'type': 'http.response.body', 'body': '<45 bytes>', 'more_body': True}
2026-06-17 07:28:43,596 [TRACE] uvicorn.asgi: ::1:62211 - ASGI [7] Send {'type': 'http.response.body', 'body': '<45 bytes>', 'more_body': True}
2026-06-17 07:28:58,612 [TRACE] uvicorn.asgi: ::1:62211 - ASGI [7] Send {'type': 'http.response.body', 'body': '<45 bytes>', 'more_body': True}
2026-06-17 07:29:13,624 [TRACE] uvicorn.asgi: ::1:62211 - ASGI [7] Send {'type': 'http.response.body', 'body': '<45 bytes>', 'more_body': True}
2026-06-17 07:29:28,634 [TRACE] uvicorn.asgi: ::1:62211 - ASGI [7] Send {'type': 'http.response.body', 'body': '<45 bytes>', 'more_body': True}
2026-06-17 07:29:43,651 [TRACE] uvicorn.asgi: ::1:62211 - ASGI [7] Send {'type': 'http.response.body', 'body': '<45 bytes>', 'more_body': True}
2026-06-17 07:29:58,660 [TRACE] uvicorn.asgi: ::1:62211 - ASGI [7] Send {'type': 'http.response.body', 'body': '<45 bytes>', 'more_body': True}
2026-06-17 07:30:13,668 [TRACE] uvicorn.asgi: ::1:62211 - ASGI [7] Send {'type': 'http.response.body', 'body': '<45 bytes>', 'more_body': True}
2026-06-17 07:30:28,682 [TRACE] uvicorn.asgi: ::1:62211 - ASGI [7] Send {'type': 'http.response.body', 'body': '<45 bytes>', 'more_body': True}
2026-06-17 07:30:43,687 [TRACE] uvicorn.asgi: ::1:62211 - ASGI [7] Send {'type': 'http.response.body', 'body': '<45 bytes>', 'more_body': True}
2026-06-17 07:30:58,700 [TRACE] uvicorn.asgi: ::1:62211 - ASGI [7] Send {'type': 'http.response.body', 'body': '<45 bytes>', 'more_body': True}
2026-06-17 07:31:13,716 [TRACE] uvicorn.asgi: ::1:62211 - ASGI [7] Send {'type': 'http.response.body', 'body': '<45 bytes>', 'more_body': True}
2026-06-17 07:31:28,731 [TRACE] uvicorn.asgi: ::1:62211 - ASGI [7] Send {'type': 'http.response.body', 'body': '<45 bytes>', 'more_body': True}
2026-06-17 07:31:43,735 [TRACE] uvicorn.asgi: ::1:62211 - ASGI [7] Send {'type': 'http.response.body', 'body': '<45 bytes>', 'more_body': True}
2026-06-17 07:32:30,741 [TRACE] uvicorn.asgi: ::1:62211 - ASGI [7] Send {'type': 'http.response.body', 'body': '<45 bytes>', 'more_body': True}
2026-06-17 07:32:45,753 [TRACE] uvicorn.asgi: ::1:62211 - ASGI [7] Send {'type': 'http.response.body', 'body': '<45 bytes>', 'more_body': True}
2026-06-17 07:33:00,770 [TRACE] uvicorn.asgi: ::1:62211 - ASGI [7] Send {'type': 'http.response.body', 'body': '<45 bytes>', 'more_body': True}
2026-06-17 07:33:15,781 [TRACE] uvicorn.asgi: ::1:62211 - ASGI [7] Send {'type': 'http.response.body', 'body': '<45 bytes>', 'more_body': True}
2026-06-17 07:33:30,793 [TRACE] uvicorn.asgi: ::1:62211 - ASGI [7] Send {'type': 'http.response.body', 'body': '<45 bytes>', 'more_body': True}
2026-06-17 07:33:45,810 [TRACE] uvicorn.asgi: ::1:62211 - ASGI [7] Send {'type': 'http.response.body', 'body': '<45 bytes>', 'more_body': True}
2026-06-17 07:34:00,819 [TRACE] uvicorn.asgi: ::1:62211 - ASGI [7] Send {'type': 'http.response.body', 'body': '<45 bytes>', 'more_body': True}
2026-06-17 07:34:15,828 [TRACE] uvicorn.asgi: ::1:62211 - ASGI [7] Send {'type': 'http.response.body', 'body': '<45 bytes>', 'more_body': True}
2026-06-17 07:34:30,839 [TRACE] uvicorn.asgi: ::1:62211 - ASGI [7] Send {'type': 'http.response.body', 'body': '<45 bytes>', 'more_body': True}
2026-06-17 07:34:45,850 [TRACE] uvicorn.asgi: ::1:62211 - ASGI [7] Send {'type': 'http.response.body', 'body': '<45 bytes>', 'more_body': True}
2026-06-17 07:35:00,851 [TRACE] uvicorn.asgi: ::1:62211 - ASGI [7] Send {'type': 'http.response.body', 'body': '<45 bytes>', 'more_body': True}
2026-06-17 07:35:15,868 [TRACE] uvicorn.asgi: ::1:62211 - ASGI [7] Send {'type': 'http.response.body', 'body': '<45 bytes>', 'more_body': True}
2026-06-17 07:35:30,875 [TRACE] uvicorn.asgi: ::1:62211 - ASGI [7] Send {'type': 'http.response.body', 'body': '<45 bytes>', 'more_body': True}
2026-06-17 07:35:45,889 [TRACE] uvicorn.asgi: ::1:62211 - ASGI [7] Send {'type': 'http.response.body', 'body': '<45 bytes>', 'more_body': True}
2026-06-17 07:36:00,891 [TRACE] uvicorn.asgi: ::1:62211 - ASGI [7] Send {'type': 'http.response.body', 'body': '<45 bytes>', 'more_body': True}
2026-06-17 07:36:15,898 [TRACE] uvicorn.asgi: ::1:62211 - ASGI [7] Send {'type': 'http.response.body', 'body': '<45 bytes>', 'more_body': True}
2026-06-17 07:36:30,905 [TRACE] uvicorn.asgi: ::1:62211 - ASGI [7] Send {'type': 'http.response.body', 'body': '<45 bytes>', 'more_body': True}
2026-06-17 07:36:45,920 [TRACE] uvicorn.asgi: ::1:62211 - ASGI [7] Send {'type': 'http.response.body', 'body': '<45 bytes>', 'more_body': True}
2026-06-17 07:37:00,923 [TRACE] uvicorn.asgi: ::1:62211 - ASGI [7] Send {'type': 'http.response.body', 'body': '<45 bytes>', 'more_body': True}
2026-06-17 07:37:15,939 [TRACE] uvicorn.asgi: ::1:62211 - ASGI [7] Send {'type': 'http.response.body', 'body': '<45 bytes>', 'more_body': True}
2026-06-17 07:37:30,948 [TRACE] uvicorn.asgi: ::1:62211 - ASGI [7] Send {'type': 'http.response.body', 'body': '<45 bytes>', 'more_body': True}
2026-06-17 07:37:45,956 [TRACE] uvicorn.asgi: ::1:62211 - ASGI [7] Send {'type': 'http.response.body', 'body': '<45 bytes>', 'more_body': True}
2026-06-17 07:38:00,958 [TRACE] uvicorn.asgi: ::1:62211 - ASGI [7] Send {'type': 'http.response.body', 'body': '<45 bytes>', 'more_body': True}
2026-06-17 07:38:15,961 [TRACE] uvicorn.asgi: ::1:62211 - ASGI [7] Send {'type': 'http.response.body', 'body': '<45 bytes>', 'more_body': True}
2026-06-17 07:38:30,970 [TRACE] uvicorn.asgi: ::1:62211 - ASGI [7] Send {'type': 'http.response.body', 'body': '<45 bytes>', 'more_body': True}
2026-06-17 07:38:45,974 [TRACE] uvicorn.asgi: ::1:62211 - ASGI [7] Send {'type': 'http.response.body', 'body': '<45 bytes>', 'more_body': True}
2026-06-17 07:39:00,990 [TRACE] uvicorn.asgi: ::1:62211 - ASGI [7] Send {'type': 'http.response.body', 'body': '<45 bytes>', 'more_body': True}
2026-06-17 07:39:15,992 [TRACE] uvicorn.asgi: ::1:62211 - ASGI [7] Send {'type': 'http.response.body', 'body': '<45 bytes>', 'more_body': True}
2026-06-17 07:39:31,004 [TRACE] uvicorn.asgi: ::1:62211 - ASGI [7] Send {'type': 'http.response.body', 'body': '<45 bytes>', 'more_body': True}
2026-06-17 07:39:46,011 [TRACE] uvicorn.asgi: ::1:62211 - ASGI [7] Send {'type': 'http.response.body', 'body': '<45 bytes>', 'more_body': True}
2026-06-17 07:40:01,016 [TRACE] uvicorn.asgi: ::1:62211 - ASGI [7] Send {'type': 'http.response.body', 'body': '<45 bytes>', 'more_body': True}
2026-06-17 07:40:16,030 [TRACE] uvicorn.asgi: ::1:62211 - ASGI [7] Send {'type': 'http.response.body', 'body': '<45 bytes>', 'more_body': True}
2026-06-17 07:40:31,042 [TRACE] uvicorn.asgi: ::1:62211 - ASGI [7] Send {'type': 'http.response.body', 'body': '<45 bytes>', 'more_body': True}
2026-06-17 07:40:46,047 [TRACE] uvicorn.asgi: ::1:62211 - ASGI [7] Send {'type': 'http.response.body', 'body': '<45 bytes>', 'more_body': True}
2026-06-17 07:41:01,062 [TRACE] uvicorn.asgi: ::1:62211 - ASGI [7] Send {'type': 'http.response.body', 'body': '<45 bytes>', 'more_body': True}
2026-06-17 07:41:16,065 [TRACE] uvicorn.asgi: ::1:62211 - ASGI [7] Send {'type': 'http.response.body', 'body': '<45 bytes>', 'more_body': True}
2026-06-17 07:41:31,067 [TRACE] uvicorn.asgi: ::1:62211 - ASGI [7] Send {'type': 'http.response.body', 'body': '<45 bytes>', 'more_body': True}
2026-06-17 07:41:46,073 [TRACE] uvicorn.asgi: ::1:62211 - ASGI [7] Send {'type': 'http.response.body', 'body': '<45 bytes>', 'more_body': True}
2026-06-17 07:42:01,083 [TRACE] uvicorn.asgi: ::1:62211 - ASGI [7] Send {'type': 'http.response.body', 'body': '<45 bytes>', 'more_body': True}
2026-06-17 07:42:16,084 [TRACE] uvicorn.asgi: ::1:62211 - ASGI [7] Send {'type': 'http.response.body', 'body': '<45 bytes>', 'more_body': True}
2026-06-17 07:42:31,094 [TRACE] uvicorn.asgi: ::1:62211 - ASGI [7] Send {'type': 'http.response.body', 'body': '<45 bytes>', 'more_body': True}
2026-06-17 07:42:46,097 [TRACE] uvicorn.asgi: ::1:62211 - ASGI [7] Send {'type': 'http.response.body', 'body': '<45 bytes>', 'more_body': True}
2026-06-17 07:43:01,099 [TRACE] uvicorn.asgi: ::1:62211 - ASGI [7] Send {'type': 'http.response.body', 'body': '<45 bytes>', 'more_body': True}
2026-06-17 07:43:16,112 [TRACE] uvicorn.asgi: ::1:62211 - ASGI [7] Send {'type': 'http.response.body', 'body': '<45 bytes>', 'more_body': True}
2026-06-17 07:43:31,127 [TRACE] uvicorn.asgi: ::1:62211 - ASGI [7] Send {'type': 'http.response.body', 'body': '<45 bytes>', 'more_body': True}
2026-06-17 07:43:46,131 [TRACE] uvicorn.asgi: ::1:62211 - ASGI [7] Send {'type': 'http.response.body', 'body': '<45 bytes>', 'more_body': True}
2026-06-17 07:44:01,146 [TRACE] uvicorn.asgi: ::1:62211 - ASGI [7] Send {'type': 'http.response.body', 'body': '<45 bytes>', 'more_body': True}
2026-06-17 07:44:16,161 [TRACE] uvicorn.asgi: ::1:62211 - ASGI [7] Send {'type': 'http.response.body', 'body': '<45 bytes>', 'more_body': True}
2026-06-17 07:44:31,178 [TRACE] uvicorn.asgi: ::1:62211 - ASGI [7] Send {'type': 'http.response.body', 'body': '<45 bytes>', 'more_body': True}
2026-06-17 07:44:46,193 [TRACE] uvicorn.asgi: ::1:62211 - ASGI [7] Send {'type': 'http.response.body', 'body': '<45 bytes>', 'more_body': True}
2026-06-17 07:45:01,194 [TRACE] uvicorn.asgi: ::1:62211 - ASGI [7] Send {'type': 'http.response.body', 'body': '<45 bytes>', 'more_body': True}
2026-06-17 07:45:16,209 [TRACE] uvicorn.asgi: ::1:62211 - ASGI [7] Send {'type': 'http.response.body', 'body': '<45 bytes>', 'more_body': True}
2026-06-17 07:45:31,211 [TRACE] uvicorn.asgi: ::1:62211 - ASGI [7] Send {'type': 'http.response.body', 'body': '<45 bytes>', 'more_body': True}
2026-06-17 07:45:46,213 [TRACE] uvicorn.asgi: ::1:62211 - ASGI [7] Send {'type': 'http.response.body', 'body': '<45 bytes>', 'more_body': True}
2026-06-17 07:46:01,229 [TRACE] uvicorn.asgi: ::1:62211 - ASGI [7] Send {'type': 'http.response.body', 'body': '<45 bytes>', 'more_body': True}
2026-06-17 07:46:16,246 [TRACE] uvicorn.asgi: ::1:62211 - ASGI [7] Send {'type': 'http.response.body', 'body': '<45 bytes>', 'more_body': True}
2026-06-17 07:46:31,257 [TRACE] uvicorn.asgi: ::1:62211 - ASGI [7] Send {'type': 'http.response.body', 'body': '<45 bytes>', 'more_body': True}
2026-06-17 07:46:46,262 [TRACE] uvicorn.asgi: ::1:62211 - ASGI [7] Send {'type': 'http.response.body', 'body': '<45 bytes>', 'more_body': True}
2026-06-17 07:47:01,278 [TRACE] uvicorn.asgi: ::1:62211 - ASGI [7] Send {'type': 'http.response.body', 'body': '<45 bytes>', 'more_body': True}
2026-06-17 07:47:16,280 [TRACE] uvicorn.asgi: ::1:62211 - ASGI [7] Send {'type': 'http.response.body', 'body': '<45 bytes>', 'more_body': True}
2026-06-17 07:47:31,293 [TRACE] uvicorn.asgi: ::1:62211 - ASGI [7] Send {'type': 'http.response.body', 'body': '<45 bytes>', 'more_body': True}
2026-06-17 07:47:46,296 [TRACE] uvicorn.asgi: ::1:62211 - ASGI [7] Send {'type': 'http.response.body', 'body': '<45 bytes>', 'more_body': True}
2026-06-17 07:48:01,312 [TRACE] uvicorn.asgi: ::1:62211 - ASGI [7] Send {'type': 'http.response.body', 'body': '<45 bytes>', 'more_body': True}
2026-06-17 07:48:16,314 [TRACE] uvicorn.asgi: ::1:62211 - ASGI [7] Send {'type': 'http.response.body', 'body': '<45 bytes>', 'more_body': True}
2026-06-17 07:48:31,322 [TRACE] uvicorn.asgi: ::1:62211 - ASGI [7] Send {'type': 'http.response.body', 'body': '<45 bytes>', 'more_body': True}
2026-06-17 07:48:46,330 [TRACE] uvicorn.asgi: ::1:62211 - ASGI [7] Send {'type': 'http.response.body', 'body': '<45 bytes>', 'more_body': True}
2026-06-17 07:49:01,343 [TRACE] uvicorn.asgi: ::1:62211 - ASGI [7] Send {'type': 'http.response.body', 'body': '<45 bytes>', 'more_body': True}
2026-06-17 07:49:16,346 [TRACE] uvicorn.asgi: ::1:62211 - ASGI [7] Send {'type': 'http.response.body', 'body': '<45 bytes>', 'more_body': True}
2026-06-17 07:49:31,358 [TRACE] uvicorn.asgi: ::1:62211 - ASGI [7] Send {'type': 'http.response.body', 'body': '<45 bytes>', 'more_body': True}
2026-06-17 07:49:46,372 [TRACE] uvicorn.asgi: ::1:62211 - ASGI [7] Send {'type': 'http.response.body', 'body': '<45 bytes>', 'more_body': True}
2026-06-17 07:50:01,379 [TRACE] uvicorn.asgi: ::1:62211 - ASGI [7] Send {'type': 'http.response.body', 'body': '<45 bytes>', 'more_body': True}
2026-06-17 07:50:16,394 [TRACE] uvicorn.asgi: ::1:62211 - ASGI [7] Send {'type': 'http.response.body', 'body': '<45 bytes>', 'more_body': True}
2026-06-17 07:50:31,407 [TRACE] uvicorn.asgi: ::1:62211 - ASGI [7] Send {'type': 'http.response.body', 'body': '<45 bytes>', 'more_body': True}
2026-06-17 07:50:46,425 [TRACE] uvicorn.asgi: ::1:62211 - ASGI [7] Send {'type': 'http.response.body', 'body': '<45 bytes>', 'more_body': True}
2026-06-17 07:51:01,441 [TRACE] uvicorn.asgi: ::1:62211 - ASGI [7] Send {'type': 'http.response.body', 'body': '<45 bytes>', 'more_body': True}
2026-06-17 07:51:16,442 [TRACE] uvicorn.asgi: ::1:62211 - ASGI [7] Send {'type': 'http.response.body', 'body': '<45 bytes>', 'more_body': True}
2026-06-17 07:51:31,458 [TRACE] uvicorn.asgi: ::1:62211 - ASGI [7] Send {'type': 'http.response.body', 'body': '<45 bytes>', 'more_body': True}
2026-06-17 07:51:46,475 [TRACE] uvicorn.asgi: ::1:62211 - ASGI [7] Send {'type': 'http.response.body', 'body': '<45 bytes>', 'more_body': True}
2026-06-17 07:52:01,492 [TRACE] uvicorn.asgi: ::1:62211 - ASGI [7] Send {'type': 'http.response.body', 'body': '<45 bytes>', 'more_body': True}
2026-06-17 07:52:16,501 [TRACE] uvicorn.asgi: ::1:62211 - ASGI [7] Send {'type': 'http.response.body', 'body': '<45 bytes>', 'more_body': True}
2026-06-17 07:52:31,505 [TRACE] uvicorn.asgi: ::1:62211 - ASGI [7] Send {'type': 'http.response.body', 'body': '<45 bytes>', 'more_body': True}
2026-06-17 07:52:46,508 [TRACE] uvicorn.asgi: ::1:62211 - ASGI [7] Send {'type': 'http.response.body', 'body': '<45 bytes>', 'more_body': True}
2026-06-17 07:53:01,524 [TRACE] uvicorn.asgi: ::1:62211 - ASGI [7] Send {'type': 'http.response.body', 'body': '<45 bytes>', 'more_body': True}
2026-06-17 07:53:16,540 [TRACE] uvicorn.asgi: ::1:62211 - ASGI [7] Send {'type': 'http.response.body', 'body': '<45 bytes>', 'more_body': True}
2026-06-17 07:53:31,554 [TRACE] uvicorn.asgi: ::1:62211 - ASGI [7] Send {'type': 'http.response.body', 'body': '<45 bytes>', 'more_body': True}
2026-06-17 07:53:46,566 [TRACE] uvicorn.asgi: ::1:62211 - ASGI [7] Send {'type': 'http.response.body', 'body': '<45 bytes>', 'more_body': True}
2026-06-17 07:54:01,579 [TRACE] uvicorn.asgi: ::1:62211 - ASGI [7] Send {'type': 'http.response.body', 'body': '<45 bytes>', 'more_body': True}
2026-06-17 07:54:16,582 [TRACE] uvicorn.asgi: ::1:62211 - ASGI [7] Send {'type': 'http.response.body', 'body': '<45 bytes>', 'more_body': True}
2026-06-17 07:54:31,596 [TRACE] uvicorn.asgi: ::1:62211 - ASGI [7] Send {'type': 'http.response.body', 'body': '<45 bytes>', 'more_body': True}
2026-06-17 07:54:46,598 [TRACE] uvicorn.asgi: ::1:62211 - ASGI [7] Send {'type': 'http.response.body', 'body': '<45 bytes>', 'more_body': True}
2026-06-17 07:55:01,599 [TRACE] uvicorn.asgi: ::1:62211 - ASGI [7] Send {'type': 'http.response.body', 'body': '<45 bytes>', 'more_body': True}
2026-06-17 07:55:16,616 [TRACE] uvicorn.asgi: ::1:62211 - ASGI [7] Send {'type': 'http.response.body', 'body': '<45 bytes>', 'more_body': True}
2026-06-17 07:55:31,632 [TRACE] uvicorn.asgi: ::1:62211 - ASGI [7] Send {'type': 'http.response.body', 'body': '<45 bytes>', 'more_body': True}
2026-06-17 07:55:46,648 [TRACE] uvicorn.asgi: ::1:62211 - ASGI [7] Send {'type': 'http.response.body', 'body': '<45 bytes>', 'more_body': True}
2026-06-17 07:56:01,650 [TRACE] uvicorn.asgi: ::1:62211 - ASGI [7] Send {'type': 'http.response.body', 'body': '<45 bytes>', 'more_body': True}
2026-06-17 07:56:16,651 [TRACE] uvicorn.asgi: ::1:62211 - ASGI [7] Send {'type': 'http.response.body', 'body': '<45 bytes>', 'more_body': True}
2026-06-17 07:56:31,668 [TRACE] uvicorn.asgi: ::1:62211 - ASGI [7] Send {'type': 'http.response.body', 'body': '<45 bytes>', 'more_body': True}
2026-06-17 07:56:46,684 [TRACE] uvicorn.asgi: ::1:62211 - ASGI [7] Send {'type': 'http.response.body', 'body': '<45 bytes>', 'more_body': True}
2026-06-17 07:57:01,695 [TRACE] uvicorn.asgi: ::1:62211 - ASGI [7] Send {'type': 'http.response.body', 'body': '<45 bytes>', 'more_body': True}
2026-06-17 07:57:16,703 [TRACE] uvicorn.asgi: ::1:62211 - ASGI [7] Send {'type': 'http.response.body', 'body': '<45 bytes>', 'more_body': True}
2026-06-17 07:57:31,720 [TRACE] uvicorn.asgi: ::1:62211 - ASGI [7] Send {'type': 'http.response.body', 'body': '<45 bytes>', 'more_body': True}
2026-06-17 07:57:46,723 [TRACE] uvicorn.asgi: ::1:62211 - ASGI [7] Send {'type': 'http.response.body', 'body': '<45 bytes>', 'more_body': True}
2026-06-17 07:58:01,738 [TRACE] uvicorn.asgi: ::1:62211 - ASGI [7] Send {'type': 'http.response.body', 'body': '<45 bytes>', 'more_body': True}
2026-06-17 07:58:16,746 [TRACE] uvicorn.asgi: ::1:62211 - ASGI [7] Send {'type': 'http.response.body', 'body': '<45 bytes>', 'more_body': True}
2026-06-17 07:58:31,752 [TRACE] uvicorn.asgi: ::1:62211 - ASGI [7] Send {'type': 'http.response.body', 'body': '<45 bytes>', 'more_body': True}
2026-06-17 07:58:46,764 [TRACE] uvicorn.asgi: ::1:62211 - ASGI [7] Send {'type': 'http.response.body', 'body': '<45 bytes>', 'more_body': True}
2026-06-17 07:59:01,776 [TRACE] uvicorn.asgi: ::1:62211 - ASGI [7] Send {'type': 'http.response.body', 'body': '<45 bytes>', 'more_body': True}
2026-06-17 07:59:16,784 [TRACE] uvicorn.asgi: ::1:62211 - ASGI [7] Send {'type': 'http.response.body', 'body': '<45 bytes>', 'more_body': True}
2026-06-17 07:59:31,793 [TRACE] uvicorn.asgi: ::1:62211 - ASGI [7] Send {'type': 'http.response.body', 'body': '<45 bytes>', 'more_body': True}
2026-06-17 07:59:46,806 [TRACE] uvicorn.asgi: ::1:62211 - ASGI [7] Send {'type': 'http.response.body', 'body': '<45 bytes>', 'more_body': True}
2026-06-17 08:00:01,828 [TRACE] uvicorn.asgi: ::1:62211 - ASGI [7] Send {'type': 'http.response.body', 'body': '<45 bytes>', 'more_body': True}
2026-06-17 08:00:16,836 [TRACE] uvicorn.asgi: ::1:62211 - ASGI [7] Send {'type': 'http.response.body', 'body': '<45 bytes>', 'more_body': True}
2026-06-17 08:00:31,852 [TRACE] uvicorn.asgi: ::1:62211 - ASGI [7] Send {'type': 'http.response.body', 'body': '<45 bytes>', 'more_body': True}
2026-06-17 08:00:46,855 [TRACE] uvicorn.asgi: ::1:62211 - ASGI [7] Send {'type': 'http.response.body', 'body': '<45 bytes>', 'more_body': True}
2026-06-17 08:01:01,871 [TRACE] uvicorn.asgi: ::1:62211 - ASGI [7] Send {'type': 'http.response.body', 'body': '<45 bytes>', 'more_body': True}
2026-06-17 08:01:16,886 [TRACE] uvicorn.asgi: ::1:62211 - ASGI [7] Send {'type': 'http.response.body', 'body': '<45 bytes>', 'more_body': True}
2026-06-17 08:01:31,889 [TRACE] uvicorn.asgi: ::1:62211 - ASGI [7] Send {'type': 'http.response.body', 'body': '<45 bytes>', 'more_body': True}
2026-06-17 08:01:46,890 [TRACE] uvicorn.asgi: ::1:62211 - ASGI [7] Send {'type': 'http.response.body', 'body': '<45 bytes>', 'more_body': True}
2026-06-17 08:02:01,906 [TRACE] uvicorn.asgi: ::1:62211 - ASGI [7] Send {'type': 'http.response.body', 'body': '<45 bytes>', 'more_body': True}
2026-06-17 08:02:16,921 [TRACE] uvicorn.asgi: ::1:62211 - ASGI [7] Send {'type': 'http.response.body', 'body': '<45 bytes>', 'more_body': True}
2026-06-17 08:02:31,938 [TRACE] uvicorn.asgi: ::1:62211 - ASGI [7] Send {'type': 'http.response.body', 'body': '<45 bytes>', 'more_body': True}
2026-06-17 08:02:46,955 [TRACE] uvicorn.asgi: ::1:62211 - ASGI [7] Send {'type': 'http.response.body', 'body': '<45 bytes>', 'more_body': True}
2026-06-17 08:03:01,976 [TRACE] uvicorn.asgi: ::1:62211 - ASGI [7] Send {'type': 'http.response.body', 'body': '<45 bytes>', 'more_body': True}
2026-06-17 08:03:16,989 [TRACE] uvicorn.asgi: ::1:62211 - ASGI [7] Send {'type': 'http.response.body', 'body': '<45 bytes>', 'more_body': True}
2026-06-17 08:03:32,007 [TRACE] uvicorn.asgi: ::1:62211 - ASGI [7] Send {'type': 'http.response.body', 'body': '<45 bytes>', 'more_body': True}
2026-06-17 08:03:47,027 [TRACE] uvicorn.asgi: ::1:62211 - ASGI [7] Send {'type': 'http.response.body', 'body': '<45 bytes>', 'more_body': True}
2026-06-17 08:04:02,041 [TRACE] uvicorn.asgi: ::1:62211 - ASGI [7] Send {'type': 'http.response.body', 'body': '<45 bytes>', 'more_body': True}
2026-06-17 08:04:17,043 [TRACE] uvicorn.asgi: ::1:62211 - ASGI [7] Send {'type': 'http.response.body', 'body': '<45 bytes>', 'more_body': True}
2026-06-17 08:04:32,063 [TRACE] uvicorn.asgi: ::1:62211 - ASGI [7] Send {'type': 'http.response.body', 'body': '<45 bytes>', 'more_body': True}
2026-06-17 08:04:47,075 [TRACE] uvicorn.asgi: ::1:62211 - ASGI [7] Send {'type': 'http.response.body', 'body': '<45 bytes>', 'more_body': True}
2026-06-17 08:05:02,096 [TRACE] uvicorn.asgi: ::1:62211 - ASGI [7] Send {'type': 'http.response.body', 'body': '<45 bytes>', 'more_body': True}
2026-06-17 08:05:17,112 [TRACE] uvicorn.asgi: ::1:62211 - ASGI [7] Send {'type': 'http.response.body', 'body': '<45 bytes>', 'more_body': True}
2026-06-17 08:05:32,127 [TRACE] uvicorn.asgi: ::1:62211 - ASGI [7] Send {'type': 'http.response.body', 'body': '<45 bytes>', 'more_body': True}
2026-06-17 08:05:47,142 [TRACE] uvicorn.asgi: ::1:62211 - ASGI [7] Send {'type': 'http.response.body', 'body': '<45 bytes>', 'more_body': True}
2026-06-17 08:06:02,160 [TRACE] uvicorn.asgi: ::1:62211 - ASGI [7] Send {'type': 'http.response.body', 'body': '<45 bytes>', 'more_body': True}
2026-06-17 08:06:17,161 [TRACE] uvicorn.asgi: ::1:62211 - ASGI [7] Send {'type': 'http.response.body', 'body': '<45 bytes>', 'more_body': True}
2026-06-17 08:06:32,174 [TRACE] uvicorn.asgi: ::1:62211 - ASGI [7] Send {'type': 'http.response.body', 'body': '<45 bytes>', 'more_body': True}
2026-06-17 08:06:47,177 [TRACE] uvicorn.asgi: ::1:62211 - ASGI [7] Send {'type': 'http.response.body', 'body': '<45 bytes>', 'more_body': True}
2026-06-17 08:07:02,179 [TRACE] uvicorn.asgi: ::1:62211 - ASGI [7] Send {'type': 'http.response.body', 'body': '<45 bytes>', 'more_body': True}
2026-06-17 08:07:17,195 [TRACE] uvicorn.asgi: ::1:62211 - ASGI [7] Send {'type': 'http.response.body', 'body': '<45 bytes>', 'more_body': True}
2026-06-17 08:07:32,211 [TRACE] uvicorn.asgi: ::1:62211 - ASGI [7] Send {'type': 'http.response.body', 'body': '<45 bytes>', 'more_body': True}
2026-06-17 08:07:47,229 [TRACE] uvicorn.asgi: ::1:62211 - ASGI [7] Send {'type': 'http.response.body', 'body': '<45 bytes>', 'more_body': True}
2026-06-17 08:08:02,246 [TRACE] uvicorn.asgi: ::1:62211 - ASGI [7] Send {'type': 'http.response.body', 'body': '<45 bytes>', 'more_body': True}
2026-06-17 08:08:17,261 [TRACE] uvicorn.asgi: ::1:62211 - ASGI [7] Send {'type': 'http.response.body', 'body': '<45 bytes>', 'more_body': True}
2026-06-17 08:08:32,263 [TRACE] uvicorn.asgi: ::1:62211 - ASGI [7] Send {'type': 'http.response.body', 'body': '<45 bytes>', 'more_body': True}
2026-06-17 08:08:47,280 [TRACE] uvicorn.asgi: ::1:62211 - ASGI [7] Send {'type': 'http.response.body', 'body': '<45 bytes>', 'more_body': True}
2026-06-17 08:09:02,281 [TRACE] uvicorn.asgi: ::1:62211 - ASGI [7] Send {'type': 'http.response.body', 'body': '<45 bytes>', 'more_body': True}
2026-06-17 08:09:17,283 [TRACE] uvicorn.asgi: ::1:62211 - ASGI [7] Send {'type': 'http.response.body', 'body': '<45 bytes>', 'more_body': True}
2026-06-17 08:09:32,297 [TRACE] uvicorn.asgi: ::1:62211 - ASGI [7] Send {'type': 'http.response.body', 'body': '<45 bytes>', 'more_body': True}
2026-06-17 08:09:47,301 [TRACE] uvicorn.asgi: ::1:62211 - ASGI [7] Send {'type': 'http.response.body', 'body': '<45 bytes>', 'more_body': True}
2026-06-17 08:10:02,314 [TRACE] uvicorn.asgi: ::1:62211 - ASGI [7] Send {'type': 'http.response.body', 'body': '<45 bytes>', 'more_body': True}
2026-06-17 08:10:17,315 [TRACE] uvicorn.asgi: ::1:62211 - ASGI [7] Send {'type': 'http.response.body', 'body': '<45 bytes>', 'more_body': True}
2026-06-17 08:10:32,318 [TRACE] uvicorn.asgi: ::1:62211 - ASGI [7] Send {'type': 'http.response.body', 'body': '<45 bytes>', 'more_body': True}
2026-06-17 08:10:47,334 [TRACE] uvicorn.asgi: ::1:62211 - ASGI [7] Send {'type': 'http.response.body', 'body': '<45 bytes>', 'more_body': True}
2026-06-17 08:11:02,349 [TRACE] uvicorn.asgi: ::1:62211 - ASGI [7] Send {'type': 'http.response.body', 'body': '<45 bytes>', 'more_body': True}
2026-06-17 08:11:17,351 [TRACE] uvicorn.asgi: ::1:62211 - ASGI [7] Send {'type': 'http.response.body', 'body': '<45 bytes>', 'more_body': True}
2026-06-17 08:11:32,366 [TRACE] uvicorn.asgi: ::1:62211 - ASGI [7] Send {'type': 'http.response.body', 'body': '<45 bytes>', 'more_body': True}
2026-06-17 08:11:47,368 [TRACE] uvicorn.asgi: ::1:62211 - ASGI [7] Send {'type': 'http.response.body', 'body': '<45 bytes>', 'more_body': True}
2026-06-17 08:12:02,384 [TRACE] uvicorn.asgi: ::1:62211 - ASGI [7] Send {'type': 'http.response.body', 'body': '<45 bytes>', 'more_body': True}
2026-06-17 08:12:17,386 [TRACE] uvicorn.asgi: ::1:62211 - ASGI [7] Send {'type': 'http.response.body', 'body': '<45 bytes>', 'more_body': True}
2026-06-17 08:12:32,402 [TRACE] uvicorn.asgi: ::1:62211 - ASGI [7] Send {'type': 'http.response.body', 'body': '<45 bytes>', 'more_body': True}
2026-06-17 08:12:47,403 [TRACE] uvicorn.asgi: ::1:62211 - ASGI [7] Send {'type': 'http.response.body', 'body': '<45 bytes>', 'more_body': True}
2026-06-17 08:13:02,418 [TRACE] uvicorn.asgi: ::1:62211 - ASGI [7] Send {'type': 'http.response.body', 'body': '<45 bytes>', 'more_body': True}
2026-06-17 08:13:17,436 [TRACE] uvicorn.asgi: ::1:62211 - ASGI [7] Send {'type': 'http.response.body', 'body': '<45 bytes>', 'more_body': True}
2026-06-17 08:13:32,452 [TRACE] uvicorn.asgi: ::1:62211 - ASGI [7] Send {'type': 'http.response.body', 'body': '<45 bytes>', 'more_body': True}
2026-06-17 08:13:47,471 [TRACE] uvicorn.asgi: ::1:62211 - ASGI [7] Send {'type': 'http.response.body', 'body': '<45 bytes>', 'more_body': True}
2026-06-17 08:14:02,486 [TRACE] uvicorn.asgi: ::1:62211 - ASGI [7] Send {'type': 'http.response.body', 'body': '<45 bytes>', 'more_body': True}
2026-06-17 08:14:17,487 [TRACE] uvicorn.asgi: ::1:62211 - ASGI [7] Send {'type': 'http.response.body', 'body': '<45 bytes>', 'more_body': True}
2026-06-17 08:14:32,502 [TRACE] uvicorn.asgi: ::1:62211 - ASGI [7] Send {'type': 'http.response.body', 'body': '<45 bytes>', 'more_body': True}
2026-06-17 08:14:47,520 [TRACE] uvicorn.asgi: ::1:62211 - ASGI [7] Send {'type': 'http.response.body', 'body': '<45 bytes>', 'more_body': True}
2026-06-17 08:15:02,537 [TRACE] uvicorn.asgi: ::1:62211 - ASGI [7] Send {'type': 'http.response.body', 'body': '<45 bytes>', 'more_body': True}
2026-06-17 08:15:17,553 [TRACE] uvicorn.asgi: ::1:62211 - ASGI [7] Send {'type': 'http.response.body', 'body': '<45 bytes>', 'more_body': True}
2026-06-17 08:15:32,571 [TRACE] uvicorn.asgi: ::1:62211 - ASGI [7] Send {'type': 'http.response.body', 'body': '<45 bytes>', 'more_body': True}
2026-06-17 08:15:47,581 [TRACE] uvicorn.asgi: ::1:62211 - ASGI [7] Send {'type': 'http.response.body', 'body': '<45 bytes>', 'more_body': True}
2026-06-17 08:20:00,002 [TRACE] uvicorn.asgi: ::1:62211 - ASGI [7] Send {'type': 'http.response.body', 'body': '<45 bytes>', 'more_body': True}
2026-06-17 08:20:15,064 [TRACE] uvicorn.asgi: ::1:62211 - ASGI [7] Send {'type': 'http.response.body', 'body': '<45 bytes>', 'more_body': True}
2026-06-17 08:20:30,094 [TRACE] uvicorn.asgi: ::1:62211 - ASGI [7] Send {'type': 'http.response.body', 'body': '<45 bytes>', 'more_body': True}
2026-06-17 08:20:45,109 [TRACE] uvicorn.asgi: ::1:62211 - ASGI [7] Send {'type': 'http.response.body', 'body': '<45 bytes>', 'more_body': True}
2026-06-17 08:21:00,137 [TRACE] uvicorn.asgi: ::1:62211 - ASGI [7] Send {'type': 'http.response.body', 'body': '<45 bytes>', 'more_body': True}
2026-06-17 08:21:15,160 [TRACE] uvicorn.asgi: ::1:62211 - ASGI [7] Send {'type': 'http.response.body', 'body': '<45 bytes>', 'more_body': True}
2026-06-17 08:21:30,178 [TRACE] uvicorn.asgi: ::1:62211 - ASGI [7] Send {'type': 'http.response.body', 'body': '<45 bytes>', 'more_body': True}
2026-06-17 08:21:45,194 [TRACE] uvicorn.asgi: ::1:62211 - ASGI [7] Send {'type': 'http.response.body', 'body': '<45 bytes>', 'more_body': True}
2026-06-17 08:22:00,212 [TRACE] uvicorn.asgi: ::1:62211 - ASGI [7] Send {'type': 'http.response.body', 'body': '<45 bytes>', 'more_body': True}
2026-06-17 08:22:15,228 [TRACE] uvicorn.asgi: ::1:62211 - ASGI [7] Send {'type': 'http.response.body', 'body': '<45 bytes>', 'more_body': True}
2026-06-17 08:22:30,243 [TRACE] uvicorn.asgi: ::1:62211 - ASGI [7] Send {'type': 'http.response.body', 'body': '<45 bytes>', 'more_body': True}
2026-06-17 08:22:45,262 [TRACE] uvicorn.asgi: ::1:62211 - ASGI [7] Send {'type': 'http.response.body', 'body': '<45 bytes>', 'more_body': True}
2026-06-17 08:23:00,277 [TRACE] uvicorn.asgi: ::1:62211 - ASGI [7] Send {'type': 'http.response.body', 'body': '<45 bytes>', 'more_body': True}
2026-06-17 08:23:15,293 [TRACE] uvicorn.asgi: ::1:62211 - ASGI [7] Send {'type': 'http.response.body', 'body': '<45 bytes>', 'more_body': True}
2026-06-17 08:23:30,311 [TRACE] uvicorn.asgi: ::1:62211 - ASGI [7] Send {'type': 'http.response.body', 'body': '<45 bytes>', 'more_body': True}
2026-06-17 08:23:45,329 [TRACE] uvicorn.asgi: ::1:62211 - ASGI [7] Send {'type': 'http.response.body', 'body': '<45 bytes>', 'more_body': True}
2026-06-17 08:24:00,345 [TRACE] uvicorn.asgi: ::1:62211 - ASGI [7] Send {'type': 'http.response.body', 'body': '<45 bytes>', 'more_body': True}
2026-06-17 08:24:15,347 [TRACE] uvicorn.asgi: ::1:62211 - ASGI [7] Send {'type': 'http.response.body', 'body': '<45 bytes>', 'more_body': True}
2026-06-17 08:24:30,364 [TRACE] uvicorn.asgi: ::1:62211 - ASGI [7] Send {'type': 'http.response.body', 'body': '<45 bytes>', 'more_body': True}
2026-06-17 08:24:45,379 [TRACE] uvicorn.asgi: ::1:62211 - ASGI [7] Send {'type': 'http.response.body', 'body': '<45 bytes>', 'more_body': True}
2026-06-17 08:25:00,398 [TRACE] uvicorn.asgi: ::1:62211 - ASGI [7] Send {'type': 'http.response.body', 'body': '<45 bytes>', 'more_body': True}
2026-06-17 08:25:15,413 [TRACE] uvicorn.asgi: ::1:62211 - ASGI [7] Send {'type': 'http.response.body', 'body': '<45 bytes>', 'more_body': True}
2026-06-17 08:25:30,430 [TRACE] uvicorn.asgi: ::1:62211 - ASGI [7] Send {'type': 'http.response.body', 'body': '<45 bytes>', 'more_body': True}
2026-06-17 08:25:45,450 [TRACE] uvicorn.asgi: ::1:62211 - ASGI [7] Send {'type': 'http.response.body', 'body': '<45 bytes>', 'more_body': True}
2026-06-17 08:26:00,464 [TRACE] uvicorn.asgi: ::1:62211 - ASGI [7] Send {'type': 'http.response.body', 'body': '<45 bytes>', 'more_body': True}
2026-06-17 08:26:15,466 [TRACE] uvicorn.asgi: ::1:62211 - ASGI [7] Send {'type': 'http.response.body', 'body': '<45 bytes>', 'more_body': True}
2026-06-17 08:26:30,481 [TRACE] uvicorn.asgi: ::1:62211 - ASGI [7] Send {'type': 'http.response.body', 'body': '<45 bytes>', 'more_body': True}
2026-06-17 08:26:45,482 [TRACE] uvicorn.asgi: ::1:62211 - ASGI [7] Send {'type': 'http.response.body', 'body': '<45 bytes>', 'more_body': True}
2026-06-17 08:27:00,484 [TRACE] uvicorn.asgi: ::1:62211 - ASGI [7] Send {'type': 'http.response.body', 'body': '<45 bytes>', 'more_body': True}
2026-06-17 08:27:15,499 [TRACE] uvicorn.asgi: ::1:62211 - ASGI [7] Send {'type': 'http.response.body', 'body': '<45 bytes>', 'more_body': True}
2026-06-17 08:27:30,519 [TRACE] uvicorn.asgi: ::1:62211 - ASGI [7] Send {'type': 'http.response.body', 'body': '<45 bytes>', 'more_body': True}
2026-06-17 08:27:45,537 [TRACE] uvicorn.asgi: ::1:62211 - ASGI [7] Send {'type': 'http.response.body', 'body': '<45 bytes>', 'more_body': True}
2026-06-17 08:28:00,549 [TRACE] uvicorn.asgi: ::1:62211 - ASGI [7] Send {'type': 'http.response.body', 'body': '<45 bytes>', 'more_body': True}
2026-06-17 08:28:15,569 [TRACE] uvicorn.asgi: ::1:62211 - ASGI [7] Send {'type': 'http.response.body', 'body': '<45 bytes>', 'more_body': True}
2026-06-17 08:28:30,583 [TRACE] uvicorn.asgi: ::1:62211 - ASGI [7] Send {'type': 'http.response.body', 'body': '<45 bytes>', 'more_body': True}
2026-06-17 08:28:45,585 [TRACE] uvicorn.asgi: ::1:62211 - ASGI [7] Send {'type': 'http.response.body', 'body': '<45 bytes>', 'more_body': True}
2026-06-17 08:29:00,605 [TRACE] uvicorn.asgi: ::1:62211 - ASGI [7] Send {'type': 'http.response.body', 'body': '<45 bytes>', 'more_body': True}
2026-06-17 08:29:15,620 [TRACE] uvicorn.asgi: ::1:62211 - ASGI [7] Send {'type': 'http.response.body', 'body': '<45 bytes>', 'more_body': True}
2026-06-17 08:29:30,636 [TRACE] uvicorn.asgi: ::1:62211 - ASGI [7] Send {'type': 'http.response.body', 'body': '<45 bytes>', 'more_body': True}
2026-06-17 08:29:45,656 [TRACE] uvicorn.asgi: ::1:62211 - ASGI [7] Send {'type': 'http.response.body', 'body': '<45 bytes>', 'more_body': True}
2026-06-17 08:30:00,668 [TRACE] uvicorn.asgi: ::1:62211 - ASGI [7] Send {'type': 'http.response.body', 'body': '<45 bytes>', 'more_body': True}
2026-06-17 08:30:15,672 [TRACE] uvicorn.asgi: ::1:62211 - ASGI [7] Send {'type': 'http.response.body', 'body': '<45 bytes>', 'more_body': True}
2026-06-17 08:30:30,685 [TRACE] uvicorn.asgi: ::1:62211 - ASGI [7] Send {'type': 'http.response.body', 'body': '<45 bytes>', 'more_body': True}
2026-06-17 08:30:45,703 [TRACE] uvicorn.asgi: ::1:62211 - ASGI [7] Send {'type': 'http.response.body', 'body': '<45 bytes>', 'more_body': True}
2026-06-17 08:31:00,722 [TRACE] uvicorn.asgi: ::1:62211 - ASGI [7] Send {'type': 'http.response.body', 'body': '<45 bytes>', 'more_body': True}
2026-06-17 08:31:15,737 [TRACE] uvicorn.asgi: ::1:62211 - ASGI [7] Send {'type': 'http.response.body', 'body': '<45 bytes>', 'more_body': True}
2026-06-17 08:31:30,738 [TRACE] uvicorn.asgi: ::1:62211 - ASGI [7] Send {'type': 'http.response.body', 'body': '<45 bytes>', 'more_body': True}
2026-06-17 08:31:45,756 [TRACE] uvicorn.asgi: ::1:62211 - ASGI [7] Send {'type': 'http.response.body', 'body': '<45 bytes>', 'more_body': True}
2026-06-17 08:32:00,771 [TRACE] uvicorn.asgi: ::1:62211 - ASGI [7] Send {'type': 'http.response.body', 'body': '<45 bytes>', 'more_body': True}
2026-06-17 08:32:15,789 [TRACE] uvicorn.asgi: ::1:62211 - ASGI [7] Send {'type': 'http.response.body', 'body': '<45 bytes>', 'more_body': True}
2026-06-17 08:32:30,804 [TRACE] uvicorn.asgi: ::1:62211 - ASGI [7] Send {'type': 'http.response.body', 'body': '<45 bytes>', 'more_body': True}
2026-06-17 08:32:45,809 [TRACE] uvicorn.asgi: ::1:62211 - ASGI [7] Send {'type': 'http.response.body', 'body': '<45 bytes>', 'more_body': True}
2026-06-17 08:33:00,823 [TRACE] uvicorn.asgi: ::1:62211 - ASGI [7] Send {'type': 'http.response.body', 'body': '<45 bytes>', 'more_body': True}
2026-06-17 08:33:15,839 [TRACE] uvicorn.asgi: ::1:62211 - ASGI [7] Send {'type': 'http.response.body', 'body': '<45 bytes>', 'more_body': True}
2026-06-17 08:33:30,855 [TRACE] uvicorn.asgi: ::1:62211 - ASGI [7] Send {'type': 'http.response.body', 'body': '<45 bytes>', 'more_body': True}
2026-06-17 08:33:45,873 [TRACE] uvicorn.asgi: ::1:62211 - ASGI [7] Send {'type': 'http.response.body', 'body': '<45 bytes>', 'more_body': True}
2026-06-17 08:34:00,876 [TRACE] uvicorn.asgi: ::1:62211 - ASGI [7] Send {'type': 'http.response.body', 'body': '<45 bytes>', 'more_body': True}
2026-06-17 08:34:15,890 [TRACE] uvicorn.asgi: ::1:62211 - ASGI [7] Send {'type': 'http.response.body', 'body': '<45 bytes>', 'more_body': True}
2026-06-17 08:34:30,907 [TRACE] uvicorn.asgi: ::1:62211 - ASGI [7] Send {'type': 'http.response.body', 'body': '<45 bytes>', 'more_body': True}
2026-06-17 08:34:45,924 [TRACE] uvicorn.asgi: ::1:62211 - ASGI [7] Send {'type': 'http.response.body', 'body': '<45 bytes>', 'more_body': True}
2026-06-17 08:35:00,940 [TRACE] uvicorn.asgi: ::1:62211 - ASGI [7] Send {'type': 'http.response.body', 'body': '<45 bytes>', 'more_body': True}
2026-06-17 08:35:15,944 [TRACE] uvicorn.asgi: ::1:62211 - ASGI [7] Send {'type': 'http.response.body', 'body': '<45 bytes>', 'more_body': True}
2026-06-17 08:35:30,959 [TRACE] uvicorn.asgi: ::1:62211 - ASGI [7] Send {'type': 'http.response.body', 'body': '<45 bytes>', 'more_body': True}
2026-06-17 08:35:45,960 [TRACE] uvicorn.asgi: ::1:62211 - ASGI [7] Send {'type': 'http.response.body', 'body': '<45 bytes>', 'more_body': True}
2026-06-17 08:36:00,978 [TRACE] uvicorn.asgi: ::1:62211 - ASGI [7] Send {'type': 'http.response.body', 'body': '<45 bytes>', 'more_body': True}
2026-06-17 08:36:15,993 [TRACE] uvicorn.asgi: ::1:62211 - ASGI [7] Send {'type': 'http.response.body', 'body': '<45 bytes>', 'more_body': True}
2026-06-17 08:36:30,995 [TRACE] uvicorn.asgi: ::1:62211 - ASGI [7] Send {'type': 'http.response.body', 'body': '<45 bytes>', 'more_body': True}
2026-06-17 08:36:46,009 [TRACE] uvicorn.asgi: ::1:62211 - ASGI [7] Send {'type': 'http.response.body', 'body': '<45 bytes>', 'more_body': True}
2026-06-17 08:37:01,011 [TRACE] uvicorn.asgi: ::1:62211 - ASGI [7] Send {'type': 'http.response.body', 'body': '<45 bytes>', 'more_body': True}
2026-06-17 08:37:16,027 [TRACE] uvicorn.asgi: ::1:62211 - ASGI [7] Send {'type': 'http.response.body', 'body': '<45 bytes>', 'more_body': True}
2026-06-17 08:37:31,028 [TRACE] uvicorn.asgi: ::1:62211 - ASGI [7] Send {'type': 'http.response.body', 'body': '<45 bytes>', 'more_body': True}
2026-06-17 08:37:46,045 [TRACE] uvicorn.asgi: ::1:62211 - ASGI [7] Send {'type': 'http.response.body', 'body': '<45 bytes>', 'more_body': True}
2026-06-17 08:38:01,061 [TRACE] uvicorn.asgi: ::1:62211 - ASGI [7] Send {'type': 'http.response.body', 'body': '<45 bytes>', 'more_body': True}
2026-06-17 08:38:16,063 [TRACE] uvicorn.asgi: ::1:62211 - ASGI [7] Send {'type': 'http.response.body', 'body': '<45 bytes>', 'more_body': True}
2026-06-17 08:38:31,079 [TRACE] uvicorn.asgi: ::1:62211 - ASGI [7] Send {'type': 'http.response.body', 'body': '<45 bytes>', 'more_body': True}
2026-06-17 08:38:46,094 [TRACE] uvicorn.asgi: ::1:62211 - ASGI [7] Send {'type': 'http.response.body', 'body': '<45 bytes>', 'more_body': True}
2026-06-17 08:39:01,096 [TRACE] uvicorn.asgi: ::1:62211 - ASGI [7] Send {'type': 'http.response.body', 'body': '<45 bytes>', 'more_body': True}
2026-06-17 08:39:16,113 [TRACE] uvicorn.asgi: ::1:62211 - ASGI [7] Send {'type': 'http.response.body', 'body': '<45 bytes>', 'more_body': True}
2026-06-17 08:39:31,130 [TRACE] uvicorn.asgi: ::1:62211 - ASGI [7] Send {'type': 'http.response.body', 'body': '<45 bytes>', 'more_body': True}
2026-06-17 08:39:46,147 [TRACE] uvicorn.asgi: ::1:62211 - ASGI [7] Send {'type': 'http.response.body', 'body': '<45 bytes>', 'more_body': True}
2026-06-17 08:40:01,163 [TRACE] uvicorn.asgi: ::1:62211 - ASGI [7] Send {'type': 'http.response.body', 'body': '<45 bytes>', 'more_body': True}
2026-06-17 08:40:16,167 [TRACE] uvicorn.asgi: ::1:62211 - ASGI [7] Send {'type': 'http.response.body', 'body': '<45 bytes>', 'more_body': True}
2026-06-17 08:40:31,184 [TRACE] uvicorn.asgi: ::1:62211 - ASGI [7] Send {'type': 'http.response.body', 'body': '<45 bytes>', 'more_body': True}
2026-06-17 08:40:46,194 [TRACE] uvicorn.asgi: ::1:62211 - ASGI [7] Send {'type': 'http.response.body', 'body': '<45 bytes>', 'more_body': True}
2026-06-17 08:46:14,417 [TRACE] uvicorn.asgi: ::1:62211 - ASGI [7] Send {'type': 'http.response.body', 'body': '<45 bytes>', 'more_body': True}
2026-06-17 08:46:29,431 [TRACE] uvicorn.asgi: ::1:62211 - ASGI [7] Send {'type': 'http.response.body', 'body': '<45 bytes>', 'more_body': True}
2026-06-17 08:46:44,447 [TRACE] uvicorn.asgi: ::1:62211 - ASGI [7] Send {'type': 'http.response.body', 'body': '<45 bytes>', 'more_body': True}
2026-06-17 08:46:59,463 [TRACE] uvicorn.asgi: ::1:62211 - ASGI [7] Send {'type': 'http.response.body', 'body': '<45 bytes>', 'more_body': True}
2026-06-17 08:47:14,478 [TRACE] uvicorn.asgi: ::1:62211 - ASGI [7] Send {'type': 'http.response.body', 'body': '<45 bytes>', 'more_body': True}
2026-06-17 08:47:29,481 [TRACE] uvicorn.asgi: ::1:62211 - ASGI [7] Send {'type': 'http.response.body', 'body': '<45 bytes>', 'more_body': True}
2026-06-17 08:47:44,499 [TRACE] uvicorn.asgi: ::1:62211 - ASGI [7] Send {'type': 'http.response.body', 'body': '<45 bytes>', 'more_body': True}
2026-06-17 08:47:59,513 [TRACE] uvicorn.asgi: ::1:62211 - ASGI [7] Send {'type': 'http.response.body', 'body': '<45 bytes>', 'more_body': True}
2026-06-17 08:48:14,528 [TRACE] uvicorn.asgi: ::1:62211 - ASGI [7] Send {'type': 'http.response.body', 'body': '<45 bytes>', 'more_body': True}
2026-06-17 08:48:29,544 [TRACE] uvicorn.asgi: ::1:62211 - ASGI [7] Send {'type': 'http.response.body', 'body': '<45 bytes>', 'more_body': True}
2026-06-17 08:48:44,550 [TRACE] uvicorn.asgi: ::1:62211 - ASGI [7] Send {'type': 'http.response.body', 'body': '<45 bytes>', 'more_body': True}
2026-06-17 08:48:59,561 [TRACE] uvicorn.asgi: ::1:62211 - ASGI [7] Send {'type': 'http.response.body', 'body': '<45 bytes>', 'more_body': True}
2026-06-17 08:49:14,564 [TRACE] uvicorn.asgi: ::1:62211 - ASGI [7] Send {'type': 'http.response.body', 'body': '<45 bytes>', 'more_body': True}
2026-06-17 08:49:29,567 [TRACE] uvicorn.asgi: ::1:62211 - ASGI [7] Send {'type': 'http.response.body', 'body': '<45 bytes>', 'more_body': True}
2026-06-17 08:49:44,577 [TRACE] uvicorn.asgi: ::1:62211 - ASGI [7] Send {'type': 'http.response.body', 'body': '<45 bytes>', 'more_body': True}
2026-06-17 08:49:59,586 [TRACE] uvicorn.asgi: ::1:62211 - ASGI [7] Send {'type': 'http.response.body', 'body': '<45 bytes>', 'more_body': True}
2026-06-17 08:50:14,601 [TRACE] uvicorn.asgi: ::1:62211 - ASGI [7] Send {'type': 'http.response.body', 'body': '<45 bytes>', 'more_body': True}
2026-06-17 08:50:29,617 [TRACE] uvicorn.asgi: ::1:62211 - ASGI [7] Send {'type': 'http.response.body', 'body': '<45 bytes>', 'more_body': True}
2026-06-17 08:50:44,634 [TRACE] uvicorn.asgi: ::1:62211 - ASGI [7] Send {'type': 'http.response.body', 'body': '<45 bytes>', 'more_body': True}
2026-06-17 08:50:59,651 [TRACE] uvicorn.asgi: ::1:62211 - ASGI [7] Send {'type': 'http.response.body', 'body': '<45 bytes>', 'more_body': True}
2026-06-17 08:51:14,653 [TRACE] uvicorn.asgi: ::1:62211 - ASGI [7] Send {'type': 'http.response.body', 'body': '<45 bytes>', 'more_body': True}
2026-06-17 08:51:29,666 [TRACE] uvicorn.asgi: ::1:62211 - ASGI [7] Send {'type': 'http.response.body', 'body': '<45 bytes>', 'more_body': True}
2026-06-17 08:51:44,671 [TRACE] uvicorn.asgi: ::1:62211 - ASGI [7] Send {'type': 'http.response.body', 'body': '<45 bytes>', 'more_body': True}
2026-06-17 08:51:59,684 [TRACE] uvicorn.asgi: ::1:62211 - ASGI [7] Send {'type': 'http.response.body', 'body': '<45 bytes>', 'more_body': True}
2026-06-17 08:52:14,699 [TRACE] uvicorn.asgi: ::1:62211 - ASGI [7] Send {'type': 'http.response.body', 'body': '<45 bytes>', 'more_body': True}
2026-06-17 08:52:29,704 [TRACE] uvicorn.asgi: ::1:62211 - ASGI [7] Send {'type': 'http.response.body', 'body': '<45 bytes>', 'more_body': True}
2026-06-17 08:52:44,707 [TRACE] uvicorn.asgi: ::1:62211 - ASGI [7] Send {'type': 'http.response.body', 'body': '<45 bytes>', 'more_body': True}
2026-06-17 08:52:59,718 [TRACE] uvicorn.asgi: ::1:62211 - ASGI [7] Send {'type': 'http.response.body', 'body': '<45 bytes>', 'more_body': True}
2026-06-17 08:53:14,724 [TRACE] uvicorn.asgi: ::1:62211 - ASGI [7] Send {'type': 'http.response.body', 'body': '<45 bytes>', 'more_body': True}
2026-06-17 08:53:29,740 [TRACE] uvicorn.asgi: ::1:62211 - ASGI [7] Send {'type': 'http.response.body', 'body': '<45 bytes>', 'more_body': True}
2026-06-17 08:53:44,751 [TRACE] uvicorn.asgi: ::1:62211 - ASGI [7] Send {'type': 'http.response.body', 'body': '<45 bytes>', 'more_body': True}
2026-06-17 08:53:59,755 [TRACE] uvicorn.asgi: ::1:62211 - ASGI [7] Send {'type': 'http.response.body', 'body': '<45 bytes>', 'more_body': True}
2026-06-17 08:54:14,771 [TRACE] uvicorn.asgi: ::1:62211 - ASGI [7] Send {'type': 'http.response.body', 'body': '<45 bytes>', 'more_body': True}
2026-06-17 08:54:29,774 [TRACE] uvicorn.asgi: ::1:62211 - ASGI [7] Send {'type': 'http.response.body', 'body': '<45 bytes>', 'more_body': True}
2026-06-17 08:54:44,775 [TRACE] uvicorn.asgi: ::1:62211 - ASGI [7] Send {'type': 'http.response.body', 'body': '<45 bytes>', 'more_body': True}
2026-06-17 08:54:59,785 [TRACE] uvicorn.asgi: ::1:62211 - ASGI [7] Send {'type': 'http.response.body', 'body': '<45 bytes>', 'more_body': True}
2026-06-17 08:55:14,789 [TRACE] uvicorn.asgi: ::1:62211 - ASGI [7] Send {'type': 'http.response.body', 'body': '<45 bytes>', 'more_body': True}
2026-06-17 08:55:29,804 [TRACE] uvicorn.asgi: ::1:62211 - ASGI [7] Send {'type': 'http.response.body', 'body': '<45 bytes>', 'more_body': True}
2026-06-17 08:55:44,805 [TRACE] uvicorn.asgi: ::1:62211 - ASGI [7] Send {'type': 'http.response.body', 'body': '<45 bytes>', 'more_body': True}
2026-06-17 08:55:59,810 [TRACE] uvicorn.asgi: ::1:62211 - ASGI [7] Send {'type': 'http.response.body', 'body': '<45 bytes>', 'more_body': True}
2026-06-17 08:56:14,824 [TRACE] uvicorn.asgi: ::1:62211 - ASGI [7] Send {'type': 'http.response.body', 'body': '<45 bytes>', 'more_body': True}
2026-06-17 08:56:29,838 [TRACE] uvicorn.asgi: ::1:62211 - ASGI [7] Send {'type': 'http.response.body', 'body': '<45 bytes>', 'more_body': True}
2026-06-17 08:56:44,842 [TRACE] uvicorn.asgi: ::1:62211 - ASGI [7] Send {'type': 'http.response.body', 'body': '<45 bytes>', 'more_body': True}
2026-06-17 08:56:59,845 [TRACE] uvicorn.asgi: ::1:62211 - ASGI [7] Send {'type': 'http.response.body', 'body': '<45 bytes>', 'more_body': True}
2026-06-17 08:57:14,856 [TRACE] uvicorn.asgi: ::1:62211 - ASGI [7] Send {'type': 'http.response.body', 'body': '<45 bytes>', 'more_body': True}
2026-06-17 08:57:29,871 [TRACE] uvicorn.asgi: ::1:62211 - ASGI [7] Send {'type': 'http.response.body', 'body': '<45 bytes>', 'more_body': True}
2026-06-17 08:57:44,875 [TRACE] uvicorn.asgi: ::1:62211 - ASGI [7] Send {'type': 'http.response.body', 'body': '<45 bytes>', 'more_body': True}
2026-06-17 08:57:59,877 [TRACE] uvicorn.asgi: ::1:62211 - ASGI [7] Send {'type': 'http.response.body', 'body': '<45 bytes>', 'more_body': True}
2026-06-17 08:58:14,889 [TRACE] uvicorn.asgi: ::1:62211 - ASGI [7] Send {'type': 'http.response.body', 'body': '<45 bytes>', 'more_body': True}
2026-06-17 08:58:29,894 [TRACE] uvicorn.asgi: ::1:62211 - ASGI [7] Send {'type': 'http.response.body', 'body': '<45 bytes>', 'more_body': True}
2026-06-17 08:58:44,907 [TRACE] uvicorn.asgi: ::1:62211 - ASGI [7] Send {'type': 'http.response.body', 'body': '<45 bytes>', 'more_body': True}
2026-06-17 08:58:59,910 [TRACE] uvicorn.asgi: ::1:62211 - ASGI [7] Send {'type': 'http.response.body', 'body': '<45 bytes>', 'more_body': True}
2026-06-17 08:59:14,927 [TRACE] uvicorn.asgi: ::1:62211 - ASGI [7] Send {'type': 'http.response.body', 'body': '<45 bytes>', 'more_body': True}
2026-06-17 08:59:29,942 [TRACE] uvicorn.asgi: ::1:62211 - ASGI [7] Send {'type': 'http.response.body', 'body': '<45 bytes>', 'more_body': True}
2026-06-17 08:59:44,958 [TRACE] uvicorn.asgi: ::1:62211 - ASGI [7] Send {'type': 'http.response.body', 'body': '<45 bytes>', 'more_body': True}
2026-06-17 08:59:59,966 [TRACE] uvicorn.asgi: ::1:62211 - ASGI [7] Send {'type': 'http.response.body', 'body': '<45 bytes>', 'more_body': True}
2026-06-17 09:00:14,979 [TRACE] uvicorn.asgi: ::1:62211 - ASGI [7] Send {'type': 'http.response.body', 'body': '<45 bytes>', 'more_body': True}
2026-06-17 09:00:29,996 [TRACE] uvicorn.asgi: ::1:62211 - ASGI [7] Send {'type': 'http.response.body', 'body': '<45 bytes>', 'more_body': True}
2026-06-17 09:00:45,010 [TRACE] uvicorn.asgi: ::1:62211 - ASGI [7] Send {'type': 'http.response.body', 'body': '<45 bytes>', 'more_body': True}
2026-06-17 09:01:00,026 [TRACE] uvicorn.asgi: ::1:62211 - ASGI [7] Send {'type': 'http.response.body', 'body': '<45 bytes>', 'more_body': True}
2026-06-17 09:01:15,032 [TRACE] uvicorn.asgi: ::1:62211 - ASGI [7] Send {'type': 'http.response.body', 'body': '<45 bytes>', 'more_body': True}
2026-06-17 09:01:30,043 [TRACE] uvicorn.asgi: ::1:62211 - ASGI [7] Send {'type': 'http.response.body', 'body': '<45 bytes>', 'more_body': True}
2026-06-17 09:01:45,060 [TRACE] uvicorn.asgi: ::1:62211 - ASGI [7] Send {'type': 'http.response.body', 'body': '<45 bytes>', 'more_body': True}
2026-06-17 09:02:00,063 [TRACE] uvicorn.asgi: ::1:62211 - ASGI [7] Send {'type': 'http.response.body', 'body': '<45 bytes>', 'more_body': True}
2026-06-17 09:02:15,077 [TRACE] uvicorn.asgi: ::1:62211 - ASGI [7] Send {'type': 'http.response.body', 'body': '<45 bytes>', 'more_body': True}
2026-06-17 09:02:30,081 [TRACE] uvicorn.asgi: ::1:62211 - ASGI [7] Send {'type': 'http.response.body', 'body': '<45 bytes>', 'more_body': True}
2026-06-17 09:02:45,094 [TRACE] uvicorn.asgi: ::1:62211 - ASGI [7] Send {'type': 'http.response.body', 'body': '<45 bytes>', 'more_body': True}
2026-06-17 09:03:00,099 [TRACE] uvicorn.asgi: ::1:62211 - ASGI [7] Send {'type': 'http.response.body', 'body': '<45 bytes>', 'more_body': True}
2026-06-17 09:03:15,100 [TRACE] uvicorn.asgi: ::1:62211 - ASGI [7] Send {'type': 'http.response.body', 'body': '<45 bytes>', 'more_body': True}
2026-06-17 09:03:30,102 [TRACE] uvicorn.asgi: ::1:62211 - ASGI [7] Send {'type': 'http.response.body', 'body': '<45 bytes>', 'more_body': True}
2026-06-17 09:03:45,116 [TRACE] uvicorn.asgi: ::1:62211 - ASGI [7] Send {'type': 'http.response.body', 'body': '<45 bytes>', 'more_body': True}
2026-06-17 09:04:00,130 [TRACE] uvicorn.asgi: ::1:62211 - ASGI [7] Send {'type': 'http.response.body', 'body': '<45 bytes>', 'more_body': True}
2026-06-17 09:04:15,136 [TRACE] uvicorn.asgi: ::1:62211 - ASGI [7] Send {'type': 'http.response.body', 'body': '<45 bytes>', 'more_body': True}
2026-06-17 09:04:30,153 [TRACE] uvicorn.asgi: ::1:62211 - ASGI [7] Send {'type': 'http.response.body', 'body': '<45 bytes>', 'more_body': True}
2026-06-17 09:04:45,163 [TRACE] uvicorn.asgi: ::1:62211 - ASGI [7] Send {'type': 'http.response.body', 'body': '<45 bytes>', 'more_body': True}
2026-06-17 09:05:00,179 [TRACE] uvicorn.asgi: ::1:62211 - ASGI [7] Send {'type': 'http.response.body', 'body': '<45 bytes>', 'more_body': True}
2026-06-17 09:05:15,183 [TRACE] uvicorn.asgi: ::1:62211 - ASGI [7] Send {'type': 'http.response.body', 'body': '<45 bytes>', 'more_body': True}
2026-06-17 09:05:30,188 [TRACE] uvicorn.asgi: ::1:62211 - ASGI [7] Send {'type': 'http.response.body', 'body': '<45 bytes>', 'more_body': True}
2026-06-17 09:05:45,190 [TRACE] uvicorn.asgi: ::1:62211 - ASGI [7] Send {'type': 'http.response.body', 'body': '<45 bytes>', 'more_body': True}
2026-06-17 09:06:00,204 [TRACE] uvicorn.asgi: ::1:62211 - ASGI [7] Send {'type': 'http.response.body', 'body': '<45 bytes>', 'more_body': True}
2026-06-17 09:06:15,215 [TRACE] uvicorn.asgi: ::1:62211 - ASGI [7] Send {'type': 'http.response.body', 'body': '<45 bytes>', 'more_body': True}
2026-06-17 09:06:30,217 [TRACE] uvicorn.asgi: ::1:62211 - ASGI [7] Send {'type': 'http.response.body', 'body': '<45 bytes>', 'more_body': True}
2026-06-17 09:06:45,234 [TRACE] uvicorn.asgi: ::1:62211 - ASGI [7] Send {'type': 'http.response.body', 'body': '<45 bytes>', 'more_body': True}
2026-06-17 09:07:00,246 [TRACE] uvicorn.asgi: ::1:62211 - ASGI [7] Send {'type': 'http.response.body', 'body': '<45 bytes>', 'more_body': True}
2026-06-17 09:07:15,261 [TRACE] uvicorn.asgi: ::1:62211 - ASGI [7] Send {'type': 'http.response.body', 'body': '<45 bytes>', 'more_body': True}
2026-06-17 09:07:30,267 [TRACE] uvicorn.asgi: ::1:62211 - ASGI [7] Send {'type': 'http.response.body', 'body': '<45 bytes>', 'more_body': True}
2026-06-17 09:07:45,271 [TRACE] uvicorn.asgi: ::1:62211 - ASGI [7] Send {'type': 'http.response.body', 'body': '<45 bytes>', 'more_body': True}
2026-06-17 09:08:00,280 [TRACE] uvicorn.asgi: ::1:62211 - ASGI [7] Send {'type': 'http.response.body', 'body': '<45 bytes>', 'more_body': True}
2026-06-17 09:08:15,290 [TRACE] uvicorn.asgi: ::1:62211 - ASGI [7] Send {'type': 'http.response.body', 'body': '<45 bytes>', 'more_body': True}
2026-06-17 09:08:30,295 [TRACE] uvicorn.asgi: ::1:62211 - ASGI [7] Send {'type': 'http.response.body', 'body': '<45 bytes>', 'more_body': True}
2026-06-17 09:08:45,296 [TRACE] uvicorn.asgi: ::1:62211 - ASGI [7] Send {'type': 'http.response.body', 'body': '<45 bytes>', 'more_body': True}
2026-06-17 09:09:00,310 [TRACE] uvicorn.asgi: ::1:62211 - ASGI [7] Send {'type': 'http.response.body', 'body': '<45 bytes>', 'more_body': True}
2026-06-17 09:09:15,315 [TRACE] uvicorn.asgi: ::1:62211 - ASGI [7] Send {'type': 'http.response.body', 'body': '<45 bytes>', 'more_body': True}
2026-06-17 09:09:30,331 [TRACE] uvicorn.asgi: ::1:62211 - ASGI [7] Send {'type': 'http.response.body', 'body': '<45 bytes>', 'more_body': True}
2026-06-17 09:09:45,340 [TRACE] uvicorn.asgi: ::1:62211 - ASGI [7] Send {'type': 'http.response.body', 'body': '<45 bytes>', 'more_body': True}
2026-06-17 09:10:00,343 [TRACE] uvicorn.asgi: ::1:62211 - ASGI [7] Send {'type': 'http.response.body', 'body': '<45 bytes>', 'more_body': True}
2026-06-17 09:10:15,360 [TRACE] uvicorn.asgi: ::1:62211 - ASGI [7] Send {'type': 'http.response.body', 'body': '<45 bytes>', 'more_body': True}
2026-06-17 09:10:30,375 [TRACE] uvicorn.asgi: ::1:62211 - ASGI [7] Send {'type': 'http.response.body', 'body': '<45 bytes>', 'more_body': True}
2026-06-17 09:10:45,378 [TRACE] uvicorn.asgi: ::1:62211 - ASGI [7] Send {'type': 'http.response.body', 'body': '<45 bytes>', 'more_body': True}
2026-06-17 09:11:00,383 [TRACE] uvicorn.asgi: ::1:62211 - ASGI [7] Send {'type': 'http.response.body', 'body': '<45 bytes>', 'more_body': True}
2026-06-17 09:11:15,390 [TRACE] uvicorn.asgi: ::1:62211 - ASGI [7] Send {'type': 'http.response.body', 'body': '<45 bytes>', 'more_body': True}
2026-06-17 09:11:30,403 [TRACE] uvicorn.asgi: ::1:62211 - ASGI [7] Send {'type': 'http.response.body', 'body': '<45 bytes>', 'more_body': True}
2026-06-17 09:11:45,414 [TRACE] uvicorn.asgi: ::1:62211 - ASGI [7] Send {'type': 'http.response.body', 'body': '<45 bytes>', 'more_body': True}
2026-06-17 09:12:00,430 [TRACE] uvicorn.asgi: ::1:62211 - ASGI [7] Send {'type': 'http.response.body', 'body': '<45 bytes>', 'more_body': True}
2026-06-17 09:12:15,445 [TRACE] uvicorn.asgi: ::1:62211 - ASGI [7] Send {'type': 'http.response.body', 'body': '<45 bytes>', 'more_body': True}
2026-06-17 09:12:30,460 [TRACE] uvicorn.asgi: ::1:62211 - ASGI [7] Send {'type': 'http.response.body', 'body': '<45 bytes>', 'more_body': True}
2026-06-17 09:12:45,471 [TRACE] uvicorn.asgi: ::1:62211 - ASGI [7] Send {'type': 'http.response.body', 'body': '<45 bytes>', 'more_body': True}
2026-06-17 09:13:00,473 [TRACE] uvicorn.asgi: ::1:62211 - ASGI [7] Send {'type': 'http.response.body', 'body': '<45 bytes>', 'more_body': True}
2026-06-17 09:13:15,482 [TRACE] uvicorn.asgi: ::1:62211 - ASGI [7] Send {'type': 'http.response.body', 'body': '<45 bytes>', 'more_body': True}
2026-06-17 09:13:30,492 [TRACE] uvicorn.asgi: ::1:62211 - ASGI [7] Send {'type': 'http.response.body', 'body': '<45 bytes>', 'more_body': True}
2026-06-17 09:13:45,496 [TRACE] uvicorn.asgi: ::1:62211 - ASGI [7] Send {'type': 'http.response.body', 'body': '<45 bytes>', 'more_body': True}
2026-06-17 09:14:00,514 [TRACE] uvicorn.asgi: ::1:62211 - ASGI [7] Send {'type': 'http.response.body', 'body': '<45 bytes>', 'more_body': True}
2026-06-17 09:14:15,528 [TRACE] uvicorn.asgi: ::1:62211 - ASGI [7] Send {'type': 'http.response.body', 'body': '<45 bytes>', 'more_body': True}
2026-06-17 09:14:30,534 [TRACE] uvicorn.asgi: ::1:62211 - ASGI [7] Send {'type': 'http.response.body', 'body': '<45 bytes>', 'more_body': True}
2026-06-17 09:14:45,542 [TRACE] uvicorn.asgi: ::1:62211 - ASGI [7] Send {'type': 'http.response.body', 'body': '<45 bytes>', 'more_body': True}
2026-06-17 09:15:00,558 [TRACE] uvicorn.asgi: ::1:62211 - ASGI [7] Send {'type': 'http.response.body', 'body': '<45 bytes>', 'more_body': True}
2026-06-17 09:15:15,560 [TRACE] uvicorn.asgi: ::1:62211 - ASGI [7] Send {'type': 'http.response.body', 'body': '<45 bytes>', 'more_body': True}
2026-06-17 09:15:30,568 [TRACE] uvicorn.asgi: ::1:62211 - ASGI [7] Send {'type': 'http.response.body', 'body': '<45 bytes>', 'more_body': True}
2026-06-17 09:15:45,572 [TRACE] uvicorn.asgi: ::1:62211 - ASGI [7] Send {'type': 'http.response.body', 'body': '<45 bytes>', 'more_body': True}
2026-06-17 09:16:00,582 [TRACE] uvicorn.asgi: ::1:62211 - ASGI [7] Send {'type': 'http.response.body', 'body': '<45 bytes>', 'more_body': True}
2026-06-17 09:16:15,587 [TRACE] uvicorn.asgi: ::1:62211 - ASGI [7] Send {'type': 'http.response.body', 'body': '<45 bytes>', 'more_body': True}
2026-06-17 09:16:30,595 [TRACE] uvicorn.asgi: ::1:62211 - ASGI [7] Send {'type': 'http.response.body', 'body': '<45 bytes>', 'more_body': True}
2026-06-17 09:16:45,607 [TRACE] uvicorn.asgi: ::1:62211 - ASGI [7] Send {'type': 'http.response.body', 'body': '<45 bytes>', 'more_body': True}
2026-06-17 09:17:00,616 [TRACE] uvicorn.asgi: ::1:62211 - ASGI [7] Send {'type': 'http.response.body', 'body': '<45 bytes>', 'more_body': True}
2026-06-17 09:17:15,625 [TRACE] uvicorn.asgi: ::1:62211 - ASGI [7] Send {'type': 'http.response.body', 'body': '<45 bytes>', 'more_body': True}
2026-06-17 09:17:30,636 [TRACE] uvicorn.asgi: ::1:62211 - ASGI [7] Send {'type': 'http.response.body', 'body': '<45 bytes>', 'more_body': True}
2026-06-17 09:17:45,651 [TRACE] uvicorn.asgi: ::1:62211 - ASGI [7] Send {'type': 'http.response.body', 'body': '<45 bytes>', 'more_body': True}
2026-06-17 09:18:00,661 [TRACE] uvicorn.asgi: ::1:62211 - ASGI [7] Send {'type': 'http.response.body', 'body': '<45 bytes>', 'more_body': True}
2026-06-17 09:18:15,667 [TRACE] uvicorn.asgi: ::1:62211 - ASGI [7] Send {'type': 'http.response.body', 'body': '<45 bytes>', 'more_body': True}
2026-06-17 09:18:30,674 [TRACE] uvicorn.asgi: ::1:62211 - ASGI [7] Send {'type': 'http.response.body', 'body': '<45 bytes>', 'more_body': True}
2026-06-17 09:18:45,679 [TRACE] uvicorn.asgi: ::1:62211 - ASGI [7] Send {'type': 'http.response.body', 'body': '<45 bytes>', 'more_body': True}
2026-06-17 09:19:00,681 [TRACE] uvicorn.asgi: ::1:62211 - ASGI [7] Send {'type': 'http.response.body', 'body': '<45 bytes>', 'more_body': True}
2026-06-17 09:19:15,691 [TRACE] uvicorn.asgi: ::1:62211 - ASGI [7] Send {'type': 'http.response.body', 'body': '<45 bytes>', 'more_body': True}
2026-06-17 09:19:30,703 [TRACE] uvicorn.asgi: ::1:62211 - ASGI [7] Send {'type': 'http.response.body', 'body': '<45 bytes>', 'more_body': True}
2026-06-17 09:19:45,707 [TRACE] uvicorn.asgi: ::1:62211 - ASGI [7] Send {'type': 'http.response.body', 'body': '<45 bytes>', 'more_body': True}
2026-06-17 09:20:00,710 [TRACE] uvicorn.asgi: ::1:62211 - ASGI [7] Send {'type': 'http.response.body', 'body': '<45 bytes>', 'more_body': True}
2026-06-17 09:20:15,720 [TRACE] uvicorn.asgi: ::1:62211 - ASGI [7] Send {'type': 'http.response.body', 'body': '<45 bytes>', 'more_body': True}
2026-06-17 09:20:30,725 [TRACE] uvicorn.asgi: ::1:62211 - ASGI [7] Send {'type': 'http.response.body', 'body': '<45 bytes>', 'more_body': True}
2026-06-17 09:20:45,736 [TRACE] uvicorn.asgi: ::1:62211 - ASGI [7] Send {'type': 'http.response.body', 'body': '<45 bytes>', 'more_body': True}
2026-06-17 09:21:00,738 [TRACE] uvicorn.asgi: ::1:62211 - ASGI [7] Send {'type': 'http.response.body', 'body': '<45 bytes>', 'more_body': True}
2026-06-17 09:21:15,740 [TRACE] uvicorn.asgi: ::1:62211 - ASGI [7] Send {'type': 'http.response.body', 'body': '<45 bytes>', 'more_body': True}
2026-06-17 09:21:30,744 [TRACE] uvicorn.asgi: ::1:62211 - ASGI [7] Send {'type': 'http.response.body', 'body': '<45 bytes>', 'more_body': True}
2026-06-17 09:21:45,751 [TRACE] uvicorn.asgi: ::1:62211 - ASGI [7] Send {'type': 'http.response.body', 'body': '<45 bytes>', 'more_body': True}
2026-06-17 09:22:00,759 [TRACE] uvicorn.asgi: ::1:62211 - ASGI [7] Send {'type': 'http.response.body', 'body': '<45 bytes>', 'more_body': True}
2026-06-17 09:22:15,767 [TRACE] uvicorn.asgi: ::1:62211 - ASGI [7] Send {'type': 'http.response.body', 'body': '<45 bytes>', 'more_body': True}
2026-06-17 09:22:30,781 [TRACE] uvicorn.asgi: ::1:62211 - ASGI [7] Send {'type': 'http.response.body', 'body': '<45 bytes>', 'more_body': True}
2026-06-17 09:22:45,787 [TRACE] uvicorn.asgi: ::1:62211 - ASGI [7] Send {'type': 'http.response.body', 'body': '<45 bytes>', 'more_body': True}
2026-06-17 09:23:00,792 [TRACE] uvicorn.asgi: ::1:62211 - ASGI [7] Send {'type': 'http.response.body', 'body': '<45 bytes>', 'more_body': True}
2026-06-17 09:23:15,810 [TRACE] uvicorn.asgi: ::1:62211 - ASGI [7] Send {'type': 'http.response.body', 'body': '<45 bytes>', 'more_body': True}
2026-06-17 09:23:30,825 [TRACE] uvicorn.asgi: ::1:62211 - ASGI [7] Send {'type': 'http.response.body', 'body': '<45 bytes>', 'more_body': True}
2026-06-17 09:23:45,842 [TRACE] uvicorn.asgi: ::1:62211 - ASGI [7] Send {'type': 'http.response.body', 'body': '<45 bytes>', 'more_body': True}
2026-06-17 09:24:00,857 [TRACE] uvicorn.asgi: ::1:62211 - ASGI [7] Send {'type': 'http.response.body', 'body': '<45 bytes>', 'more_body': True}
2026-06-17 09:24:15,869 [TRACE] uvicorn.asgi: ::1:62211 - ASGI [7] Send {'type': 'http.response.body', 'body': '<45 bytes>', 'more_body': True}
2026-06-17 09:24:30,886 [TRACE] uvicorn.asgi: ::1:62211 - ASGI [7] Send {'type': 'http.response.body', 'body': '<45 bytes>', 'more_body': True}
2026-06-17 09:24:45,889 [TRACE] uvicorn.asgi: ::1:62211 - ASGI [7] Send {'type': 'http.response.body', 'body': '<45 bytes>', 'more_body': True}
2026-06-17 09:25:00,890 [TRACE] uvicorn.asgi: ::1:62211 - ASGI [7] Send {'type': 'http.response.body', 'body': '<45 bytes>', 'more_body': True}
2026-06-17 09:25:15,892 [TRACE] uvicorn.asgi: ::1:62211 - ASGI [7] Send {'type': 'http.response.body', 'body': '<45 bytes>', 'more_body': True}
2026-06-17 09:25:30,908 [TRACE] uvicorn.asgi: ::1:62211 - ASGI [7] Send {'type': 'http.response.body', 'body': '<45 bytes>', 'more_body': True}
2026-06-17 09:25:45,923 [TRACE] uvicorn.asgi: ::1:62211 - ASGI [7] Send {'type': 'http.response.body', 'body': '<45 bytes>', 'more_body': True}
2026-06-17 09:26:00,929 [TRACE] uvicorn.asgi: ::1:62211 - ASGI [7] Send {'type': 'http.response.body', 'body': '<45 bytes>', 'more_body': True}
2026-06-17 09:26:15,936 [TRACE] uvicorn.asgi: ::1:62211 - ASGI [7] Send {'type': 'http.response.body', 'body': '<45 bytes>', 'more_body': True}
2026-06-17 09:26:30,946 [TRACE] uvicorn.asgi: ::1:62211 - ASGI [7] Send {'type': 'http.response.body', 'body': '<45 bytes>', 'more_body': True}
2026-06-17 09:26:45,961 [TRACE] uvicorn.asgi: ::1:62211 - ASGI [7] Send {'type': 'http.response.body', 'body': '<45 bytes>', 'more_body': True}
2026-06-17 09:27:00,977 [TRACE] uvicorn.asgi: ::1:62211 - ASGI [7] Send {'type': 'http.response.body', 'body': '<45 bytes>', 'more_body': True}
2026-06-17 09:27:15,994 [TRACE] uvicorn.asgi: ::1:62211 - ASGI [7] Send {'type': 'http.response.body', 'body': '<45 bytes>', 'more_body': True}
2026-06-17 09:27:31,007 [TRACE] uvicorn.asgi: ::1:62211 - ASGI [7] Send {'type': 'http.response.body', 'body': '<45 bytes>', 'more_body': True}
2026-06-17 09:27:46,024 [TRACE] uvicorn.asgi: ::1:62211 - ASGI [7] Send {'type': 'http.response.body', 'body': '<45 bytes>', 'more_body': True}
2026-06-17 09:28:01,030 [TRACE] uvicorn.asgi: ::1:62211 - ASGI [7] Send {'type': 'http.response.body', 'body': '<45 bytes>', 'more_body': True}
2026-06-17 09:28:16,037 [TRACE] uvicorn.asgi: ::1:62211 - ASGI [7] Send {'type': 'http.response.body', 'body': '<45 bytes>', 'more_body': True}
2026-06-17 09:28:31,044 [TRACE] uvicorn.asgi: ::1:62211 - ASGI [7] Send {'type': 'http.response.body', 'body': '<45 bytes>', 'more_body': True}
2026-06-17 09:28:46,053 [TRACE] uvicorn.asgi: ::1:62211 - ASGI [7] Send {'type': 'http.response.body', 'body': '<45 bytes>', 'more_body': True}
2026-06-17 09:29:01,060 [TRACE] uvicorn.asgi: ::1:62211 - ASGI [7] Send {'type': 'http.response.body', 'body': '<45 bytes>', 'more_body': True}
2026-06-17 09:29:16,072 [TRACE] uvicorn.asgi: ::1:62211 - ASGI [7] Send {'type': 'http.response.body', 'body': '<45 bytes>', 'more_body': True}
2026-06-17 09:29:31,082 [TRACE] uvicorn.asgi: ::1:62211 - ASGI [7] Send {'type': 'http.response.body', 'body': '<45 bytes>', 'more_body': True}
2026-06-17 09:29:46,097 [TRACE] uvicorn.asgi: ::1:62211 - ASGI [7] Send {'type': 'http.response.body', 'body': '<45 bytes>', 'more_body': True}
2026-06-17 09:30:01,109 [TRACE] uvicorn.asgi: ::1:62211 - ASGI [7] Send {'type': 'http.response.body', 'body': '<45 bytes>', 'more_body': True}
2026-06-17 09:30:16,115 [TRACE] uvicorn.asgi: ::1:62211 - ASGI [7] Send {'type': 'http.response.body', 'body': '<45 bytes>', 'more_body': True}
2026-06-17 09:30:31,121 [TRACE] uvicorn.asgi: ::1:62211 - ASGI [7] Send {'type': 'http.response.body', 'body': '<45 bytes>', 'more_body': True}
2026-06-17 09:30:46,127 [TRACE] uvicorn.asgi: ::1:62211 - ASGI [7] Send {'type': 'http.response.body', 'body': '<45 bytes>', 'more_body': True}
2026-06-17 09:31:01,128 [TRACE] uvicorn.asgi: ::1:62211 - ASGI [7] Send {'type': 'http.response.body', 'body': '<45 bytes>', 'more_body': True}
2026-06-17 09:31:16,142 [TRACE] uvicorn.asgi: ::1:62211 - ASGI [7] Send {'type': 'http.response.body', 'body': '<45 bytes>', 'more_body': True}
2026-06-17 09:31:31,154 [TRACE] uvicorn.asgi: ::1:62211 - ASGI [7] Send {'type': 'http.response.body', 'body': '<45 bytes>', 'more_body': True}
2026-06-17 09:31:46,161 [TRACE] uvicorn.asgi: ::1:62211 - ASGI [7] Send {'type': 'http.response.body', 'body': '<45 bytes>', 'more_body': True}
2026-06-17 09:32:01,171 [TRACE] uvicorn.asgi: ::1:62211 - ASGI [7] Send {'type': 'http.response.body', 'body': '<45 bytes>', 'more_body': True}
2026-06-17 09:32:16,187 [TRACE] uvicorn.asgi: ::1:62211 - ASGI [7] Send {'type': 'http.response.body', 'body': '<45 bytes>', 'more_body': True}
2026-06-17 09:32:31,190 [TRACE] uvicorn.asgi: ::1:62211 - ASGI [7] Send {'type': 'http.response.body', 'body': '<45 bytes>', 'more_body': True}
2026-06-17 09:32:46,192 [TRACE] uvicorn.asgi: ::1:62211 - ASGI [7] Send {'type': 'http.response.body', 'body': '<45 bytes>', 'more_body': True}
2026-06-17 09:33:01,203 [TRACE] uvicorn.asgi: ::1:62211 - ASGI [7] Send {'type': 'http.response.body', 'body': '<45 bytes>', 'more_body': True}
2026-06-17 09:33:16,212 [TRACE] uvicorn.asgi: ::1:62211 - ASGI [7] Send {'type': 'http.response.body', 'body': '<45 bytes>', 'more_body': True}
2026-06-17 09:33:31,228 [TRACE] uvicorn.asgi: ::1:62211 - ASGI [7] Send {'type': 'http.response.body', 'body': '<45 bytes>', 'more_body': True}
2026-06-17 09:33:46,244 [TRACE] uvicorn.asgi: ::1:62211 - ASGI [7] Send {'type': 'http.response.body', 'body': '<45 bytes>', 'more_body': True}
2026-06-17 09:34:01,250 [TRACE] uvicorn.asgi: ::1:62211 - ASGI [7] Send {'type': 'http.response.body', 'body': '<45 bytes>', 'more_body': True}
2026-06-17 09:34:16,264 [TRACE] uvicorn.asgi: ::1:62211 - ASGI [7] Send {'type': 'http.response.body', 'body': '<45 bytes>', 'more_body': True}
2026-06-17 09:34:31,272 [TRACE] uvicorn.asgi: ::1:62211 - ASGI [7] Send {'type': 'http.response.body', 'body': '<45 bytes>', 'more_body': True}
2026-06-17 09:34:46,288 [TRACE] uvicorn.asgi: ::1:62211 - ASGI [7] Send {'type': 'http.response.body', 'body': '<45 bytes>', 'more_body': True}
2026-06-17 09:35:01,290 [TRACE] uvicorn.asgi: ::1:62211 - ASGI [7] Send {'type': 'http.response.body', 'body': '<45 bytes>', 'more_body': True}
2026-06-17 09:35:16,299 [TRACE] uvicorn.asgi: ::1:62211 - ASGI [7] Send {'type': 'http.response.body', 'body': '<45 bytes>', 'more_body': True}
2026-06-17 09:35:31,308 [TRACE] uvicorn.asgi: ::1:62211 - ASGI [7] Send {'type': 'http.response.body', 'body': '<45 bytes>', 'more_body': True}
2026-06-17 09:35:46,318 [TRACE] uvicorn.asgi: ::1:62211 - ASGI [7] Send {'type': 'http.response.body', 'body': '<45 bytes>', 'more_body': True}
2026-06-17 09:36:01,323 [TRACE] uvicorn.asgi: ::1:62211 - ASGI [7] Send {'type': 'http.response.body', 'body': '<45 bytes>', 'more_body': True}
2026-06-17 09:36:16,334 [TRACE] uvicorn.asgi: ::1:62211 - ASGI [7] Send {'type': 'http.response.body', 'body': '<45 bytes>', 'more_body': True}
2026-06-17 09:36:31,347 [TRACE] uvicorn.asgi: ::1:62211 - ASGI [7] Send {'type': 'http.response.body', 'body': '<45 bytes>', 'more_body': True}
2026-06-17 09:36:46,361 [TRACE] uvicorn.asgi: ::1:62211 - ASGI [7] Send {'type': 'http.response.body', 'body': '<45 bytes>', 'more_body': True}
2026-06-17 09:37:01,366 [TRACE] uvicorn.asgi: ::1:62211 - ASGI [7] Send {'type': 'http.response.body', 'body': '<45 bytes>', 'more_body': True}
2026-06-17 09:37:16,379 [TRACE] uvicorn.asgi: ::1:62211 - ASGI [7] Send {'type': 'http.response.body', 'body': '<45 bytes>', 'more_body': True}
2026-06-17 09:37:31,381 [TRACE] uvicorn.asgi: ::1:62211 - ASGI [7] Send {'type': 'http.response.body', 'body': '<45 bytes>', 'more_body': True}
2026-06-17 09:37:46,388 [TRACE] uvicorn.asgi: ::1:62211 - ASGI [7] Send {'type': 'http.response.body', 'body': '<45 bytes>', 'more_body': True}
2026-06-17 09:38:01,397 [TRACE] uvicorn.asgi: ::1:62211 - ASGI [7] Send {'type': 'http.response.body', 'body': '<45 bytes>', 'more_body': True}
2026-06-17 09:38:16,412 [TRACE] uvicorn.asgi: ::1:62211 - ASGI [7] Send {'type': 'http.response.body', 'body': '<45 bytes>', 'more_body': True}
2026-06-17 09:38:31,421 [TRACE] uvicorn.asgi: ::1:62211 - ASGI [7] Send {'type': 'http.response.body', 'body': '<45 bytes>', 'more_body': True}
2026-06-17 09:38:46,432 [TRACE] uvicorn.asgi: ::1:62211 - ASGI [7] Send {'type': 'http.response.body', 'body': '<45 bytes>', 'more_body': True}
2026-06-17 09:39:01,440 [TRACE] uvicorn.asgi: ::1:62211 - ASGI [7] Send {'type': 'http.response.body', 'body': '<45 bytes>', 'more_body': True}
2026-06-17 09:39:16,442 [TRACE] uvicorn.asgi: ::1:62211 - ASGI [7] Send {'type': 'http.response.body', 'body': '<45 bytes>', 'more_body': True}
2026-06-17 09:39:31,458 [TRACE] uvicorn.asgi: ::1:62211 - ASGI [7] Send {'type': 'http.response.body', 'body': '<45 bytes>', 'more_body': True}
2026-06-17 09:39:46,466 [TRACE] uvicorn.asgi: ::1:62211 - ASGI [7] Send {'type': 'http.response.body', 'body': '<45 bytes>', 'more_body': True}
2026-06-17 09:40:01,468 [TRACE] uvicorn.asgi: ::1:62211 - ASGI [7] Send {'type': 'http.response.body', 'body': '<45 bytes>', 'more_body': True}
2026-06-17 09:40:16,484 [TRACE] uvicorn.asgi: ::1:62211 - ASGI [7] Send {'type': 'http.response.body', 'body': '<45 bytes>', 'more_body': True}
2026-06-17 09:40:31,499 [TRACE] uvicorn.asgi: ::1:62211 - ASGI [7] Send {'type': 'http.response.body', 'body': '<45 bytes>', 'more_body': True}
2026-06-17 09:40:46,516 [TRACE] uvicorn.asgi: ::1:62211 - ASGI [7] Send {'type': 'http.response.body', 'body': '<45 bytes>', 'more_body': True}
2026-06-17 09:41:01,527 [TRACE] uvicorn.asgi: ::1:62211 - ASGI [7] Send {'type': 'http.response.body', 'body': '<45 bytes>', 'more_body': True}
2026-06-17 09:41:16,530 [TRACE] uvicorn.asgi: ::1:62211 - ASGI [7] Send {'type': 'http.response.body', 'body': '<45 bytes>', 'more_body': True}
2026-06-17 09:41:31,540 [TRACE] uvicorn.asgi: ::1:62211 - ASGI [7] Send {'type': 'http.response.body', 'body': '<45 bytes>', 'more_body': True}
2026-06-17 09:41:46,545 [TRACE] uvicorn.asgi: ::1:62211 - ASGI [7] Send {'type': 'http.response.body', 'body': '<45 bytes>', 'more_body': True}
2026-06-17 09:42:01,560 [TRACE] uvicorn.asgi: ::1:62211 - ASGI [7] Send {'type': 'http.response.body', 'body': '<45 bytes>', 'more_body': True}
2026-06-17 09:42:16,571 [TRACE] uvicorn.asgi: ::1:62211 - ASGI [7] Send {'type': 'http.response.body', 'body': '<45 bytes>', 'more_body': True}
2026-06-17 09:42:31,582 [TRACE] uvicorn.asgi: ::1:62211 - ASGI [7] Send {'type': 'http.response.body', 'body': '<45 bytes>', 'more_body': True}
2026-06-17 09:42:46,598 [TRACE] uvicorn.asgi: ::1:62211 - ASGI [7] Send {'type': 'http.response.body', 'body': '<45 bytes>', 'more_body': True}
2026-06-17 09:43:01,611 [TRACE] uvicorn.asgi: ::1:62211 - ASGI [7] Send {'type': 'http.response.body', 'body': '<45 bytes>', 'more_body': True}
2026-06-17 09:43:16,625 [TRACE] uvicorn.asgi: ::1:62211 - ASGI [7] Send {'type': 'http.response.body', 'body': '<45 bytes>', 'more_body': True}
2026-06-17 09:43:31,634 [TRACE] uvicorn.asgi: ::1:62211 - ASGI [7] Send {'type': 'http.response.body', 'body': '<45 bytes>', 'more_body': True}
2026-06-17 09:43:46,636 [TRACE] uvicorn.asgi: ::1:62211 - ASGI [7] Send {'type': 'http.response.body', 'body': '<45 bytes>', 'more_body': True}
2026-06-17 09:44:01,644 [TRACE] uvicorn.asgi: ::1:62211 - ASGI [7] Send {'type': 'http.response.body', 'body': '<45 bytes>', 'more_body': True}
2026-06-17 09:44:16,659 [TRACE] uvicorn.asgi: ::1:62211 - ASGI [7] Send {'type': 'http.response.body', 'body': '<45 bytes>', 'more_body': True}
2026-06-17 09:44:31,660 [TRACE] uvicorn.asgi: ::1:62211 - ASGI [7] Send {'type': 'http.response.body', 'body': '<45 bytes>', 'more_body': True}
2026-06-17 09:44:46,674 [TRACE] uvicorn.asgi: ::1:62211 - ASGI [7] Send {'type': 'http.response.body', 'body': '<45 bytes>', 'more_body': True}
2026-06-17 09:45:01,683 [TRACE] uvicorn.asgi: ::1:62211 - ASGI [7] Send {'type': 'http.response.body', 'body': '<45 bytes>', 'more_body': True}
2026-06-17 09:45:16,699 [TRACE] uvicorn.asgi: ::1:62211 - ASGI [7] Send {'type': 'http.response.body', 'body': '<45 bytes>', 'more_body': True}
2026-06-17 09:45:31,706 [TRACE] uvicorn.asgi: ::1:62211 - ASGI [7] Send {'type': 'http.response.body', 'body': '<45 bytes>', 'more_body': True}
2026-06-17 09:45:46,722 [TRACE] uvicorn.asgi: ::1:62211 - ASGI [7] Send {'type': 'http.response.body', 'body': '<45 bytes>', 'more_body': True}
2026-06-17 09:46:01,738 [TRACE] uvicorn.asgi: ::1:62211 - ASGI [7] Send {'type': 'http.response.body', 'body': '<45 bytes>', 'more_body': True}
2026-06-17 09:46:16,746 [TRACE] uvicorn.asgi: ::1:62211 - ASGI [7] Send {'type': 'http.response.body', 'body': '<45 bytes>', 'more_body': True}
2026-06-17 09:46:31,752 [TRACE] uvicorn.asgi: ::1:62211 - ASGI [7] Send {'type': 'http.response.body', 'body': '<45 bytes>', 'more_body': True}
2026-06-17 09:46:46,765 [TRACE] uvicorn.asgi: ::1:62211 - ASGI [7] Send {'type': 'http.response.body', 'body': '<45 bytes>', 'more_body': True}
2026-06-17 09:47:01,782 [TRACE] uvicorn.asgi: ::1:62211 - ASGI [7] Send {'type': 'http.response.body', 'body': '<45 bytes>', 'more_body': True}
2026-06-17 09:47:16,789 [TRACE] uvicorn.asgi: ::1:62211 - ASGI [7] Send {'type': 'http.response.body', 'body': '<45 bytes>', 'more_body': True}
2026-06-17 09:47:31,798 [TRACE] uvicorn.asgi: ::1:62211 - ASGI [7] Send {'type': 'http.response.body', 'body': '<45 bytes>', 'more_body': True}
2026-06-17 09:47:46,815 [TRACE] uvicorn.asgi: ::1:62211 - ASGI [7] Send {'type': 'http.response.body', 'body': '<45 bytes>', 'more_body': True}
2026-06-17 09:48:01,819 [TRACE] uvicorn.asgi: ::1:62211 - ASGI [7] Send {'type': 'http.response.body', 'body': '<45 bytes>', 'more_body': True}
2026-06-17 09:48:16,832 [TRACE] uvicorn.asgi: ::1:62211 - ASGI [7] Send {'type': 'http.response.body', 'body': '<45 bytes>', 'more_body': True}
2026-06-17 09:48:31,848 [TRACE] uvicorn.asgi: ::1:62211 - ASGI [7] Send {'type': 'http.response.body', 'body': '<45 bytes>', 'more_body': True}
2026-06-17 09:48:46,854 [TRACE] uvicorn.asgi: ::1:62211 - ASGI [7] Send {'type': 'http.response.body', 'body': '<45 bytes>', 'more_body': True}
2026-06-17 09:49:01,867 [TRACE] uvicorn.asgi: ::1:62211 - ASGI [7] Send {'type': 'http.response.body', 'body': '<45 bytes>', 'more_body': True}
2026-06-17 09:49:16,882 [TRACE] uvicorn.asgi: ::1:62211 - ASGI [7] Send {'type': 'http.response.body', 'body': '<45 bytes>', 'more_body': True}
2026-06-17 09:49:31,898 [TRACE] uvicorn.asgi: ::1:62211 - ASGI [7] Send {'type': 'http.response.body', 'body': '<45 bytes>', 'more_body': True}
2026-06-17 09:49:46,906 [TRACE] uvicorn.asgi: ::1:62211 - ASGI [7] Send {'type': 'http.response.body', 'body': '<45 bytes>', 'more_body': True}
2026-06-17 09:50:01,921 [TRACE] uvicorn.asgi: ::1:62211 - ASGI [7] Send {'type': 'http.response.body', 'body': '<45 bytes>', 'more_body': True}
2026-06-17 09:50:16,931 [TRACE] uvicorn.asgi: ::1:62211 - ASGI [7] Send {'type': 'http.response.body', 'body': '<45 bytes>', 'more_body': True}
2026-06-17 09:50:31,933 [TRACE] uvicorn.asgi: ::1:62211 - ASGI [7] Send {'type': 'http.response.body', 'body': '<45 bytes>', 'more_body': True}
2026-06-17 09:50:46,947 [TRACE] uvicorn.asgi: ::1:62211 - ASGI [7] Send {'type': 'http.response.body', 'body': '<45 bytes>', 'more_body': True}
2026-06-17 09:51:01,954 [TRACE] uvicorn.asgi: ::1:62211 - ASGI [7] Send {'type': 'http.response.body', 'body': '<45 bytes>', 'more_body': True}
2026-06-17 09:51:16,956 [TRACE] uvicorn.asgi: ::1:62211 - ASGI [7] Send {'type': 'http.response.body', 'body': '<45 bytes>', 'more_body': True}
2026-06-17 09:51:31,967 [TRACE] uvicorn.asgi: ::1:62211 - ASGI [7] Send {'type': 'http.response.body', 'body': '<45 bytes>', 'more_body': True}
2026-06-17 09:51:46,974 [TRACE] uvicorn.asgi: ::1:62211 - ASGI [7] Send {'type': 'http.response.body', 'body': '<45 bytes>', 'more_body': True}
2026-06-17 09:52:01,988 [TRACE] uvicorn.asgi: ::1:62211 - ASGI [7] Send {'type': 'http.response.body', 'body': '<45 bytes>', 'more_body': True}
2026-06-17 09:52:16,991 [TRACE] uvicorn.asgi: ::1:62211 - ASGI [7] Send {'type': 'http.response.body', 'body': '<45 bytes>', 'more_body': True}
2026-06-17 09:52:32,005 [TRACE] uvicorn.asgi: ::1:62211 - ASGI [7] Send {'type': 'http.response.body', 'body': '<45 bytes>', 'more_body': True}
2026-06-17 09:52:47,016 [TRACE] uvicorn.asgi: ::1:62211 - ASGI [7] Send {'type': 'http.response.body', 'body': '<45 bytes>', 'more_body': True}
2026-06-17 09:53:02,031 [TRACE] uvicorn.asgi: ::1:62211 - ASGI [7] Send {'type': 'http.response.body', 'body': '<45 bytes>', 'more_body': True}
2026-06-17 09:53:17,046 [TRACE] uvicorn.asgi: ::1:62211 - ASGI [7] Send {'type': 'http.response.body', 'body': '<45 bytes>', 'more_body': True}
2026-06-17 09:53:32,056 [TRACE] uvicorn.asgi: ::1:62211 - ASGI [7] Send {'type': 'http.response.body', 'body': '<45 bytes>', 'more_body': True}
2026-06-17 09:53:47,069 [TRACE] uvicorn.asgi: ::1:62211 - ASGI [7] Send {'type': 'http.response.body', 'body': '<45 bytes>', 'more_body': True}
2026-06-17 09:54:02,075 [TRACE] uvicorn.asgi: ::1:62211 - ASGI [7] Send {'type': 'http.response.body', 'body': '<45 bytes>', 'more_body': True}
2026-06-17 09:54:17,082 [TRACE] uvicorn.asgi: ::1:62211 - ASGI [7] Send {'type': 'http.response.body', 'body': '<45 bytes>', 'more_body': True}
2026-06-17 09:54:32,085 [TRACE] uvicorn.asgi: ::1:62211 - ASGI [7] Send {'type': 'http.response.body', 'body': '<45 bytes>', 'more_body': True}
2026-06-17 09:54:47,097 [TRACE] uvicorn.asgi: ::1:62211 - ASGI [7] Send {'type': 'http.response.body', 'body': '<45 bytes>', 'more_body': True}
2026-06-17 09:55:02,113 [TRACE] uvicorn.asgi: ::1:62211 - ASGI [7] Send {'type': 'http.response.body', 'body': '<45 bytes>', 'more_body': True}
2026-06-17 09:55:17,130 [TRACE] uvicorn.asgi: ::1:62211 - ASGI [7] Send {'type': 'http.response.body', 'body': '<45 bytes>', 'more_body': True}
2026-06-17 09:55:32,146 [TRACE] uvicorn.asgi: ::1:62211 - ASGI [7] Send {'type': 'http.response.body', 'body': '<45 bytes>', 'more_body': True}
2026-06-17 09:55:47,162 [TRACE] uvicorn.asgi: ::1:62211 - ASGI [7] Send {'type': 'http.response.body', 'body': '<45 bytes>', 'more_body': True}
2026-06-17 09:56:02,176 [TRACE] uvicorn.asgi: ::1:62211 - ASGI [7] Send {'type': 'http.response.body', 'body': '<45 bytes>', 'more_body': True}
2026-06-17 09:56:17,177 [TRACE] uvicorn.asgi: ::1:62211 - ASGI [7] Send {'type': 'http.response.body', 'body': '<45 bytes>', 'more_body': True}
2026-06-17 09:56:32,182 [TRACE] uvicorn.asgi: ::1:62211 - ASGI [7] Send {'type': 'http.response.body', 'body': '<45 bytes>', 'more_body': True}
2026-06-17 09:56:47,198 [TRACE] uvicorn.asgi: ::1:62211 - ASGI [7] Send {'type': 'http.response.body', 'body': '<45 bytes>', 'more_body': True}
2026-06-17 09:57:02,202 [TRACE] uvicorn.asgi: ::1:62211 - ASGI [7] Send {'type': 'http.response.body', 'body': '<45 bytes>', 'more_body': True}
2026-06-17 10:04:46,556 [TRACE] uvicorn.asgi: ::1:62211 - ASGI [7] Send {'type': 'http.response.body', 'body': '<45 bytes>', 'more_body': True}
2026-06-17 10:05:01,568 [TRACE] uvicorn.asgi: ::1:62211 - ASGI [7] Send {'type': 'http.response.body', 'body': '<45 bytes>', 'more_body': True}
2026-06-17 10:05:16,571 [TRACE] uvicorn.asgi: ::1:62211 - ASGI [7] Send {'type': 'http.response.body', 'body': '<45 bytes>', 'more_body': True}
2026-06-17 10:05:31,578 [TRACE] uvicorn.asgi: ::1:62211 - ASGI [7] Send {'type': 'http.response.body', 'body': '<45 bytes>', 'more_body': True}
2026-06-17 10:05:46,590 [TRACE] uvicorn.asgi: ::1:62211 - ASGI [7] Send {'type': 'http.response.body', 'body': '<45 bytes>', 'more_body': True}
2026-06-17 10:06:01,597 [TRACE] uvicorn.asgi: ::1:62211 - ASGI [7] Send {'type': 'http.response.body', 'body': '<45 bytes>', 'more_body': True}
2026-06-17 10:06:16,609 [TRACE] uvicorn.asgi: ::1:62211 - ASGI [7] Send {'type': 'http.response.body', 'body': '<45 bytes>', 'more_body': True}
2026-06-17 10:06:31,622 [TRACE] uvicorn.asgi: ::1:62211 - ASGI [7] Send {'type': 'http.response.body', 'body': '<45 bytes>', 'more_body': True}
2026-06-17 10:06:46,630 [TRACE] uvicorn.asgi: ::1:62211 - ASGI [7] Send {'type': 'http.response.body', 'body': '<45 bytes>', 'more_body': True}
2026-06-17 10:07:01,642 [TRACE] uvicorn.asgi: ::1:62211 - ASGI [7] Send {'type': 'http.response.body', 'body': '<45 bytes>', 'more_body': True}
2026-06-17 10:07:16,645 [TRACE] uvicorn.asgi: ::1:62211 - ASGI [7] Send {'type': 'http.response.body', 'body': '<45 bytes>', 'more_body': True}
2026-06-17 10:07:31,653 [TRACE] uvicorn.asgi: ::1:62211 - ASGI [7] Send {'type': 'http.response.body', 'body': '<45 bytes>', 'more_body': True}
2026-06-17 10:07:46,660 [TRACE] uvicorn.asgi: ::1:62211 - ASGI [7] Send {'type': 'http.response.body', 'body': '<45 bytes>', 'more_body': True}
2026-06-17 10:08:01,674 [TRACE] uvicorn.asgi: ::1:62211 - ASGI [7] Send {'type': 'http.response.body', 'body': '<45 bytes>', 'more_body': True}
2026-06-17 10:08:16,678 [TRACE] uvicorn.asgi: ::1:62211 - ASGI [7] Send {'type': 'http.response.body', 'body': '<45 bytes>', 'more_body': True}
2026-06-17 10:08:31,690 [TRACE] uvicorn.asgi: ::1:62211 - ASGI [7] Send {'type': 'http.response.body', 'body': '<45 bytes>', 'more_body': True}
2026-06-17 10:08:46,694 [TRACE] uvicorn.asgi: ::1:62211 - ASGI [7] Send {'type': 'http.response.body', 'body': '<45 bytes>', 'more_body': True}
2026-06-17 10:09:01,706 [TRACE] uvicorn.asgi: ::1:62211 - ASGI [7] Send {'type': 'http.response.body', 'body': '<45 bytes>', 'more_body': True}
2026-06-17 10:09:16,722 [TRACE] uvicorn.asgi: ::1:62211 - ASGI [7] Send {'type': 'http.response.body', 'body': '<45 bytes>', 'more_body': True}
2026-06-17 10:09:31,730 [TRACE] uvicorn.asgi: ::1:62211 - ASGI [7] Send {'type': 'http.response.body', 'body': '<45 bytes>', 'more_body': True}
2026-06-17 10:09:46,737 [TRACE] uvicorn.asgi: ::1:62211 - ASGI [7] Send {'type': 'http.response.body', 'body': '<45 bytes>', 'more_body': True}
2026-06-17 10:10:01,752 [TRACE] uvicorn.asgi: ::1:62211 - ASGI [7] Send {'type': 'http.response.body', 'body': '<45 bytes>', 'more_body': True}
2026-06-17 10:10:16,764 [TRACE] uvicorn.asgi: ::1:62211 - ASGI [7] Send {'type': 'http.response.body', 'body': '<45 bytes>', 'more_body': True}
2026-06-17 10:10:31,767 [TRACE] uvicorn.asgi: ::1:62211 - ASGI [7] Send {'type': 'http.response.body', 'body': '<45 bytes>', 'more_body': True}
2026-06-17 10:10:46,777 [TRACE] uvicorn.asgi: ::1:62211 - ASGI [7] Send {'type': 'http.response.body', 'body': '<45 bytes>', 'more_body': True}
2026-06-17 10:11:01,781 [TRACE] uvicorn.asgi: ::1:62211 - ASGI [7] Send {'type': 'http.response.body', 'body': '<45 bytes>', 'more_body': True}
2026-06-17 10:11:16,785 [TRACE] uvicorn.asgi: ::1:62211 - ASGI [7] Send {'type': 'http.response.body', 'body': '<45 bytes>', 'more_body': True}
2026-06-17 10:11:31,793 [TRACE] uvicorn.asgi: ::1:62211 - ASGI [7] Send {'type': 'http.response.body', 'body': '<45 bytes>', 'more_body': True}
2026-06-17 10:11:46,795 [TRACE] uvicorn.asgi: ::1:62211 - ASGI [7] Send {'type': 'http.response.body', 'body': '<45 bytes>', 'more_body': True}
2026-06-17 10:12:01,812 [TRACE] uvicorn.asgi: ::1:62211 - ASGI [7] Send {'type': 'http.response.body', 'body': '<45 bytes>', 'more_body': True}
2026-06-17 10:12:16,825 [TRACE] uvicorn.asgi: ::1:62211 - ASGI [7] Send {'type': 'http.response.body', 'body': '<45 bytes>', 'more_body': True}
2026-06-17 10:12:31,828 [TRACE] uvicorn.asgi: ::1:62211 - ASGI [7] Send {'type': 'http.response.body', 'body': '<45 bytes>', 'more_body': True}
2026-06-17 10:12:46,829 [TRACE] uvicorn.asgi: ::1:62211 - ASGI [7] Send {'type': 'http.response.body', 'body': '<45 bytes>', 'more_body': True}
2026-06-17 10:13:01,841 [TRACE] uvicorn.asgi: ::1:62211 - ASGI [7] Send {'type': 'http.response.body', 'body': '<45 bytes>', 'more_body': True}
2026-06-17 10:13:16,848 [TRACE] uvicorn.asgi: ::1:62211 - ASGI [7] Send {'type': 'http.response.body', 'body': '<45 bytes>', 'more_body': True}
2026-06-17 10:13:31,850 [TRACE] uvicorn.asgi: ::1:62211 - ASGI [7] Send {'type': 'http.response.body', 'body': '<45 bytes>', 'more_body': True}
2026-06-17 10:13:46,862 [TRACE] uvicorn.asgi: ::1:62211 - ASGI [7] Send {'type': 'http.response.body', 'body': '<45 bytes>', 'more_body': True}
2026-06-17 10:14:01,864 [TRACE] uvicorn.asgi: ::1:62211 - ASGI [7] Send {'type': 'http.response.body', 'body': '<45 bytes>', 'more_body': True}
2026-06-17 10:20:05,688 [TRACE] uvicorn.asgi: ::1:62211 - ASGI [7] Send {'type': 'http.response.body', 'body': '<45 bytes>', 'more_body': True}
2026-06-17 10:20:20,700 [TRACE] uvicorn.asgi: ::1:62211 - ASGI [7] Send {'type': 'http.response.body', 'body': '<45 bytes>', 'more_body': True}
2026-06-17 10:20:35,715 [TRACE] uvicorn.asgi: ::1:62211 - ASGI [7] Send {'type': 'http.response.body', 'body': '<45 bytes>', 'more_body': True}
2026-06-17 10:20:50,725 [TRACE] uvicorn.asgi: ::1:62211 - ASGI [7] Send {'type': 'http.response.body', 'body': '<45 bytes>', 'more_body': True}
2026-06-17 10:21:05,738 [TRACE] uvicorn.asgi: ::1:62211 - ASGI [7] Send {'type': 'http.response.body', 'body': '<45 bytes>', 'more_body': True}
2026-06-17 10:21:20,746 [TRACE] uvicorn.asgi: ::1:62211 - ASGI [7] Send {'type': 'http.response.body', 'body': '<45 bytes>', 'more_body': True}
2026-06-17 10:21:35,761 [TRACE] uvicorn.asgi: ::1:62211 - ASGI [7] Send {'type': 'http.response.body', 'body': '<45 bytes>', 'more_body': True}
2026-06-17 10:21:50,775 [TRACE] uvicorn.asgi: ::1:62211 - ASGI [7] Send {'type': 'http.response.body', 'body': '<45 bytes>', 'more_body': True}
2026-06-17 10:22:05,791 [TRACE] uvicorn.asgi: ::1:62211 - ASGI [7] Send {'type': 'http.response.body', 'body': '<45 bytes>', 'more_body': True}
2026-06-17 10:22:20,806 [TRACE] uvicorn.asgi: ::1:62211 - ASGI [7] Send {'type': 'http.response.body', 'body': '<45 bytes>', 'more_body': True}
2026-06-17 10:22:35,813 [TRACE] uvicorn.asgi: ::1:62211 - ASGI [7] Send {'type': 'http.response.body', 'body': '<45 bytes>', 'more_body': True}
2026-06-17 10:22:50,818 [TRACE] uvicorn.asgi: ::1:62211 - ASGI [7] Send {'type': 'http.response.body', 'body': '<45 bytes>', 'more_body': True}
2026-06-17 10:23:05,833 [TRACE] uvicorn.asgi: ::1:62211 - ASGI [7] Send {'type': 'http.response.body', 'body': '<45 bytes>', 'more_body': True}
2026-06-17 10:23:20,845 [TRACE] uvicorn.asgi: ::1:62211 - ASGI [7] Send {'type': 'http.response.body', 'body': '<45 bytes>', 'more_body': True}
2026-06-17 10:23:35,855 [TRACE] uvicorn.asgi: ::1:62211 - ASGI [7] Send {'type': 'http.response.body', 'body': '<45 bytes>', 'more_body': True}
2026-06-17 10:23:50,856 [TRACE] uvicorn.asgi: ::1:62211 - ASGI [7] Send {'type': 'http.response.body', 'body': '<45 bytes>', 'more_body': True}
2026-06-17 10:24:05,872 [TRACE] uvicorn.asgi: ::1:62211 - ASGI [7] Send {'type': 'http.response.body', 'body': '<45 bytes>', 'more_body': True}
2026-06-17 10:24:20,888 [TRACE] uvicorn.asgi: ::1:62211 - ASGI [7] Send {'type': 'http.response.body', 'body': '<45 bytes>', 'more_body': True}
2026-06-17 10:24:35,900 [TRACE] uvicorn.asgi: ::1:62211 - ASGI [7] Send {'type': 'http.response.body', 'body': '<45 bytes>', 'more_body': True}
2026-06-17 10:24:50,909 [TRACE] uvicorn.asgi: ::1:62211 - ASGI [7] Send {'type': 'http.response.body', 'body': '<45 bytes>', 'more_body': True}
2026-06-17 10:25:05,917 [TRACE] uvicorn.asgi: ::1:62211 - ASGI [7] Send {'type': 'http.response.body', 'body': '<45 bytes>', 'more_body': True}
2026-06-17 10:25:20,921 [TRACE] uvicorn.asgi: ::1:62211 - ASGI [7] Send {'type': 'http.response.body', 'body': '<45 bytes>', 'more_body': True}
2026-06-17 10:25:35,933 [TRACE] uvicorn.asgi: ::1:62211 - ASGI [7] Send {'type': 'http.response.body', 'body': '<45 bytes>', 'more_body': True}
2026-06-17 10:25:50,942 [TRACE] uvicorn.asgi: ::1:62211 - ASGI [7] Send {'type': 'http.response.body', 'body': '<45 bytes>', 'more_body': True}
2026-06-17 10:26:05,943 [TRACE] uvicorn.asgi: ::1:62211 - ASGI [7] Send {'type': 'http.response.body', 'body': '<45 bytes>', 'more_body': True}
2026-06-17 10:26:20,959 [TRACE] uvicorn.asgi: ::1:62211 - ASGI [7] Send {'type': 'http.response.body', 'body': '<45 bytes>', 'more_body': True}
2026-06-17 10:26:35,960 [TRACE] uvicorn.asgi: ::1:62211 - ASGI [7] Send {'type': 'http.response.body', 'body': '<45 bytes>', 'more_body': True}
2026-06-17 10:26:50,962 [TRACE] uvicorn.asgi: ::1:62211 - ASGI [7] Send {'type': 'http.response.body', 'body': '<45 bytes>', 'more_body': True}
2026-06-17 10:27:05,974 [TRACE] uvicorn.asgi: ::1:62211 - ASGI [7] Send {'type': 'http.response.body', 'body': '<45 bytes>', 'more_body': True}
2026-06-17 10:27:20,990 [TRACE] uvicorn.asgi: ::1:62211 - ASGI [7] Send {'type': 'http.response.body', 'body': '<45 bytes>', 'more_body': True}
2026-06-17 10:27:35,994 [TRACE] uvicorn.asgi: ::1:62211 - ASGI [7] Send {'type': 'http.response.body', 'body': '<45 bytes>', 'more_body': True}
2026-06-17 10:27:51,003 [TRACE] uvicorn.asgi: ::1:62211 - ASGI [7] Send {'type': 'http.response.body', 'body': '<45 bytes>', 'more_body': True}
2026-06-17 10:28:06,004 [TRACE] uvicorn.asgi: ::1:62211 - ASGI [7] Send {'type': 'http.response.body', 'body': '<45 bytes>', 'more_body': True}
2026-06-17 10:28:21,015 [TRACE] uvicorn.asgi: ::1:62211 - ASGI [7] Send {'type': 'http.response.body', 'body': '<45 bytes>', 'more_body': True}
2026-06-17 10:28:36,029 [TRACE] uvicorn.asgi: ::1:62211 - ASGI [7] Send {'type': 'http.response.body', 'body': '<45 bytes>', 'more_body': True}
2026-06-17 10:28:51,037 [TRACE] uvicorn.asgi: ::1:62211 - ASGI [7] Send {'type': 'http.response.body', 'body': '<45 bytes>', 'more_body': True}
2026-06-17 10:29:06,040 [TRACE] uvicorn.asgi: ::1:62211 - ASGI [7] Send {'type': 'http.response.body', 'body': '<45 bytes>', 'more_body': True}
2026-06-17 10:29:21,055 [TRACE] uvicorn.asgi: ::1:62211 - ASGI [7] Send {'type': 'http.response.body', 'body': '<45 bytes>', 'more_body': True}
2026-06-17 10:29:36,058 [TRACE] uvicorn.asgi: ::1:62211 - ASGI [7] Send {'type': 'http.response.body', 'body': '<45 bytes>', 'more_body': True}
2026-06-17 10:29:51,067 [TRACE] uvicorn.asgi: ::1:62211 - ASGI [7] Send {'type': 'http.response.body', 'body': '<45 bytes>', 'more_body': True}
2026-06-17 10:30:06,078 [TRACE] uvicorn.asgi: ::1:62211 - ASGI [7] Send {'type': 'http.response.body', 'body': '<45 bytes>', 'more_body': True}
2026-06-17 10:30:21,082 [TRACE] uvicorn.asgi: ::1:62211 - ASGI [7] Send {'type': 'http.response.body', 'body': '<45 bytes>', 'more_body': True}
2026-06-17 10:30:36,087 [TRACE] uvicorn.asgi: ::1:62211 - ASGI [7] Send {'type': 'http.response.body', 'body': '<45 bytes>', 'more_body': True}
2026-06-17 10:30:51,090 [TRACE] uvicorn.asgi: ::1:62211 - ASGI [7] Send {'type': 'http.response.body', 'body': '<45 bytes>', 'more_body': True}
2026-06-17 10:31:06,107 [TRACE] uvicorn.asgi: ::1:62211 - ASGI [7] Send {'type': 'http.response.body', 'body': '<45 bytes>', 'more_body': True}
2026-06-17 10:31:21,118 [TRACE] uvicorn.asgi: ::1:62211 - ASGI [7] Send {'type': 'http.response.body', 'body': '<45 bytes>', 'more_body': True}
2026-06-17 10:31:36,122 [TRACE] uvicorn.asgi: ::1:62211 - ASGI [7] Send {'type': 'http.response.body', 'body': '<45 bytes>', 'more_body': True}
2026-06-17 10:31:51,124 [TRACE] uvicorn.asgi: ::1:62211 - ASGI [7] Send {'type': 'http.response.body', 'body': '<45 bytes>', 'more_body': True}
2026-06-17 10:32:06,127 [TRACE] uvicorn.asgi: ::1:62211 - ASGI [7] Send {'type': 'http.response.body', 'body': '<45 bytes>', 'more_body': True}
2026-06-17 10:32:21,140 [TRACE] uvicorn.asgi: ::1:62211 - ASGI [7] Send {'type': 'http.response.body', 'body': '<45 bytes>', 'more_body': True}
2026-06-17 10:32:36,153 [TRACE] uvicorn.asgi: ::1:62211 - ASGI [7] Send {'type': 'http.response.body', 'body': '<45 bytes>', 'more_body': True}
2026-06-17 10:32:51,165 [TRACE] uvicorn.asgi: ::1:62211 - ASGI [7] Send {'type': 'http.response.body', 'body': '<45 bytes>', 'more_body': True}
2026-06-17 10:33:06,167 [TRACE] uvicorn.asgi: ::1:62211 - ASGI [7] Send {'type': 'http.response.body', 'body': '<45 bytes>', 'more_body': True}
2026-06-17 10:33:21,182 [TRACE] uvicorn.asgi: ::1:62211 - ASGI [7] Send {'type': 'http.response.body', 'body': '<45 bytes>', 'more_body': True}
2026-06-17 10:33:36,192 [TRACE] uvicorn.asgi: ::1:62211 - ASGI [7] Send {'type': 'http.response.body', 'body': '<45 bytes>', 'more_body': True}
2026-06-17 10:33:51,195 [TRACE] uvicorn.asgi: ::1:62211 - ASGI [7] Send {'type': 'http.response.body', 'body': '<45 bytes>', 'more_body': True}
2026-06-17 10:34:06,204 [TRACE] uvicorn.asgi: ::1:62211 - ASGI [7] Send {'type': 'http.response.body', 'body': '<45 bytes>', 'more_body': True}
2026-06-17 10:34:21,216 [TRACE] uvicorn.asgi: ::1:62211 - ASGI [7] Send {'type': 'http.response.body', 'body': '<45 bytes>', 'more_body': True}
2026-06-17 10:34:36,220 [TRACE] uvicorn.asgi: ::1:62211 - ASGI [7] Send {'type': 'http.response.body', 'body': '<45 bytes>', 'more_body': True}
2026-06-17 10:34:51,235 [TRACE] uvicorn.asgi: ::1:62211 - ASGI [7] Send {'type': 'http.response.body', 'body': '<45 bytes>', 'more_body': True}
2026-06-17 10:35:06,250 [TRACE] uvicorn.asgi: ::1:62211 - ASGI [7] Send {'type': 'http.response.body', 'body': '<45 bytes>', 'more_body': True}
2026-06-17 10:35:21,266 [TRACE] uvicorn.asgi: ::1:62211 - ASGI [7] Send {'type': 'http.response.body', 'body': '<45 bytes>', 'more_body': True}
2026-06-17 10:35:36,280 [TRACE] uvicorn.asgi: ::1:62211 - ASGI [7] Send {'type': 'http.response.body', 'body': '<45 bytes>', 'more_body': True}
2026-06-17 10:35:51,289 [TRACE] uvicorn.asgi: ::1:62211 - ASGI [7] Send {'type': 'http.response.body', 'body': '<45 bytes>', 'more_body': True}
2026-06-17 10:36:06,306 [TRACE] uvicorn.asgi: ::1:62211 - ASGI [7] Send {'type': 'http.response.body', 'body': '<45 bytes>', 'more_body': True}
2026-06-17 10:36:21,309 [TRACE] uvicorn.asgi: ::1:62211 - ASGI [7] Send {'type': 'http.response.body', 'body': '<45 bytes>', 'more_body': True}
2026-06-17 10:36:36,319 [TRACE] uvicorn.asgi: ::1:62211 - ASGI [7] Send {'type': 'http.response.body', 'body': '<45 bytes>', 'more_body': True}
2026-06-17 10:36:51,321 [TRACE] uvicorn.asgi: ::1:62211 - ASGI [7] Send {'type': 'http.response.body', 'body': '<45 bytes>', 'more_body': True}
2026-06-17 10:37:06,337 [TRACE] uvicorn.asgi: ::1:62211 - ASGI [7] Send {'type': 'http.response.body', 'body': '<45 bytes>', 'more_body': True}
2026-06-17 10:37:21,346 [TRACE] uvicorn.asgi: ::1:62211 - ASGI [7] Send {'type': 'http.response.body', 'body': '<45 bytes>', 'more_body': True}
2026-06-17 10:37:36,360 [TRACE] uvicorn.asgi: ::1:62211 - ASGI [7] Send {'type': 'http.response.body', 'body': '<45 bytes>', 'more_body': True}
2026-06-17 10:37:51,363 [TRACE] uvicorn.asgi: ::1:62211 - ASGI [7] Send {'type': 'http.response.body', 'body': '<45 bytes>', 'more_body': True}
2026-06-17 10:38:06,365 [TRACE] uvicorn.asgi: ::1:62211 - ASGI [7] Send {'type': 'http.response.body', 'body': '<45 bytes>', 'more_body': True}
2026-06-17 10:38:21,373 [TRACE] uvicorn.asgi: ::1:62211 - ASGI [7] Send {'type': 'http.response.body', 'body': '<45 bytes>', 'more_body': True}
2026-06-17 10:38:36,388 [TRACE] uvicorn.asgi: ::1:62211 - ASGI [7] Send {'type': 'http.response.body', 'body': '<45 bytes>', 'more_body': True}
2026-06-17 10:38:51,405 [TRACE] uvicorn.asgi: ::1:62211 - ASGI [7] Send {'type': 'http.response.body', 'body': '<45 bytes>', 'more_body': True}
2026-06-17 10:39:06,407 [TRACE] uvicorn.asgi: ::1:62211 - ASGI [7] Send {'type': 'http.response.body', 'body': '<45 bytes>', 'more_body': True}
2026-06-17 10:39:21,417 [TRACE] uvicorn.asgi: ::1:62211 - ASGI [7] Send {'type': 'http.response.body', 'body': '<45 bytes>', 'more_body': True}
2026-06-17 10:39:36,418 [TRACE] uvicorn.asgi: ::1:62211 - ASGI [7] Send {'type': 'http.response.body', 'body': '<45 bytes>', 'more_body': True}
2026-06-17 10:39:51,422 [TRACE] uvicorn.asgi: ::1:62211 - ASGI [7] Send {'type': 'http.response.body', 'body': '<45 bytes>', 'more_body': True}
2026-06-17 10:40:06,434 [TRACE] uvicorn.asgi: ::1:62211 - ASGI [7] Send {'type': 'http.response.body', 'body': '<45 bytes>', 'more_body': True}
2026-06-17 10:40:21,447 [TRACE] uvicorn.asgi: ::1:62211 - ASGI [7] Send {'type': 'http.response.body', 'body': '<45 bytes>', 'more_body': True}
2026-06-17 10:40:36,456 [TRACE] uvicorn.asgi: ::1:62211 - ASGI [7] Send {'type': 'http.response.body', 'body': '<45 bytes>', 'more_body': True}
2026-06-17 10:40:51,462 [TRACE] uvicorn.asgi: ::1:62211 - ASGI [7] Send {'type': 'http.response.body', 'body': '<45 bytes>', 'more_body': True}
2026-06-17 10:41:06,473 [TRACE] uvicorn.asgi: ::1:62211 - ASGI [7] Send {'type': 'http.response.body', 'body': '<45 bytes>', 'more_body': True}
2026-06-17 10:41:21,482 [TRACE] uvicorn.asgi: ::1:62211 - ASGI [7] Send {'type': 'http.response.body', 'body': '<45 bytes>', 'more_body': True}
2026-06-17 10:41:36,488 [TRACE] uvicorn.asgi: ::1:62211 - ASGI [7] Send {'type': 'http.response.body', 'body': '<45 bytes>', 'more_body': True}
2026-06-17 10:41:51,501 [TRACE] uvicorn.asgi: ::1:62211 - ASGI [7] Send {'type': 'http.response.body', 'body': '<45 bytes>', 'more_body': True}
2026-06-17 10:42:06,513 [TRACE] uvicorn.asgi: ::1:62211 - ASGI [7] Send {'type': 'http.response.body', 'body': '<45 bytes>', 'more_body': True}
2026-06-17 10:42:21,520 [TRACE] uvicorn.asgi: ::1:62211 - ASGI [7] Send {'type': 'http.response.body', 'body': '<45 bytes>', 'more_body': True}
2026-06-17 10:42:36,530 [TRACE] uvicorn.asgi: ::1:62211 - ASGI [7] Send {'type': 'http.response.body', 'body': '<45 bytes>', 'more_body': True}
2026-06-17 10:42:51,535 [TRACE] uvicorn.asgi: ::1:62211 - ASGI [7] Send {'type': 'http.response.body', 'body': '<45 bytes>', 'more_body': True}
2026-06-17 10:43:06,548 [TRACE] uvicorn.asgi: ::1:62211 - ASGI [7] Send {'type': 'http.response.body', 'body': '<45 bytes>', 'more_body': True}
2026-06-17 10:43:21,554 [TRACE] uvicorn.asgi: ::1:62211 - ASGI [7] Send {'type': 'http.response.body', 'body': '<45 bytes>', 'more_body': True}
2026-06-17 10:43:36,564 [TRACE] uvicorn.asgi: ::1:62211 - ASGI [7] Send {'type': 'http.response.body', 'body': '<45 bytes>', 'more_body': True}
2026-06-17 10:43:51,578 [TRACE] uvicorn.asgi: ::1:62211 - ASGI [7] Send {'type': 'http.response.body', 'body': '<45 bytes>', 'more_body': True}
2026-06-17 10:44:06,590 [TRACE] uvicorn.asgi: ::1:62211 - ASGI [7] Send {'type': 'http.response.body', 'body': '<45 bytes>', 'more_body': True}
2026-06-17 10:44:21,604 [TRACE] uvicorn.asgi: ::1:62211 - ASGI [7] Send {'type': 'http.response.body', 'body': '<45 bytes>', 'more_body': True}
2026-06-17 10:44:36,621 [TRACE] uvicorn.asgi: ::1:62211 - ASGI [7] Send {'type': 'http.response.body', 'body': '<45 bytes>', 'more_body': True}
2026-06-17 10:44:51,628 [TRACE] uvicorn.asgi: ::1:62211 - ASGI [7] Send {'type': 'http.response.body', 'body': '<45 bytes>', 'more_body': True}
2026-06-17 10:45:06,642 [TRACE] uvicorn.asgi: ::1:62211 - ASGI [7] Send {'type': 'http.response.body', 'body': '<45 bytes>', 'more_body': True}
2026-06-17 10:45:21,656 [TRACE] uvicorn.asgi: ::1:62211 - ASGI [7] Send {'type': 'http.response.body', 'body': '<45 bytes>', 'more_body': True}
2026-06-17 10:45:36,664 [TRACE] uvicorn.asgi: ::1:62211 - ASGI [7] Send {'type': 'http.response.body', 'body': '<45 bytes>', 'more_body': True}
2026-06-17 10:45:51,670 [TRACE] uvicorn.asgi: ::1:62211 - ASGI [7] Send {'type': 'http.response.body', 'body': '<45 bytes>', 'more_body': True}
2026-06-17 10:46:06,676 [TRACE] uvicorn.asgi: ::1:62211 - ASGI [7] Send {'type': 'http.response.body', 'body': '<45 bytes>', 'more_body': True}
2026-06-17 10:46:21,691 [TRACE] uvicorn.asgi: ::1:62211 - ASGI [7] Send {'type': 'http.response.body', 'body': '<45 bytes>', 'more_body': True}
2026-06-17 10:46:36,701 [TRACE] uvicorn.asgi: ::1:62211 - ASGI [7] Send {'type': 'http.response.body', 'body': '<45 bytes>', 'more_body': True}
2026-06-17 10:46:51,714 [TRACE] uvicorn.asgi: ::1:62211 - ASGI [7] Send {'type': 'http.response.body', 'body': '<45 bytes>', 'more_body': True}
2026-06-17 10:47:06,725 [TRACE] uvicorn.asgi: ::1:62211 - ASGI [7] Send {'type': 'http.response.body', 'body': '<45 bytes>', 'more_body': True}
2026-06-17 10:47:21,730 [TRACE] uvicorn.asgi: ::1:62211 - ASGI [7] Send {'type': 'http.response.body', 'body': '<45 bytes>', 'more_body': True}
2026-06-17 10:47:36,746 [TRACE] uvicorn.asgi: ::1:62211 - ASGI [7] Send {'type': 'http.response.body', 'body': '<45 bytes>', 'more_body': True}
2026-06-17 10:47:51,752 [TRACE] uvicorn.asgi: ::1:62211 - ASGI [7] Send {'type': 'http.response.body', 'body': '<45 bytes>', 'more_body': True}
2026-06-17 10:48:06,758 [TRACE] uvicorn.asgi: ::1:62211 - ASGI [7] Send {'type': 'http.response.body', 'body': '<45 bytes>', 'more_body': True}
2026-06-17 10:48:21,763 [TRACE] uvicorn.asgi: ::1:62211 - ASGI [7] Send {'type': 'http.response.body', 'body': '<45 bytes>', 'more_body': True}
2026-06-17 10:48:36,778 [TRACE] uvicorn.asgi: ::1:62211 - ASGI [7] Send {'type': 'http.response.body', 'body': '<45 bytes>', 'more_body': True}
2026-06-17 10:48:51,795 [TRACE] uvicorn.asgi: ::1:62211 - ASGI [7] Send {'type': 'http.response.body', 'body': '<45 bytes>', 'more_body': True}
2026-06-17 10:49:06,798 [TRACE] uvicorn.asgi: ::1:62211 - ASGI [7] Send {'type': 'http.response.body', 'body': '<45 bytes>', 'more_body': True}
2026-06-17 10:49:21,804 [TRACE] uvicorn.asgi: ::1:62211 - ASGI [7] Send {'type': 'http.response.body', 'body': '<45 bytes>', 'more_body': True}
2026-06-17 10:49:36,815 [TRACE] uvicorn.asgi: ::1:62211 - ASGI [7] Send {'type': 'http.response.body', 'body': '<45 bytes>', 'more_body': True}
2026-06-17 10:49:51,829 [TRACE] uvicorn.asgi: ::1:62211 - ASGI [7] Send {'type': 'http.response.body', 'body': '<45 bytes>', 'more_body': True}
2026-06-17 10:50:06,830 [TRACE] uvicorn.asgi: ::1:62211 - ASGI [7] Send {'type': 'http.response.body', 'body': '<45 bytes>', 'more_body': True}
2026-06-17 10:50:21,840 [TRACE] uvicorn.asgi: ::1:62211 - ASGI [7] Send {'type': 'http.response.body', 'body': '<45 bytes>', 'more_body': True}
2026-06-17 10:50:36,850 [TRACE] uvicorn.asgi: ::1:62211 - ASGI [7] Send {'type': 'http.response.body', 'body': '<45 bytes>', 'more_body': True}
2026-06-17 10:50:51,852 [TRACE] uvicorn.asgi: ::1:62211 - ASGI [7] Send {'type': 'http.response.body', 'body': '<45 bytes>', 'more_body': True}
2026-06-17 10:51:06,855 [TRACE] uvicorn.asgi: ::1:62211 - ASGI [7] Send {'type': 'http.response.body', 'body': '<45 bytes>', 'more_body': True}
2026-06-17 10:51:21,865 [TRACE] uvicorn.asgi: ::1:62211 - ASGI [7] Send {'type': 'http.response.body', 'body': '<45 bytes>', 'more_body': True}
2026-06-17 10:51:36,882 [TRACE] uvicorn.asgi: ::1:62211 - ASGI [7] Send {'type': 'http.response.body', 'body': '<45 bytes>', 'more_body': True}
2026-06-17 10:51:51,893 [TRACE] uvicorn.asgi: ::1:62211 - ASGI [7] Send {'type': 'http.response.body', 'body': '<45 bytes>', 'more_body': True}
2026-06-17 10:52:06,905 [TRACE] uvicorn.asgi: ::1:62211 - ASGI [7] Send {'type': 'http.response.body', 'body': '<45 bytes>', 'more_body': True}
2026-06-17 10:52:21,912 [TRACE] uvicorn.asgi: ::1:62211 - ASGI [7] Send {'type': 'http.response.body', 'body': '<45 bytes>', 'more_body': True}
2026-06-17 10:52:36,925 [TRACE] uvicorn.asgi: ::1:62211 - ASGI [7] Send {'type': 'http.response.body', 'body': '<45 bytes>', 'more_body': True}
2026-06-17 10:52:51,936 [TRACE] uvicorn.asgi: ::1:62211 - ASGI [7] Send {'type': 'http.response.body', 'body': '<45 bytes>', 'more_body': True}
2026-06-17 10:53:06,953 [TRACE] uvicorn.asgi: ::1:62211 - ASGI [7] Send {'type': 'http.response.body', 'body': '<45 bytes>', 'more_body': True}
2026-06-17 10:53:21,955 [TRACE] uvicorn.asgi: ::1:62211 - ASGI [7] Send {'type': 'http.response.body', 'body': '<45 bytes>', 'more_body': True}
2026-06-17 10:53:36,965 [TRACE] uvicorn.asgi: ::1:62211 - ASGI [7] Send {'type': 'http.response.body', 'body': '<45 bytes>', 'more_body': True}
2026-06-17 10:53:51,968 [TRACE] uvicorn.asgi: ::1:62211 - ASGI [7] Send {'type': 'http.response.body', 'body': '<45 bytes>', 'more_body': True}
2026-06-17 10:54:06,976 [TRACE] uvicorn.asgi: ::1:62211 - ASGI [7] Send {'type': 'http.response.body', 'body': '<45 bytes>', 'more_body': True}
2026-06-17 10:54:21,982 [TRACE] uvicorn.asgi: ::1:62211 - ASGI [7] Send {'type': 'http.response.body', 'body': '<45 bytes>', 'more_body': True}
2026-06-17 10:54:36,990 [TRACE] uvicorn.asgi: ::1:62211 - ASGI [7] Send {'type': 'http.response.body', 'body': '<45 bytes>', 'more_body': True}
2026-06-17 10:54:52,002 [TRACE] uvicorn.asgi: ::1:62211 - ASGI [7] Send {'type': 'http.response.body', 'body': '<45 bytes>', 'more_body': True}
2026-06-17 10:55:07,016 [TRACE] uvicorn.asgi: ::1:62211 - ASGI [7] Send {'type': 'http.response.body', 'body': '<45 bytes>', 'more_body': True}
2026-06-17 10:55:22,029 [TRACE] uvicorn.asgi: ::1:62211 - ASGI [7] Send {'type': 'http.response.body', 'body': '<45 bytes>', 'more_body': True}
2026-06-17 10:55:37,044 [TRACE] uvicorn.asgi: ::1:62211 - ASGI [7] Send {'type': 'http.response.body', 'body': '<45 bytes>', 'more_body': True}
2026-06-17 10:55:52,051 [TRACE] uvicorn.asgi: ::1:62211 - ASGI [7] Send {'type': 'http.response.body', 'body': '<45 bytes>', 'more_body': True}
2026-06-17 10:56:07,066 [TRACE] uvicorn.asgi: ::1:62211 - ASGI [7] Send {'type': 'http.response.body', 'body': '<45 bytes>', 'more_body': True}
2026-06-17 10:56:22,071 [TRACE] uvicorn.asgi: ::1:62211 - ASGI [7] Send {'type': 'http.response.body', 'body': '<45 bytes>', 'more_body': True}
2026-06-17 10:56:37,075 [TRACE] uvicorn.asgi: ::1:62211 - ASGI [7] Send {'type': 'http.response.body', 'body': '<45 bytes>', 'more_body': True}
2026-06-17 10:56:52,079 [TRACE] uvicorn.asgi: ::1:62211 - ASGI [7] Send {'type': 'http.response.body', 'body': '<45 bytes>', 'more_body': True}
2026-06-17 10:57:07,088 [TRACE] uvicorn.asgi: ::1:62211 - ASGI [7] Send {'type': 'http.response.body', 'body': '<45 bytes>', 'more_body': True}
2026-06-17 10:57:22,103 [TRACE] uvicorn.asgi: ::1:62211 - ASGI [7] Send {'type': 'http.response.body', 'body': '<45 bytes>', 'more_body': True}
2026-06-17 10:57:37,117 [TRACE] uvicorn.asgi: ::1:62211 - ASGI [7] Send {'type': 'http.response.body', 'body': '<45 bytes>', 'more_body': True}
2026-06-17 10:57:52,132 [TRACE] uvicorn.asgi: ::1:62211 - ASGI [7] Send {'type': 'http.response.body', 'body': '<45 bytes>', 'more_body': True}
2026-06-17 10:58:07,139 [TRACE] uvicorn.asgi: ::1:62211 - ASGI [7] Send {'type': 'http.response.body', 'body': '<45 bytes>', 'more_body': True}
2026-06-17 10:58:22,147 [TRACE] uvicorn.asgi: ::1:62211 - ASGI [7] Send {'type': 'http.response.body', 'body': '<45 bytes>', 'more_body': True}
2026-06-17 10:58:37,150 [TRACE] uvicorn.asgi: ::1:62211 - ASGI [7] Send {'type': 'http.response.body', 'body': '<45 bytes>', 'more_body': True}
2026-06-17 10:58:52,165 [TRACE] uvicorn.asgi: ::1:62211 - ASGI [7] Send {'type': 'http.response.body', 'body': '<45 bytes>', 'more_body': True}
2026-06-17 10:59:07,180 [TRACE] uvicorn.asgi: ::1:62211 - ASGI [7] Send {'type': 'http.response.body', 'body': '<45 bytes>', 'more_body': True}
2026-06-17 10:59:22,192 [TRACE] uvicorn.asgi: ::1:62211 - ASGI [7] Send {'type': 'http.response.body', 'body': '<45 bytes>', 'more_body': True}
2026-06-17 10:59:37,197 [TRACE] uvicorn.asgi: ::1:62211 - ASGI [7] Send {'type': 'http.response.body', 'body': '<45 bytes>', 'more_body': True}
2026-06-17 10:59:52,201 [TRACE] uvicorn.asgi: ::1:62211 - ASGI [7] Send {'type': 'http.response.body', 'body': '<45 bytes>', 'more_body': True}
2026-06-17 11:00:07,212 [TRACE] uvicorn.asgi: ::1:62211 - ASGI [7] Send {'type': 'http.response.body', 'body': '<45 bytes>', 'more_body': True}
2026-06-17 11:00:22,216 [TRACE] uvicorn.asgi: ::1:62211 - ASGI [7] Send {'type': 'http.response.body', 'body': '<45 bytes>', 'more_body': True}
2026-06-17 11:00:37,225 [TRACE] uvicorn.asgi: ::1:62211 - ASGI [7] Send {'type': 'http.response.body', 'body': '<45 bytes>', 'more_body': True}
2026-06-17 11:00:52,240 [TRACE] uvicorn.asgi: ::1:62211 - ASGI [7] Send {'type': 'http.response.body', 'body': '<45 bytes>', 'more_body': True}
2026-06-17 11:01:07,252 [TRACE] uvicorn.asgi: ::1:62211 - ASGI [7] Send {'type': 'http.response.body', 'body': '<45 bytes>', 'more_body': True}
2026-06-17 11:01:22,254 [TRACE] uvicorn.asgi: ::1:62211 - ASGI [7] Send {'type': 'http.response.body', 'body': '<45 bytes>', 'more_body': True}
2026-06-17 11:01:37,266 [TRACE] uvicorn.asgi: ::1:62211 - ASGI [7] Send {'type': 'http.response.body', 'body': '<45 bytes>', 'more_body': True}
2026-06-17 11:01:52,282 [TRACE] uvicorn.asgi: ::1:62211 - ASGI [7] Send {'type': 'http.response.body', 'body': '<45 bytes>', 'more_body': True}
2026-06-17 11:02:07,294 [TRACE] uvicorn.asgi: ::1:62211 - ASGI [7] Send {'type': 'http.response.body', 'body': '<45 bytes>', 'more_body': True}
2026-06-17 11:02:22,297 [TRACE] uvicorn.asgi: ::1:62211 - ASGI [7] Send {'type': 'http.response.body', 'body': '<45 bytes>', 'more_body': True}
2026-06-17 11:02:37,310 [TRACE] uvicorn.asgi: ::1:62211 - ASGI [7] Send {'type': 'http.response.body', 'body': '<45 bytes>', 'more_body': True}
2026-06-17 11:02:52,320 [TRACE] uvicorn.asgi: ::1:62211 - ASGI [7] Send {'type': 'http.response.body', 'body': '<45 bytes>', 'more_body': True}
2026-06-17 11:03:07,335 [TRACE] uvicorn.asgi: ::1:62211 - ASGI [7] Send {'type': 'http.response.body', 'body': '<45 bytes>', 'more_body': True}
2026-06-17 11:03:22,345 [TRACE] uvicorn.asgi: ::1:62211 - ASGI [7] Send {'type': 'http.response.body', 'body': '<45 bytes>', 'more_body': True}
2026-06-17 11:03:37,360 [TRACE] uvicorn.asgi: ::1:62211 - ASGI [7] Send {'type': 'http.response.body', 'body': '<45 bytes>', 'more_body': True}
2026-06-17 11:03:52,368 [TRACE] uvicorn.asgi: ::1:62211 - ASGI [7] Send {'type': 'http.response.body', 'body': '<45 bytes>', 'more_body': True}
2026-06-17 11:04:07,370 [TRACE] uvicorn.asgi: ::1:62211 - ASGI [7] Send {'type': 'http.response.body', 'body': '<45 bytes>', 'more_body': True}
2026-06-17 11:04:22,388 [TRACE] uvicorn.asgi: ::1:62211 - ASGI [7] Send {'type': 'http.response.body', 'body': '<45 bytes>', 'more_body': True}
2026-06-17 11:04:37,390 [TRACE] uvicorn.asgi: ::1:62211 - ASGI [7] Send {'type': 'http.response.body', 'body': '<45 bytes>', 'more_body': True}
2026-06-17 11:04:52,392 [TRACE] uvicorn.asgi: ::1:62211 - ASGI [7] Send {'type': 'http.response.body', 'body': '<45 bytes>', 'more_body': True}
2026-06-17 11:05:07,395 [TRACE] uvicorn.asgi: ::1:62211 - ASGI [7] Send {'type': 'http.response.body', 'body': '<45 bytes>', 'more_body': True}
2026-06-17 11:05:22,410 [TRACE] uvicorn.asgi: ::1:62211 - ASGI [7] Send {'type': 'http.response.body', 'body': '<45 bytes>', 'more_body': True}
2026-06-17 11:05:37,424 [TRACE] uvicorn.asgi: ::1:62211 - ASGI [7] Send {'type': 'http.response.body', 'body': '<45 bytes>', 'more_body': True}
2026-06-17 11:05:52,429 [TRACE] uvicorn.asgi: ::1:62211 - ASGI [7] Send {'type': 'http.response.body', 'body': '<45 bytes>', 'more_body': True}
2026-06-17 11:06:07,444 [TRACE] uvicorn.asgi: ::1:62211 - ASGI [7] Send {'type': 'http.response.body', 'body': '<45 bytes>', 'more_body': True}
2026-06-17 11:06:22,445 [TRACE] uvicorn.asgi: ::1:62211 - ASGI [7] Send {'type': 'http.response.body', 'body': '<45 bytes>', 'more_body': True}
2026-06-17 11:06:37,459 [TRACE] uvicorn.asgi: ::1:62211 - ASGI [7] Send {'type': 'http.response.body', 'body': '<45 bytes>', 'more_body': True}
2026-06-17 11:06:52,461 [TRACE] uvicorn.asgi: ::1:62211 - ASGI [7] Send {'type': 'http.response.body', 'body': '<45 bytes>', 'more_body': True}
2026-06-17 11:07:07,465 [TRACE] uvicorn.asgi: ::1:62211 - ASGI [7] Send {'type': 'http.response.body', 'body': '<45 bytes>', 'more_body': True}
2026-06-17 11:07:22,468 [TRACE] uvicorn.asgi: ::1:62211 - ASGI [7] Send {'type': 'http.response.body', 'body': '<45 bytes>', 'more_body': True}
2026-06-17 11:07:37,476 [TRACE] uvicorn.asgi: ::1:62211 - ASGI [7] Send {'type': 'http.response.body', 'body': '<45 bytes>', 'more_body': True}
2026-06-17 11:07:52,484 [TRACE] uvicorn.asgi: ::1:62211 - ASGI [7] Send {'type': 'http.response.body', 'body': '<45 bytes>', 'more_body': True}
2026-06-17 11:08:07,493 [TRACE] uvicorn.asgi: ::1:62211 - ASGI [7] Send {'type': 'http.response.body', 'body': '<45 bytes>', 'more_body': True}
2026-06-17 11:08:22,500 [TRACE] uvicorn.asgi: ::1:62211 - ASGI [7] Send {'type': 'http.response.body', 'body': '<45 bytes>', 'more_body': True}
2026-06-17 11:08:37,506 [TRACE] uvicorn.asgi: ::1:62211 - ASGI [7] Send {'type': 'http.response.body', 'body': '<45 bytes>', 'more_body': True}
2026-06-17 11:08:43,585 [TRACE] uvicorn.error: ::1:65229 - HTTP connection made
2026-06-17 11:08:43,609 [TRACE] uvicorn.asgi: ::1:65229 - ASGI [60] Started scope={'type': 'http', 'asgi': {'version': '3.0', 'spec_version': '2.3'}, 'http_version': '1.1', 'server': ('::1', 8003), 'client': ('::1', 65229), 'scheme': 'http', 'method': 'POST', 'root_path': '', 'path': '/mcp/', 'raw_path': b'/mcp/', 'query_string': b'', 'headers': '<...>', 'state': {}}
2026-06-17 11:08:43,629 [TRACE] uvicorn.asgi: ::1:65229 - ASGI [60] Receive {'type': 'http.request', 'body': '<185 bytes>', 'more_body': False}
2026-06-17 11:08:43,661 [TRACE] uvicorn.asgi: ::1:65229 - ASGI [60] Send {'type': 'http.response.start', 'status': 200, 'headers': '<...>'}
2026-06-17 11:08:43,662 [INFO] uvicorn.access: ::1:65229 - "POST /mcp/ HTTP/1.1" 200
2026-06-17 11:08:43,682 [INFO] mcp.server.lowlevel.server: Processing request of type CallToolRequest
2026-06-17 11:08:43,754 [INFO] httpx: HTTP Request: POST http://fastapi/generate-delay-communication "HTTP/1.1 200 OK"
2026-06-17 11:08:43,765 [TRACE] uvicorn.asgi: ::1:65229 - ASGI [60] Send {'type': 'http.response.body', 'body': '<1334 bytes>', 'more_body': True}
2026-06-17 11:08:43,766 [TRACE] uvicorn.asgi: ::1:65229 - ASGI [60] Send {'type': 'http.response.body', 'body': '<0 bytes>', 'more_body': False}
2026-06-17 11:08:43,767 [TRACE] uvicorn.asgi: ::1:65229 - ASGI [60] Receive {'type': 'http.disconnect'}
2026-06-17 11:08:43,768 [TRACE] uvicorn.error: ::1:65229 - HTTP connection lost
2026-06-17 11:08:43,769 [TRACE] uvicorn.asgi: ::1:65229 - ASGI [60] Completed
2026-06-17 11:08:52,519 [TRACE] uvicorn.asgi: ::1:62211 - ASGI [7] Send {'type': 'http.response.body', 'body': '<45 bytes>', 'more_body': True}
2026-06-17 11:09:07,529 [TRACE] uvicorn.asgi: ::1:62211 - ASGI [7] Send {'type': 'http.response.body', 'body': '<45 bytes>', 'more_body': True}
2026-06-17 11:09:22,540 [TRACE] uvicorn.asgi: ::1:62211 - ASGI [7] Send {'type': 'http.response.body', 'body': '<45 bytes>', 'more_body': True}
2026-06-17 11:09:37,544 [TRACE] uvicorn.asgi: ::1:62211 - ASGI [7] Send {'type': 'http.response.body', 'body': '<45 bytes>', 'more_body': True}
2026-06-17 11:09:52,553 [TRACE] uvicorn.asgi: ::1:62211 - ASGI [7] Send {'type': 'http.response.body', 'body': '<45 bytes>', 'more_body': True}
2026-06-17 11:10:07,564 [TRACE] uvicorn.asgi: ::1:62211 - ASGI [7] Send {'type': 'http.response.body', 'body': '<45 bytes>', 'more_body': True}
2026-06-17 11:10:22,581 [TRACE] uvicorn.asgi: ::1:62211 - ASGI [7] Send {'type': 'http.response.body', 'body': '<45 bytes>', 'more_body': True}
2026-06-17 11:10:37,586 [TRACE] uvicorn.asgi: ::1:62211 - ASGI [7] Send {'type': 'http.response.body', 'body': '<45 bytes>', 'more_body': True}
2026-06-17 11:10:52,595 [TRACE] uvicorn.asgi: ::1:62211 - ASGI [7] Send {'type': 'http.response.body', 'body': '<45 bytes>', 'more_body': True}
2026-06-17 11:11:07,605 [TRACE] uvicorn.asgi: ::1:62211 - ASGI [7] Send {'type': 'http.response.body', 'body': '<45 bytes>', 'more_body': True}
2026-06-17 11:11:22,611 [TRACE] uvicorn.asgi: ::1:62211 - ASGI [7] Send {'type': 'http.response.body', 'body': '<45 bytes>', 'more_body': True}
2026-06-17 11:11:37,625 [TRACE] uvicorn.asgi: ::1:62211 - ASGI [7] Send {'type': 'http.response.body', 'body': '<45 bytes>', 'more_body': True}
2026-06-17 11:11:52,634 [TRACE] uvicorn.asgi: ::1:62211 - ASGI [7] Send {'type': 'http.response.body', 'body': '<45 bytes>', 'more_body': True}
2026-06-17 11:12:07,647 [TRACE] uvicorn.asgi: ::1:62211 - ASGI [7] Send {'type': 'http.response.body', 'body': '<45 bytes>', 'more_body': True}
2026-06-17 11:12:22,663 [TRACE] uvicorn.asgi: ::1:62211 - ASGI [7] Send {'type': 'http.response.body', 'body': '<45 bytes>', 'more_body': True}
2026-06-17 11:12:37,675 [TRACE] uvicorn.asgi: ::1:62211 - ASGI [7] Send {'type': 'http.response.body', 'body': '<45 bytes>', 'more_body': True}
2026-06-17 11:12:52,681 [TRACE] uvicorn.asgi: ::1:62211 - ASGI [7] Send {'type': 'http.response.body', 'body': '<45 bytes>', 'more_body': True}
2026-06-17 11:13:07,696 [TRACE] uvicorn.asgi: ::1:62211 - ASGI [7] Send {'type': 'http.response.body', 'body': '<45 bytes>', 'more_body': True}
2026-06-17 11:13:22,712 [TRACE] uvicorn.asgi: ::1:62211 - ASGI [7] Send {'type': 'http.response.body', 'body': '<45 bytes>', 'more_body': True}
2026-06-17 11:13:37,719 [TRACE] uvicorn.asgi: ::1:62211 - ASGI [7] Send {'type': 'http.response.body', 'body': '<45 bytes>', 'more_body': True}
2026-06-17 11:13:52,722 [TRACE] uvicorn.asgi: ::1:62211 - ASGI [7] Send {'type': 'http.response.body', 'body': '<45 bytes>', 'more_body': True}
2026-06-17 11:14:07,724 [TRACE] uvicorn.asgi: ::1:62211 - ASGI [7] Send {'type': 'http.response.body', 'body': '<45 bytes>', 'more_body': True}
2026-06-17 11:14:22,729 [TRACE] uvicorn.asgi: ::1:62211 - ASGI [7] Send {'type': 'http.response.body', 'body': '<45 bytes>', 'more_body': True}
2026-06-17 11:14:37,735 [TRACE] uvicorn.asgi: ::1:62211 - ASGI [7] Send {'type': 'http.response.body', 'body': '<45 bytes>', 'more_body': True}
2026-06-17 11:14:52,750 [TRACE] uvicorn.asgi: ::1:62211 - ASGI [7] Send {'type': 'http.response.body', 'body': '<45 bytes>', 'more_body': True}
2026-06-17 11:15:07,766 [TRACE] uvicorn.asgi: ::1:62211 - ASGI [7] Send {'type': 'http.response.body', 'body': '<45 bytes>', 'more_body': True}
2026-06-17 11:15:22,771 [TRACE] uvicorn.asgi: ::1:62211 - ASGI [7] Send {'type': 'http.response.body', 'body': '<45 bytes>', 'more_body': True}
2026-06-17 11:15:37,781 [TRACE] uvicorn.asgi: ::1:62211 - ASGI [7] Send {'type': 'http.response.body', 'body': '<45 bytes>', 'more_body': True}
2026-06-17 11:15:52,799 [TRACE] uvicorn.asgi: ::1:62211 - ASGI [7] Send {'type': 'http.response.body', 'body': '<45 bytes>', 'more_body': True}
2026-06-17 11:16:07,814 [TRACE] uvicorn.asgi: ::1:62211 - ASGI [7] Send {'type': 'http.response.body', 'body': '<45 bytes>', 'more_body': True}
2026-06-17 11:16:22,819 [TRACE] uvicorn.asgi: ::1:62211 - ASGI [7] Send {'type': 'http.response.body', 'body': '<45 bytes>', 'more_body': True}
2026-06-17 11:16:37,836 [TRACE] uvicorn.asgi: ::1:62211 - ASGI [7] Send {'type': 'http.response.body', 'body': '<45 bytes>', 'more_body': True}
2026-06-17 11:16:52,850 [TRACE] uvicorn.asgi: ::1:62211 - ASGI [7] Send {'type': 'http.response.body', 'body': '<45 bytes>', 'more_body': True}
2026-06-17 11:17:07,854 [TRACE] uvicorn.asgi: ::1:62211 - ASGI [7] Send {'type': 'http.response.body', 'body': '<45 bytes>', 'more_body': True}
2026-06-17 11:17:22,861 [TRACE] uvicorn.asgi: ::1:62211 - ASGI [7] Send {'type': 'http.response.body', 'body': '<45 bytes>', 'more_body': True}
2026-06-17 11:17:37,871 [TRACE] uvicorn.asgi: ::1:62211 - ASGI [7] Send {'type': 'http.response.body', 'body': '<45 bytes>', 'more_body': True}
2026-06-17 11:17:52,877 [TRACE] uvicorn.asgi: ::1:62211 - ASGI [7] Send {'type': 'http.response.body', 'body': '<45 bytes>', 'more_body': True}
2026-06-17 11:18:07,888 [TRACE] uvicorn.asgi: ::1:62211 - ASGI [7] Send {'type': 'http.response.body', 'body': '<45 bytes>', 'more_body': True}
2026-06-17 11:18:22,898 [TRACE] uvicorn.asgi: ::1:62211 - ASGI [7] Send {'type': 'http.response.body', 'body': '<45 bytes>', 'more_body': True}
2026-06-17 11:18:37,905 [TRACE] uvicorn.asgi: ::1:62211 - ASGI [7] Send {'type': 'http.response.body', 'body': '<45 bytes>', 'more_body': True}
2026-06-17 11:18:52,912 [TRACE] uvicorn.asgi: ::1:62211 - ASGI [7] Send {'type': 'http.response.body', 'body': '<45 bytes>', 'more_body': True}
2026-06-17 11:19:07,919 [TRACE] uvicorn.asgi: ::1:62211 - ASGI [7] Send {'type': 'http.response.body', 'body': '<45 bytes>', 'more_body': True}
2026-06-17 11:19:22,934 [TRACE] uvicorn.asgi: ::1:62211 - ASGI [7] Send {'type': 'http.response.body', 'body': '<45 bytes>', 'more_body': True}
2026-06-17 11:19:37,941 [TRACE] uvicorn.asgi: ::1:62211 - ASGI [7] Send {'type': 'http.response.body', 'body': '<45 bytes>', 'more_body': True}
2026-06-17 11:19:52,955 [TRACE] uvicorn.asgi: ::1:62211 - ASGI [7] Send {'type': 'http.response.body', 'body': '<45 bytes>', 'more_body': True}
2026-06-17 11:20:07,968 [TRACE] uvicorn.asgi: ::1:62211 - ASGI [7] Send {'type': 'http.response.body', 'body': '<45 bytes>', 'more_body': True}
2026-06-17 11:20:22,975 [TRACE] uvicorn.asgi: ::1:62211 - ASGI [7] Send {'type': 'http.response.body', 'body': '<45 bytes>', 'more_body': True}
2026-06-17 11:21:28,211 [TRACE] uvicorn.asgi: ::1:62211 - ASGI [7] Send {'type': 'http.response.body', 'body': '<45 bytes>', 'more_body': True}
2026-06-17 11:21:43,261 [TRACE] uvicorn.asgi: ::1:62211 - ASGI [7] Send {'type': 'http.response.body', 'body': '<45 bytes>', 'more_body': True}
2026-06-17 11:21:58,263 [TRACE] uvicorn.asgi: ::1:62211 - ASGI [7] Send {'type': 'http.response.body', 'body': '<45 bytes>', 'more_body': True}
2026-06-17 11:22:13,275 [TRACE] uvicorn.asgi: ::1:62211 - ASGI [7] Send {'type': 'http.response.body', 'body': '<45 bytes>', 'more_body': True}
2026-06-17 11:22:28,288 [TRACE] uvicorn.asgi: ::1:62211 - ASGI [7] Send {'type': 'http.response.body', 'body': '<45 bytes>', 'more_body': True}
2026-06-17 11:22:43,303 [TRACE] uvicorn.asgi: ::1:62211 - ASGI [7] Send {'type': 'http.response.body', 'body': '<45 bytes>', 'more_body': True}
2026-06-17 11:22:58,317 [TRACE] uvicorn.asgi: ::1:62211 - ASGI [7] Send {'type': 'http.response.body', 'body': '<45 bytes>', 'more_body': True}
2026-06-17 11:23:13,321 [TRACE] uvicorn.asgi: ::1:62211 - ASGI [7] Send {'type': 'http.response.body', 'body': '<45 bytes>', 'more_body': True}
2026-06-17 11:23:28,335 [TRACE] uvicorn.asgi: ::1:62211 - ASGI [7] Send {'type': 'http.response.body', 'body': '<45 bytes>', 'more_body': True}
2026-06-17 11:23:43,340 [TRACE] uvicorn.asgi: ::1:62211 - ASGI [7] Send {'type': 'http.response.body', 'body': '<45 bytes>', 'more_body': True}
2026-06-17 11:23:58,354 [TRACE] uvicorn.asgi: ::1:62211 - ASGI [7] Send {'type': 'http.response.body', 'body': '<45 bytes>', 'more_body': True}
2026-06-17 11:24:13,356 [TRACE] uvicorn.asgi: ::1:62211 - ASGI [7] Send {'type': 'http.response.body', 'body': '<45 bytes>', 'more_body': True}
2026-06-17 11:24:28,364 [TRACE] uvicorn.asgi: ::1:62211 - ASGI [7] Send {'type': 'http.response.body', 'body': '<45 bytes>', 'more_body': True}
2026-06-17 11:24:43,365 [TRACE] uvicorn.asgi: ::1:62211 - ASGI [7] Send {'type': 'http.response.body', 'body': '<45 bytes>', 'more_body': True}
2026-06-17 11:24:58,374 [TRACE] uvicorn.asgi: ::1:62211 - ASGI [7] Send {'type': 'http.response.body', 'body': '<45 bytes>', 'more_body': True}
2026-06-17 11:25:13,380 [TRACE] uvicorn.asgi: ::1:62211 - ASGI [7] Send {'type': 'http.response.body', 'body': '<45 bytes>', 'more_body': True}
2026-06-17 11:25:28,382 [TRACE] uvicorn.asgi: ::1:62211 - ASGI [7] Send {'type': 'http.response.body', 'body': '<45 bytes>', 'more_body': True}
2026-06-17 11:25:43,388 [TRACE] uvicorn.asgi: ::1:62211 - ASGI [7] Send {'type': 'http.response.body', 'body': '<45 bytes>', 'more_body': True}
2026-06-17 11:25:58,403 [TRACE] uvicorn.asgi: ::1:62211 - ASGI [7] Send {'type': 'http.response.body', 'body': '<45 bytes>', 'more_body': True}
2026-06-17 11:26:13,413 [TRACE] uvicorn.asgi: ::1:62211 - ASGI [7] Send {'type': 'http.response.body', 'body': '<45 bytes>', 'more_body': True}
2026-06-17 11:26:28,430 [TRACE] uvicorn.asgi: ::1:62211 - ASGI [7] Send {'type': 'http.response.body', 'body': '<45 bytes>', 'more_body': True}
2026-06-17 11:26:43,445 [TRACE] uvicorn.asgi: ::1:62211 - ASGI [7] Send {'type': 'http.response.body', 'body': '<45 bytes>', 'more_body': True}
2026-06-17 11:26:58,458 [TRACE] uvicorn.asgi: ::1:62211 - ASGI [7] Send {'type': 'http.response.body', 'body': '<45 bytes>', 'more_body': True}
2026-06-17 11:27:13,470 [TRACE] uvicorn.asgi: ::1:62211 - ASGI [7] Send {'type': 'http.response.body', 'body': '<45 bytes>', 'more_body': True}
2026-06-17 11:27:28,479 [TRACE] uvicorn.asgi: ::1:62211 - ASGI [7] Send {'type': 'http.response.body', 'body': '<45 bytes>', 'more_body': True}
2026-06-17 11:27:43,483 [TRACE] uvicorn.asgi: ::1:62211 - ASGI [7] Send {'type': 'http.response.body', 'body': '<45 bytes>', 'more_body': True}
2026-06-17 11:27:58,487 [TRACE] uvicorn.asgi: ::1:62211 - ASGI [7] Send {'type': 'http.response.body', 'body': '<45 bytes>', 'more_body': True}
2026-06-17 11:28:13,493 [TRACE] uvicorn.asgi: ::1:62211 - ASGI [7] Send {'type': 'http.response.body', 'body': '<45 bytes>', 'more_body': True}
2026-06-17 11:28:28,504 [TRACE] uvicorn.asgi: ::1:62211 - ASGI [7] Send {'type': 'http.response.body', 'body': '<45 bytes>', 'more_body': True}
2026-06-17 11:28:43,516 [TRACE] uvicorn.asgi: ::1:62211 - ASGI [7] Send {'type': 'http.response.body', 'body': '<45 bytes>', 'more_body': True}
2026-06-17 11:28:58,519 [TRACE] uvicorn.asgi: ::1:62211 - ASGI [7] Send {'type': 'http.response.body', 'body': '<45 bytes>', 'more_body': True}
2026-06-17 11:29:13,528 [TRACE] uvicorn.asgi: ::1:62211 - ASGI [7] Send {'type': 'http.response.body', 'body': '<45 bytes>', 'more_body': True}
2026-06-17 11:29:28,532 [TRACE] uvicorn.asgi: ::1:62211 - ASGI [7] Send {'type': 'http.response.body', 'body': '<45 bytes>', 'more_body': True}
2026-06-17 11:29:43,536 [TRACE] uvicorn.asgi: ::1:62211 - ASGI [7] Send {'type': 'http.response.body', 'body': '<45 bytes>', 'more_body': True}
2026-06-17 11:29:58,548 [TRACE] uvicorn.asgi: ::1:62211 - ASGI [7] Send {'type': 'http.response.body', 'body': '<45 bytes>', 'more_body': True}
2026-06-17 11:30:13,559 [TRACE] uvicorn.asgi: ::1:62211 - ASGI [7] Send {'type': 'http.response.body', 'body': '<45 bytes>', 'more_body': True}
2026-06-17 11:30:28,564 [TRACE] uvicorn.asgi: ::1:62211 - ASGI [7] Send {'type': 'http.response.body', 'body': '<45 bytes>', 'more_body': True}
2026-06-17 11:30:43,572 [TRACE] uvicorn.asgi: ::1:62211 - ASGI [7] Send {'type': 'http.response.body', 'body': '<45 bytes>', 'more_body': True}
2026-06-17 11:30:58,587 [TRACE] uvicorn.asgi: ::1:62211 - ASGI [7] Send {'type': 'http.response.body', 'body': '<45 bytes>', 'more_body': True}
2026-06-17 11:31:13,592 [TRACE] uvicorn.asgi: ::1:62211 - ASGI [7] Send {'type': 'http.response.body', 'body': '<45 bytes>', 'more_body': True}
2026-06-17 11:31:28,596 [TRACE] uvicorn.asgi: ::1:62211 - ASGI [7] Send {'type': 'http.response.body', 'body': '<45 bytes>', 'more_body': True}
2026-06-17 11:31:43,598 [TRACE] uvicorn.asgi: ::1:62211 - ASGI [7] Send {'type': 'http.response.body', 'body': '<45 bytes>', 'more_body': True}
2026-06-17 11:31:58,604 [TRACE] uvicorn.asgi: ::1:62211 - ASGI [7] Send {'type': 'http.response.body', 'body': '<45 bytes>', 'more_body': True}
2026-06-17 11:32:13,606 [TRACE] uvicorn.asgi: ::1:62211 - ASGI [7] Send {'type': 'http.response.body', 'body': '<45 bytes>', 'more_body': True}
2026-06-17 11:32:28,621 [TRACE] uvicorn.asgi: ::1:62211 - ASGI [7] Send {'type': 'http.response.body', 'body': '<45 bytes>', 'more_body': True}
2026-06-17 11:32:43,629 [TRACE] uvicorn.asgi: ::1:62211 - ASGI [7] Send {'type': 'http.response.body', 'body': '<45 bytes>', 'more_body': True}
2026-06-17 11:32:58,640 [TRACE] uvicorn.asgi: ::1:62211 - ASGI [7] Send {'type': 'http.response.body', 'body': '<45 bytes>', 'more_body': True}
2026-06-17 11:33:13,656 [TRACE] uvicorn.asgi: ::1:62211 - ASGI [7] Send {'type': 'http.response.body', 'body': '<45 bytes>', 'more_body': True}
2026-06-17 11:33:28,668 [TRACE] uvicorn.asgi: ::1:62211 - ASGI [7] Send {'type': 'http.response.body', 'body': '<45 bytes>', 'more_body': True}
2026-06-17 11:33:43,675 [TRACE] uvicorn.asgi: ::1:62211 - ASGI [7] Send {'type': 'http.response.body', 'body': '<45 bytes>', 'more_body': True}
2026-06-17 11:33:58,691 [TRACE] uvicorn.asgi: ::1:62211 - ASGI [7] Send {'type': 'http.response.body', 'body': '<45 bytes>', 'more_body': True}
2026-06-17 11:34:13,695 [TRACE] uvicorn.asgi: ::1:62211 - ASGI [7] Send {'type': 'http.response.body', 'body': '<45 bytes>', 'more_body': True}
2026-06-17 11:34:28,696 [TRACE] uvicorn.asgi: ::1:62211 - ASGI [7] Send {'type': 'http.response.body', 'body': '<45 bytes>', 'more_body': True}
2026-06-17 11:34:43,706 [TRACE] uvicorn.asgi: ::1:62211 - ASGI [7] Send {'type': 'http.response.body', 'body': '<45 bytes>', 'more_body': True}
2026-06-17 11:34:58,723 [TRACE] uvicorn.asgi: ::1:62211 - ASGI [7] Send {'type': 'http.response.body', 'body': '<45 bytes>', 'more_body': True}
2026-06-17 11:35:13,726 [TRACE] uvicorn.asgi: ::1:62211 - ASGI [7] Send {'type': 'http.response.body', 'body': '<45 bytes>', 'more_body': True}
2026-06-17 11:35:28,736 [TRACE] uvicorn.asgi: ::1:62211 - ASGI [7] Send {'type': 'http.response.body', 'body': '<45 bytes>', 'more_body': True}
2026-06-17 11:35:43,739 [TRACE] uvicorn.asgi: ::1:62211 - ASGI [7] Send {'type': 'http.response.body', 'body': '<45 bytes>', 'more_body': True}
2026-06-17 11:35:58,752 [TRACE] uvicorn.asgi: ::1:62211 - ASGI [7] Send {'type': 'http.response.body', 'body': '<45 bytes>', 'more_body': True}
2026-06-17 11:36:13,767 [TRACE] uvicorn.asgi: ::1:62211 - ASGI [7] Send {'type': 'http.response.body', 'body': '<45 bytes>', 'more_body': True}
2026-06-17 11:36:28,784 [TRACE] uvicorn.asgi: ::1:62211 - ASGI [7] Send {'type': 'http.response.body', 'body': '<45 bytes>', 'more_body': True}
2026-06-17 11:36:43,787 [TRACE] uvicorn.asgi: ::1:62211 - ASGI [7] Send {'type': 'http.response.body', 'body': '<45 bytes>', 'more_body': True}
2026-06-17 11:36:58,790 [TRACE] uvicorn.asgi: ::1:62211 - ASGI [7] Send {'type': 'http.response.body', 'body': '<45 bytes>', 'more_body': True}
2026-06-17 11:37:13,793 [TRACE] uvicorn.asgi: ::1:62211 - ASGI [7] Send {'type': 'http.response.body', 'body': '<45 bytes>', 'more_body': True}
2026-06-17 11:37:28,798 [TRACE] uvicorn.asgi: ::1:62211 - ASGI [7] Send {'type': 'http.response.body', 'body': '<45 bytes>', 'more_body': True}
2026-06-17 11:37:43,805 [TRACE] uvicorn.asgi: ::1:62211 - ASGI [7] Send {'type': 'http.response.body', 'body': '<45 bytes>', 'more_body': True}
2026-06-17 11:37:58,821 [TRACE] uvicorn.asgi: ::1:62211 - ASGI [7] Send {'type': 'http.response.body', 'body': '<45 bytes>', 'more_body': True}
2026-06-17 11:38:13,834 [TRACE] uvicorn.asgi: ::1:62211 - ASGI [7] Send {'type': 'http.response.body', 'body': '<45 bytes>', 'more_body': True}
2026-06-17 11:38:28,850 [TRACE] uvicorn.asgi: ::1:62211 - ASGI [7] Send {'type': 'http.response.body', 'body': '<45 bytes>', 'more_body': True}
2026-06-17 11:38:43,856 [TRACE] uvicorn.asgi: ::1:62211 - ASGI [7] Send {'type': 'http.response.body', 'body': '<45 bytes>', 'more_body': True}
2026-06-17 11:38:58,869 [TRACE] uvicorn.asgi: ::1:62211 - ASGI [7] Send {'type': 'http.response.body', 'body': '<45 bytes>', 'more_body': True}
2026-06-17 11:39:10,488 [TRACE] uvicorn.error: ::1:55383 - HTTP connection made
2026-06-17 11:39:10,491 [TRACE] uvicorn.asgi: ::1:55383 - ASGI [61] Started scope={'type': 'http', 'asgi': {'version': '3.0', 'spec_version': '2.3'}, 'http_version': '1.1', 'server': ('::1', 8003), 'client': ('::1', 55383), 'scheme': 'http', 'method': 'POST', 'root_path': '', 'path': '/mcp/', 'raw_path': b'/mcp/', 'query_string': b'', 'headers': '<...>', 'state': {}}
2026-06-17 11:39:10,494 [TRACE] uvicorn.asgi: ::1:55383 - ASGI [61] Receive {'type': 'http.request', 'body': '<142 bytes>', 'more_body': False}
2026-06-17 11:39:10,499 [TRACE] uvicorn.asgi: ::1:55383 - ASGI [61] Send {'type': 'http.response.start', 'status': 200, 'headers': '<...>'}
2026-06-17 11:39:10,499 [INFO] uvicorn.access: ::1:55383 - "POST /mcp/ HTTP/1.1" 200
2026-06-17 11:39:10,507 [INFO] mcp.server.lowlevel.server: Processing request of type CallToolRequest
2026-06-17 11:39:10,530 [INFO] httpx: HTTP Request: POST http://fastapi/monitor-shipment "HTTP/1.1 200 OK"
2026-06-17 11:39:10,532 [TRACE] uvicorn.asgi: ::1:55383 - ASGI [61] Send {'type': 'http.response.body', 'body': '<730 bytes>', 'more_body': True}
2026-06-17 11:39:10,533 [TRACE] uvicorn.asgi: ::1:55383 - ASGI [61] Send {'type': 'http.response.body', 'body': '<0 bytes>', 'more_body': False}
2026-06-17 11:39:10,534 [TRACE] uvicorn.asgi: ::1:55383 - ASGI [61] Receive {'type': 'http.disconnect'}
2026-06-17 11:39:10,535 [TRACE] uvicorn.error: ::1:55383 - HTTP connection lost
2026-06-17 11:39:10,535 [TRACE] uvicorn.asgi: ::1:55383 - ASGI [61] Completed
2026-06-17 11:39:13,873 [TRACE] uvicorn.asgi: ::1:62211 - ASGI [7] Send {'type': 'http.response.body', 'body': '<45 bytes>', 'more_body': True}
2026-06-17 11:39:28,883 [TRACE] uvicorn.asgi: ::1:62211 - ASGI [7] Send {'type': 'http.response.body', 'body': '<45 bytes>', 'more_body': True}
2026-06-17 11:39:43,889 [TRACE] uvicorn.asgi: ::1:62211 - ASGI [7] Send {'type': 'http.response.body', 'body': '<45 bytes>', 'more_body': True}
2026-06-17 11:39:58,905 [TRACE] uvicorn.asgi: ::1:62211 - ASGI [7] Send {'type': 'http.response.body', 'body': '<45 bytes>', 'more_body': True}
2026-06-17 11:40:13,919 [TRACE] uvicorn.asgi: ::1:62211 - ASGI [7] Send {'type': 'http.response.body', 'body': '<45 bytes>', 'more_body': True}
2026-06-17 11:40:28,924 [TRACE] uvicorn.asgi: ::1:62211 - ASGI [7] Send {'type': 'http.response.body', 'body': '<45 bytes>', 'more_body': True}
2026-06-17 11:40:43,937 [TRACE] uvicorn.asgi: ::1:62211 - ASGI [7] Send {'type': 'http.response.body', 'body': '<45 bytes>', 'more_body': True}
2026-06-17 11:40:58,950 [TRACE] uvicorn.asgi: ::1:62211 - ASGI [7] Send {'type': 'http.response.body', 'body': '<45 bytes>', 'more_body': True}
2026-06-17 11:41:13,963 [TRACE] uvicorn.asgi: ::1:62211 - ASGI [7] Send {'type': 'http.response.body', 'body': '<45 bytes>', 'more_body': True}
2026-06-17 11:41:28,968 [TRACE] uvicorn.asgi: ::1:62211 - ASGI [7] Send {'type': 'http.response.body', 'body': '<45 bytes>', 'more_body': True}
2026-06-17 11:41:43,983 [TRACE] uvicorn.asgi: ::1:62211 - ASGI [7] Send {'type': 'http.response.body', 'body': '<45 bytes>', 'more_body': True}
2026-06-17 11:41:58,988 [TRACE] uvicorn.asgi: ::1:62211 - ASGI [7] Send {'type': 'http.response.body', 'body': '<45 bytes>', 'more_body': True}
2026-06-17 11:42:14,002 [TRACE] uvicorn.asgi: ::1:62211 - ASGI [7] Send {'type': 'http.response.body', 'body': '<45 bytes>', 'more_body': True}
2026-06-17 11:42:29,008 [TRACE] uvicorn.asgi: ::1:62211 - ASGI [7] Send {'type': 'http.response.body', 'body': '<45 bytes>', 'more_body': True}
2026-06-17 11:42:44,009 [TRACE] uvicorn.asgi: ::1:62211 - ASGI [7] Send {'type': 'http.response.body', 'body': '<45 bytes>', 'more_body': True}
2026-06-17 11:42:59,013 [TRACE] uvicorn.asgi: ::1:62211 - ASGI [7] Send {'type': 'http.response.body', 'body': '<45 bytes>', 'more_body': True}
2026-06-17 11:43:14,018 [TRACE] uvicorn.asgi: ::1:62211 - ASGI [7] Send {'type': 'http.response.body', 'body': '<45 bytes>', 'more_body': True}
2026-06-17 11:43:29,034 [TRACE] uvicorn.asgi: ::1:62211 - ASGI [7] Send {'type': 'http.response.body', 'body': '<45 bytes>', 'more_body': True}
2026-06-17 11:43:44,041 [TRACE] uvicorn.asgi: ::1:62211 - ASGI [7] Send {'type': 'http.response.body', 'body': '<45 bytes>', 'more_body': True}
2026-06-17 11:43:59,054 [TRACE] uvicorn.asgi: ::1:62211 - ASGI [7] Send {'type': 'http.response.body', 'body': '<45 bytes>', 'more_body': True}
2026-06-17 11:44:14,071 [TRACE] uvicorn.asgi: ::1:62211 - ASGI [7] Send {'type': 'http.response.body', 'body': '<45 bytes>', 'more_body': True}
2026-06-17 11:44:29,081 [TRACE] uvicorn.asgi: ::1:62211 - ASGI [7] Send {'type': 'http.response.body', 'body': '<45 bytes>', 'more_body': True}
2026-06-17 11:44:44,099 [TRACE] uvicorn.asgi: ::1:62211 - ASGI [7] Send {'type': 'http.response.body', 'body': '<45 bytes>', 'more_body': True}
2026-06-17 11:44:59,117 [TRACE] uvicorn.asgi: ::1:62211 - ASGI [7] Send {'type': 'http.response.body', 'body': '<45 bytes>', 'more_body': True}
2026-06-17 11:45:14,124 [TRACE] uvicorn.asgi: ::1:62211 - ASGI [7] Send {'type': 'http.response.body', 'body': '<45 bytes>', 'more_body': True}
2026-06-17 11:45:29,134 [TRACE] uvicorn.asgi: ::1:62211 - ASGI [7] Send {'type': 'http.response.body', 'body': '<45 bytes>', 'more_body': True}
2026-06-17 11:45:44,147 [TRACE] uvicorn.asgi: ::1:62211 - ASGI [7] Send {'type': 'http.response.body', 'body': '<45 bytes>', 'more_body': True}
2026-06-17 11:45:59,163 [TRACE] uvicorn.asgi: ::1:62211 - ASGI [7] Send {'type': 'http.response.body', 'body': '<45 bytes>', 'more_body': True}
2026-06-17 11:46:14,174 [TRACE] uvicorn.asgi: ::1:62211 - ASGI [7] Send {'type': 'http.response.body', 'body': '<45 bytes>', 'more_body': True}
2026-06-17 11:46:29,187 [TRACE] uvicorn.asgi: ::1:62211 - ASGI [7] Send {'type': 'http.response.body', 'body': '<45 bytes>', 'more_body': True}
2026-06-17 11:46:44,194 [TRACE] uvicorn.asgi: ::1:62211 - ASGI [7] Send {'type': 'http.response.body', 'body': '<45 bytes>', 'more_body': True}
2026-06-17 11:46:49,533 [TRACE] uvicorn.error: ::1:58623 - HTTP connection made
2026-06-17 11:46:49,534 [TRACE] uvicorn.asgi: ::1:58623 - ASGI [62] Started scope={'type': 'http', 'asgi': {'version': '3.0', 'spec_version': '2.3'}, 'http_version': '1.1', 'server': ('::1', 8003), 'client': ('::1', 58623), 'scheme': 'http', 'method': 'POST', 'root_path': '', 'path': '/mcp/', 'raw_path': b'/mcp/', 'query_string': b'', 'headers': '<...>', 'state': {}}
2026-06-17 11:46:49,535 [TRACE] uvicorn.asgi: ::1:58623 - ASGI [62] Receive {'type': 'http.request', 'body': '<185 bytes>', 'more_body': False}
2026-06-17 11:46:49,536 [TRACE] uvicorn.asgi: ::1:58623 - ASGI [62] Send {'type': 'http.response.start', 'status': 200, 'headers': '<...>'}
2026-06-17 11:46:49,536 [INFO] uvicorn.access: ::1:58623 - "POST /mcp/ HTTP/1.1" 200
2026-06-17 11:46:49,541 [INFO] mcp.server.lowlevel.server: Processing request of type CallToolRequest
2026-06-17 11:46:49,547 [INFO] httpx: HTTP Request: POST http://fastapi/generate-delay-communication "HTTP/1.1 200 OK"
2026-06-17 11:46:49,548 [TRACE] uvicorn.asgi: ::1:58623 - ASGI [62] Send {'type': 'http.response.body', 'body': '<1334 bytes>', 'more_body': True}
2026-06-17 11:46:49,549 [TRACE] uvicorn.asgi: ::1:58623 - ASGI [62] Send {'type': 'http.response.body', 'body': '<0 bytes>', 'more_body': False}
2026-06-17 11:46:49,549 [TRACE] uvicorn.asgi: ::1:58623 - ASGI [62] Receive {'type': 'http.disconnect'}
2026-06-17 11:46:49,550 [TRACE] uvicorn.error: ::1:58623 - HTTP connection lost
2026-06-17 11:46:49,550 [TRACE] uvicorn.asgi: ::1:58623 - ASGI [62] Completed
2026-06-17 11:46:59,207 [TRACE] uvicorn.asgi: ::1:62211 - ASGI [7] Send {'type': 'http.response.body', 'body': '<45 bytes>', 'more_body': True}
2026-06-17 11:47:55,501 [TRACE] uvicorn.asgi: ::1:62211 - ASGI [7] Send {'type': 'http.response.body', 'body': '<45 bytes>', 'more_body': True}
2026-06-17 11:48:10,517 [TRACE] uvicorn.asgi: ::1:62211 - ASGI [7] Send {'type': 'http.response.body', 'body': '<45 bytes>', 'more_body': True}
2026-06-17 11:48:25,523 [TRACE] uvicorn.asgi: ::1:62211 - ASGI [7] Send {'type': 'http.response.body', 'body': '<45 bytes>', 'more_body': True}
2026-06-17 11:48:40,528 [TRACE] uvicorn.asgi: ::1:62211 - ASGI [7] Send {'type': 'http.response.body', 'body': '<45 bytes>', 'more_body': True}
2026-06-17 11:48:55,533 [TRACE] uvicorn.asgi: ::1:62211 - ASGI [7] Send {'type': 'http.response.body', 'body': '<45 bytes>', 'more_body': True}
2026-06-17 11:49:10,548 [TRACE] uvicorn.asgi: ::1:62211 - ASGI [7] Send {'type': 'http.response.body', 'body': '<45 bytes>', 'more_body': True}
2026-06-17 11:49:25,568 [TRACE] uvicorn.asgi: ::1:62211 - ASGI [7] Send {'type': 'http.response.body', 'body': '<45 bytes>', 'more_body': True}
2026-06-17 11:49:40,582 [TRACE] uvicorn.asgi: ::1:62211 - ASGI [7] Send {'type': 'http.response.body', 'body': '<45 bytes>', 'more_body': True}
2026-06-17 11:49:53,455 [TRACE] uvicorn.error: ::1:54309 - HTTP connection made
2026-06-17 11:49:53,468 [TRACE] uvicorn.asgi: ::1:54309 - ASGI [63] Started scope={'type': 'http', 'asgi': {'version': '3.0', 'spec_version': '2.3'}, 'http_version': '1.1', 'server': ('::1', 8003), 'client': ('::1', 54309), 'scheme': 'http', 'method': 'POST', 'root_path': '', 'path': '/mcp/', 'raw_path': b'/mcp/', 'query_string': b'', 'headers': '<...>', 'state': {}}
2026-06-17 11:49:53,489 [TRACE] uvicorn.asgi: ::1:54309 - ASGI [63] Receive {'type': 'http.request', 'body': '<102 bytes>', 'more_body': False}
2026-06-17 11:49:53,513 [TRACE] uvicorn.asgi: ::1:54309 - ASGI [63] Send {'type': 'http.response.start', 'status': 200, 'headers': '<...>'}
2026-06-17 11:49:53,514 [INFO] uvicorn.access: ::1:54309 - "POST /mcp/ HTTP/1.1" 200
2026-06-17 11:49:53,534 [INFO] mcp.server.lowlevel.server: Processing request of type GetPromptRequest
2026-06-17 11:49:53,577 [TRACE] uvicorn.asgi: ::1:54309 - ASGI [63] Send {'type': 'http.response.body', 'body': '<541 bytes>', 'more_body': True}
2026-06-17 11:49:53,585 [TRACE] uvicorn.asgi: ::1:54309 - ASGI [63] Send {'type': 'http.response.body', 'body': '<0 bytes>', 'more_body': False}
2026-06-17 11:49:53,593 [TRACE] uvicorn.asgi: ::1:54309 - ASGI [63] Receive {'type': 'http.disconnect'}
2026-06-17 11:49:53,594 [TRACE] uvicorn.error: ::1:54309 - HTTP connection lost
2026-06-17 11:49:53,595 [TRACE] uvicorn.asgi: ::1:54309 - ASGI [63] Completed
2026-06-17 11:49:55,592 [TRACE] uvicorn.asgi: ::1:62211 - ASGI [7] Send {'type': 'http.response.body', 'body': '<45 bytes>', 'more_body': True}
2026-06-17 11:50:10,609 [TRACE] uvicorn.asgi: ::1:62211 - ASGI [7] Send {'type': 'http.response.body', 'body': '<45 bytes>', 'more_body': True}
2026-06-17 11:50:25,632 [TRACE] uvicorn.asgi: ::1:62211 - ASGI [7] Send {'type': 'http.response.body', 'body': '<45 bytes>', 'more_body': True}
2026-06-17 11:50:40,642 [TRACE] uvicorn.asgi: ::1:62211 - ASGI [7] Send {'type': 'http.response.body', 'body': '<45 bytes>', 'more_body': True}
2026-06-17 11:50:55,659 [TRACE] uvicorn.asgi: ::1:62211 - ASGI [7] Send {'type': 'http.response.body', 'body': '<45 bytes>', 'more_body': True}
2026-06-17 11:51:10,664 [TRACE] uvicorn.asgi: ::1:62211 - ASGI [7] Send {'type': 'http.response.body', 'body': '<45 bytes>', 'more_body': True}
2026-06-17 11:51:25,673 [TRACE] uvicorn.asgi: ::1:62211 - ASGI [7] Send {'type': 'http.response.body', 'body': '<45 bytes>', 'more_body': True}
2026-06-17 11:51:40,678 [TRACE] uvicorn.asgi: ::1:62211 - ASGI [7] Send {'type': 'http.response.body', 'body': '<45 bytes>', 'more_body': True}
2026-06-17 11:51:55,683 [TRACE] uvicorn.asgi: ::1:62211 - ASGI [7] Send {'type': 'http.response.body', 'body': '<45 bytes>', 'more_body': True}
2026-06-17 11:52:10,693 [TRACE] uvicorn.asgi: ::1:62211 - ASGI [7] Send {'type': 'http.response.body', 'body': '<45 bytes>', 'more_body': True}
2026-06-17 11:52:25,695 [TRACE] uvicorn.asgi: ::1:62211 - ASGI [7] Send {'type': 'http.response.body', 'body': '<45 bytes>', 'more_body': True}
2026-06-17 11:52:40,288 [TRACE] uvicorn.error: ::1:56271 - HTTP connection made
2026-06-17 11:52:40,290 [TRACE] uvicorn.asgi: ::1:56271 - ASGI [64] Started scope={'type': 'http', 'asgi': {'version': '3.0', 'spec_version': '2.3'}, 'http_version': '1.1', 'server': ('::1', 8003), 'client': ('::1', 56271), 'scheme': 'http', 'method': 'POST', 'root_path': '', 'path': '/mcp/', 'raw_path': b'/mcp/', 'query_string': b'', 'headers': '<...>', 'state': {}}
2026-06-17 11:52:40,291 [TRACE] uvicorn.asgi: ::1:56271 - ASGI [64] Receive {'type': 'http.request', 'body': '<102 bytes>', 'more_body': False}
2026-06-17 11:52:40,293 [TRACE] uvicorn.asgi: ::1:56271 - ASGI [64] Send {'type': 'http.response.start', 'status': 200, 'headers': '<...>'}
2026-06-17 11:52:40,293 [INFO] uvicorn.access: ::1:56271 - "POST /mcp/ HTTP/1.1" 200
2026-06-17 11:52:40,296 [INFO] mcp.server.lowlevel.server: Processing request of type GetPromptRequest
2026-06-17 11:52:40,306 [TRACE] uvicorn.asgi: ::1:56271 - ASGI [64] Send {'type': 'http.response.body', 'body': '<520 bytes>', 'more_body': True}
2026-06-17 11:52:40,306 [TRACE] uvicorn.asgi: ::1:56271 - ASGI [64] Send {'type': 'http.response.body', 'body': '<0 bytes>', 'more_body': False}
2026-06-17 11:52:40,307 [TRACE] uvicorn.asgi: ::1:56271 - ASGI [64] Receive {'type': 'http.disconnect'}
2026-06-17 11:52:40,308 [TRACE] uvicorn.error: ::1:56271 - HTTP connection lost
2026-06-17 11:52:40,308 [TRACE] uvicorn.asgi: ::1:56271 - ASGI [64] Completed
2026-06-17 11:52:40,712 [TRACE] uvicorn.asgi: ::1:62211 - ASGI [7] Send {'type': 'http.response.body', 'body': '<45 bytes>', 'more_body': True}
2026-06-17 11:52:55,728 [TRACE] uvicorn.asgi: ::1:62211 - ASGI [7] Send {'type': 'http.response.body', 'body': '<45 bytes>', 'more_body': True}
2026-06-17 11:53:10,734 [TRACE] uvicorn.asgi: ::1:62211 - ASGI [7] Send {'type': 'http.response.body', 'body': '<45 bytes>', 'more_body': True}
2026-06-17 11:53:25,739 [TRACE] uvicorn.asgi: ::1:62211 - ASGI [7] Send {'type': 'http.response.body', 'body': '<45 bytes>', 'more_body': True}
2026-06-17 11:53:40,752 [TRACE] uvicorn.asgi: ::1:62211 - ASGI [7] Send {'type': 'http.response.body', 'body': '<45 bytes>', 'more_body': True}
2026-06-17 11:53:48,090 [TRACE] uvicorn.error: ::1:55565 - HTTP connection made
2026-06-17 11:53:48,091 [TRACE] uvicorn.asgi: ::1:55565 - ASGI [65] Started scope={'type': 'http', 'asgi': {'version': '3.0', 'spec_version': '2.3'}, 'http_version': '1.1', 'server': ('::1', 8003), 'client': ('::1', 55565), 'scheme': 'http', 'method': 'POST', 'root_path': '', 'path': '/mcp/', 'raw_path': b'/mcp/', 'query_string': b'', 'headers': '<...>', 'state': {}}
2026-06-17 11:53:48,092 [TRACE] uvicorn.asgi: ::1:55565 - ASGI [65] Receive {'type': 'http.request', 'body': '<102 bytes>', 'more_body': False}
2026-06-17 11:53:48,093 [TRACE] uvicorn.asgi: ::1:55565 - ASGI [65] Send {'type': 'http.response.start', 'status': 200, 'headers': '<...>'}
2026-06-17 11:53:48,093 [INFO] uvicorn.access: ::1:55565 - "POST /mcp/ HTTP/1.1" 200
2026-06-17 11:53:48,104 [INFO] mcp.server.lowlevel.server: Processing request of type ReadResourceRequest
2026-06-17 11:53:48,126 [TRACE] uvicorn.asgi: ::1:55565 - ASGI [65] Send {'type': 'http.response.body', 'body': '<1882 bytes>', 'more_body': True}
2026-06-17 11:53:48,127 [TRACE] uvicorn.asgi: ::1:55565 - ASGI [65] Send {'type': 'http.response.body', 'body': '<0 bytes>', 'more_body': False}
2026-06-17 11:53:48,128 [TRACE] uvicorn.asgi: ::1:55565 - ASGI [65] Receive {'type': 'http.disconnect'}
2026-06-17 11:53:48,130 [TRACE] uvicorn.error: ::1:55565 - HTTP connection lost
2026-06-17 11:53:48,131 [TRACE] uvicorn.asgi: ::1:55565 - ASGI [65] Completed
2026-06-17 11:53:55,754 [TRACE] uvicorn.asgi: ::1:62211 - ASGI [7] Send {'type': 'http.response.body', 'body': '<45 bytes>', 'more_body': True}
2026-06-17 11:54:10,764 [TRACE] uvicorn.asgi: ::1:62211 - ASGI [7] Send {'type': 'http.response.body', 'body': '<45 bytes>', 'more_body': True}
2026-06-17 11:54:25,775 [TRACE] uvicorn.asgi: ::1:62211 - ASGI [7] Send {'type': 'http.response.body', 'body': '<45 bytes>', 'more_body': True}
2026-06-17 11:54:40,789 [TRACE] uvicorn.asgi: ::1:62211 - ASGI [7] Send {'type': 'http.response.body', 'body': '<45 bytes>', 'more_body': True}
2026-06-17 11:54:55,798 [TRACE] uvicorn.asgi: ::1:62211 - ASGI [7] Send {'type': 'http.response.body', 'body': '<45 bytes>', 'more_body': True}
2026-06-17 11:55:10,803 [TRACE] uvicorn.asgi: ::1:62211 - ASGI [7] Send {'type': 'http.response.body', 'body': '<45 bytes>', 'more_body': True}
2026-06-17 11:55:25,818 [TRACE] uvicorn.asgi: ::1:62211 - ASGI [7] Send {'type': 'http.response.body', 'body': '<45 bytes>', 'more_body': True}
2026-06-17 11:55:40,832 [TRACE] uvicorn.asgi: ::1:62211 - ASGI [7] Send {'type': 'http.response.body', 'body': '<45 bytes>', 'more_body': True}
2026-06-17 11:55:55,844 [TRACE] uvicorn.asgi: ::1:62211 - ASGI [7] Send {'type': 'http.response.body', 'body': '<45 bytes>', 'more_body': True}
2026-06-17 11:56:10,845 [TRACE] uvicorn.asgi: ::1:62211 - ASGI [7] Send {'type': 'http.response.body', 'body': '<45 bytes>', 'more_body': True}
2026-06-17 11:56:25,849 [TRACE] uvicorn.asgi: ::1:62211 - ASGI [7] Send {'type': 'http.response.body', 'body': '<45 bytes>', 'more_body': True}
2026-06-17 11:56:40,864 [TRACE] uvicorn.asgi: ::1:62211 - ASGI [7] Send {'type': 'http.response.body', 'body': '<45 bytes>', 'more_body': True}
2026-06-17 11:56:55,876 [TRACE] uvicorn.asgi: ::1:62211 - ASGI [7] Send {'type': 'http.response.body', 'body': '<45 bytes>', 'more_body': True}
2026-06-17 11:57:10,887 [TRACE] uvicorn.asgi: ::1:62211 - ASGI [7] Send {'type': 'http.response.body', 'body': '<45 bytes>', 'more_body': True}
2026-06-17 11:57:25,891 [TRACE] uvicorn.asgi: ::1:62211 - ASGI [7] Send {'type': 'http.response.body', 'body': '<45 bytes>', 'more_body': True}
2026-06-17 11:57:40,893 [TRACE] uvicorn.asgi: ::1:62211 - ASGI [7] Send {'type': 'http.response.body', 'body': '<45 bytes>', 'more_body': True}
2026-06-17 11:57:55,899 [TRACE] uvicorn.asgi: ::1:62211 - ASGI [7] Send {'type': 'http.response.body', 'body': '<45 bytes>', 'more_body': True}
2026-06-17 11:58:10,914 [TRACE] uvicorn.asgi: ::1:62211 - ASGI [7] Send {'type': 'http.response.body', 'body': '<45 bytes>', 'more_body': True}
2026-06-17 11:58:25,927 [TRACE] uvicorn.asgi: ::1:62211 - ASGI [7] Send {'type': 'http.response.body', 'body': '<45 bytes>', 'more_body': True}
2026-06-17 11:58:40,931 [TRACE] uvicorn.asgi: ::1:62211 - ASGI [7] Send {'type': 'http.response.body', 'body': '<45 bytes>', 'more_body': True}
2026-06-17 11:58:55,933 [TRACE] uvicorn.asgi: ::1:62211 - ASGI [7] Send {'type': 'http.response.body', 'body': '<45 bytes>', 'more_body': True}
2026-06-17 11:59:10,937 [TRACE] uvicorn.asgi: ::1:62211 - ASGI [7] Send {'type': 'http.response.body', 'body': '<45 bytes>', 'more_body': True}
2026-06-17 11:59:25,951 [TRACE] uvicorn.asgi: ::1:62211 - ASGI [7] Send {'type': 'http.response.body', 'body': '<45 bytes>', 'more_body': True}
2026-06-17 11:59:40,956 [TRACE] uvicorn.asgi: ::1:62211 - ASGI [7] Send {'type': 'http.response.body', 'body': '<45 bytes>', 'more_body': True}
2026-06-17 11:59:55,966 [TRACE] uvicorn.asgi: ::1:62211 - ASGI [7] Send {'type': 'http.response.body', 'body': '<45 bytes>', 'more_body': True}
2026-06-17 11:59:58,014 [TRACE] uvicorn.error: ::1:53568 - HTTP connection made
2026-06-17 11:59:58,015 [TRACE] uvicorn.asgi: ::1:53568 - ASGI [66] Started scope={'type': 'http', 'asgi': {'version': '3.0', 'spec_version': '2.3'}, 'http_version': '1.1', 'server': ('::1', 8003), 'client': ('::1', 53568), 'scheme': 'http', 'method': 'POST', 'root_path': '', 'path': '/mcp/', 'raw_path': b'/mcp/', 'query_string': b'', 'headers': '<...>', 'state': {}}
2026-06-17 11:59:58,016 [TRACE] uvicorn.asgi: ::1:53568 - ASGI [66] Receive {'type': 'http.request', 'body': '<110 bytes>', 'more_body': False}
2026-06-17 11:59:58,019 [TRACE] uvicorn.asgi: ::1:53568 - ASGI [66] Send {'type': 'http.response.start', 'status': 200, 'headers': '<...>'}
2026-06-17 11:59:58,019 [INFO] uvicorn.access: ::1:53568 - "POST /mcp/ HTTP/1.1" 200
2026-06-17 11:59:58,020 [INFO] mcp.server.lowlevel.server: Processing request of type ReadResourceRequest
2026-06-17 11:59:58,037 [TRACE] uvicorn.asgi: ::1:53568 - ASGI [66] Send {'type': 'http.response.body', 'body': '<773 bytes>', 'more_body': True}
2026-06-17 11:59:58,037 [TRACE] uvicorn.asgi: ::1:53568 - ASGI [66] Send {'type': 'http.response.body', 'body': '<0 bytes>', 'more_body': False}
2026-06-17 11:59:58,038 [TRACE] uvicorn.asgi: ::1:53568 - ASGI [66] Receive {'type': 'http.disconnect'}
2026-06-17 11:59:58,039 [TRACE] uvicorn.asgi: ::1:53568 - ASGI [66] Completed
2026-06-17 11:59:58,040 [TRACE] uvicorn.error: ::1:53568 - HTTP connection lost
2026-06-17 12:00:10,984 [TRACE] uvicorn.asgi: ::1:62211 - ASGI [7] Send {'type': 'http.response.body', 'body': '<45 bytes>', 'more_body': True}
2026-06-17 12:00:26,000 [TRACE] uvicorn.asgi: ::1:62211 - ASGI [7] Send {'type': 'http.response.body', 'body': '<45 bytes>', 'more_body': True}
2026-06-17 12:00:41,018 [TRACE] uvicorn.asgi: ::1:62211 - ASGI [7] Send {'type': 'http.response.body', 'body': '<45 bytes>', 'more_body': True}
2026-06-17 12:00:56,032 [TRACE] uvicorn.asgi: ::1:62211 - ASGI [7] Send {'type': 'http.response.body', 'body': '<45 bytes>', 'more_body': True}
2026-06-17 12:03:49,953 [TRACE] uvicorn.asgi: ::1:62211 - ASGI [7] Send {'type': 'http.response.body', 'body': '<45 bytes>', 'more_body': True}
2026-06-17 12:04:17,762 [TRACE] uvicorn.asgi: ::1:62211 - ASGI [7] Send {'type': 'http.response.body', 'body': '<45 bytes>', 'more_body': True}
2026-06-17 12:04:32,772 [TRACE] uvicorn.asgi: ::1:62211 - ASGI [7] Send {'type': 'http.response.body', 'body': '<45 bytes>', 'more_body': True}
2026-06-17 12:04:47,785 [TRACE] uvicorn.asgi: ::1:62211 - ASGI [7] Send {'type': 'http.response.body', 'body': '<45 bytes>', 'more_body': True}
2026-06-17 12:05:02,797 [TRACE] uvicorn.asgi: ::1:62211 - ASGI [7] Send {'type': 'http.response.body', 'body': '<45 bytes>', 'more_body': True}
2026-06-17 12:05:17,799 [TRACE] uvicorn.asgi: ::1:62211 - ASGI [7] Send {'type': 'http.response.body', 'body': '<45 bytes>', 'more_body': True}
2026-06-17 12:05:32,809 [TRACE] uvicorn.asgi: ::1:62211 - ASGI [7] Send {'type': 'http.response.body', 'body': '<45 bytes>', 'more_body': True}
2026-06-17 12:05:47,819 [TRACE] uvicorn.asgi: ::1:62211 - ASGI [7] Send {'type': 'http.response.body', 'body': '<45 bytes>', 'more_body': True}
2026-06-17 12:06:02,825 [TRACE] uvicorn.asgi: ::1:62211 - ASGI [7] Send {'type': 'http.response.body', 'body': '<45 bytes>', 'more_body': True}
2026-06-17 12:06:17,832 [TRACE] uvicorn.asgi: ::1:62211 - ASGI [7] Send {'type': 'http.response.body', 'body': '<45 bytes>', 'more_body': True}
2026-06-17 12:06:32,836 [TRACE] uvicorn.asgi: ::1:62211 - ASGI [7] Send {'type': 'http.response.body', 'body': '<45 bytes>', 'more_body': True}
2026-06-17 12:06:47,842 [TRACE] uvicorn.asgi: ::1:62211 - ASGI [7] Send {'type': 'http.response.body', 'body': '<45 bytes>', 'more_body': True}
2026-06-17 12:07:02,853 [TRACE] uvicorn.asgi: ::1:62211 - ASGI [7] Send {'type': 'http.response.body', 'body': '<45 bytes>', 'more_body': True}
2026-06-17 12:07:17,866 [TRACE] uvicorn.asgi: ::1:62211 - ASGI [7] Send {'type': 'http.response.body', 'body': '<45 bytes>', 'more_body': True}
2026-06-17 12:07:32,883 [TRACE] uvicorn.asgi: ::1:62211 - ASGI [7] Send {'type': 'http.response.body', 'body': '<45 bytes>', 'more_body': True}
2026-06-17 12:07:47,887 [TRACE] uvicorn.asgi: ::1:62211 - ASGI [7] Send {'type': 'http.response.body', 'body': '<45 bytes>', 'more_body': True}
2026-06-17 12:08:02,894 [TRACE] uvicorn.asgi: ::1:62211 - ASGI [7] Send {'type': 'http.response.body', 'body': '<45 bytes>', 'more_body': True}
2026-06-17 12:08:17,908 [TRACE] uvicorn.asgi: ::1:62211 - ASGI [7] Send {'type': 'http.response.body', 'body': '<45 bytes>', 'more_body': True}
2026-06-17 12:08:32,919 [TRACE] uvicorn.asgi: ::1:62211 - ASGI [7] Send {'type': 'http.response.body', 'body': '<45 bytes>', 'more_body': True}
2026-06-17 12:08:47,930 [TRACE] uvicorn.asgi: ::1:62211 - ASGI [7] Send {'type': 'http.response.body', 'body': '<45 bytes>', 'more_body': True}
2026-06-17 12:09:02,941 [TRACE] uvicorn.asgi: ::1:62211 - ASGI [7] Send {'type': 'http.response.body', 'body': '<45 bytes>', 'more_body': True}
2026-06-17 12:09:17,946 [TRACE] uvicorn.asgi: ::1:62211 - ASGI [7] Send {'type': 'http.response.body', 'body': '<45 bytes>', 'more_body': True}
2026-06-17 12:09:32,963 [TRACE] uvicorn.asgi: ::1:62211 - ASGI [7] Send {'type': 'http.response.body', 'body': '<45 bytes>', 'more_body': True}
2026-06-17 12:09:33,319 [TRACE] uvicorn.error: ::1:64187 - HTTP connection made
2026-06-17 12:09:33,335 [TRACE] uvicorn.asgi: ::1:64187 - ASGI [67] Started scope={'type': 'http', 'asgi': {'version': '3.0', 'spec_version': '2.3'}, 'http_version': '1.1', 'server': ('::1', 8003), 'client': ('::1', 64187), 'scheme': 'http', 'method': 'GET', 'root_path': '', 'path': '/docs', 'raw_path': b'/docs', 'query_string': b'', 'headers': '<...>', 'state': {}}
2026-06-17 12:09:33,343 [TRACE] uvicorn.asgi: ::1:64187 - ASGI [67] Send {'type': 'http.response.start', 'status': 200, 'headers': '<...>'}
2026-06-17 12:09:33,343 [INFO] uvicorn.access: ::1:64187 - "GET /docs HTTP/1.1" 200
2026-06-17 12:09:33,344 [TRACE] uvicorn.asgi: ::1:64187 - ASGI [67] Send {'type': 'http.response.body', 'body': '<1024 bytes>'}
2026-06-17 12:09:33,345 [TRACE] uvicorn.asgi: ::1:64187 - ASGI [67] Completed
2026-06-17 12:09:33,346 [TRACE] uvicorn.error: ::1:57464 - HTTP connection made
2026-06-17 12:09:33,423 [TRACE] uvicorn.asgi: ::1:64187 - ASGI [68] Started scope={'type': 'http', 'asgi': {'version': '3.0', 'spec_version': '2.3'}, 'http_version': '1.1', 'server': ('::1', 8003), 'client': ('::1', 64187), 'scheme': 'http', 'method': 'GET', 'root_path': '', 'path': '/openapi.json', 'raw_path': b'/openapi.json', 'query_string': b'', 'headers': '<...>', 'state': {}}
2026-06-17 12:09:33,431 [TRACE] uvicorn.asgi: ::1:64187 - ASGI [68] Send {'type': 'http.response.start', 'status': 200, 'headers': '<...>'}
2026-06-17 12:09:33,432 [INFO] uvicorn.access: ::1:64187 - "GET /openapi.json HTTP/1.1" 200
2026-06-17 12:09:33,432 [TRACE] uvicorn.asgi: ::1:64187 - ASGI [68] Send {'type': 'http.response.body', 'body': '<2435 bytes>'}
2026-06-17 12:09:33,433 [TRACE] uvicorn.asgi: ::1:64187 - ASGI [68] Completed
2026-06-17 12:09:38,446 [TRACE] uvicorn.error: ::1:64187 - HTTP connection lost
2026-06-17 12:09:47,975 [TRACE] uvicorn.asgi: ::1:62211 - ASGI [7] Send {'type': 'http.response.body', 'body': '<45 bytes>', 'more_body': True}
2026-06-17 12:10:02,987 [TRACE] uvicorn.asgi: ::1:62211 - ASGI [7] Send {'type': 'http.response.body', 'body': '<45 bytes>', 'more_body': True}
2026-06-17 12:10:18,000 [TRACE] uvicorn.asgi: ::1:62211 - ASGI [7] Send {'type': 'http.response.body', 'body': '<45 bytes>', 'more_body': True}
2026-06-17 12:10:33,005 [TRACE] uvicorn.asgi: ::1:62211 - ASGI [7] Send {'type': 'http.response.body', 'body': '<45 bytes>', 'more_body': True}
2026-06-17 12:10:48,013 [TRACE] uvicorn.asgi: ::1:62211 - ASGI [7] Send {'type': 'http.response.body', 'body': '<45 bytes>', 'more_body': True}
2026-06-17 12:11:03,025 [TRACE] uvicorn.asgi: ::1:62211 - ASGI [7] Send {'type': 'http.response.body', 'body': '<45 bytes>', 'more_body': True}
2026-06-17 12:11:18,037 [TRACE] uvicorn.asgi: ::1:62211 - ASGI [7] Send {'type': 'http.response.body', 'body': '<45 bytes>', 'more_body': True}
2026-06-17 12:11:33,048 [TRACE] uvicorn.asgi: ::1:62211 - ASGI [7] Send {'type': 'http.response.body', 'body': '<45 bytes>', 'more_body': True}
2026-06-17 12:11:48,051 [TRACE] uvicorn.asgi: ::1:62211 - ASGI [7] Send {'type': 'http.response.body', 'body': '<45 bytes>', 'more_body': True}
2026-06-17 12:12:03,060 [TRACE] uvicorn.asgi: ::1:62211 - ASGI [7] Send {'type': 'http.response.body', 'body': '<45 bytes>', 'more_body': True}
2026-06-17 12:12:18,065 [TRACE] uvicorn.asgi: ::1:62211 - ASGI [7] Send {'type': 'http.response.body', 'body': '<45 bytes>', 'more_body': True}
2026-06-17 12:12:33,073 [TRACE] uvicorn.asgi: ::1:62211 - ASGI [7] Send {'type': 'http.response.body', 'body': '<45 bytes>', 'more_body': True}
2026-06-17 12:12:39,649 [TRACE] uvicorn.error: ::1:57464 - HTTP connection lost
2026-06-17 13:22:55,080 [TRACE] uvicorn.asgi: ::1:62211 - ASGI [7] Send {'type': 'http.response.body', 'body': '<45 bytes>', 'more_body': True}
2026-06-17 18:50:19,029 [TRACE] uvicorn.asgi: ::1:62211 - ASGI [7] Send {'type': 'http.response.body', 'body': '<45 bytes>', 'more_body': True}
2026-06-17 18:50:34,031 [TRACE] uvicorn.asgi: ::1:62211 - ASGI [7] Send {'type': 'http.response.body', 'body': '<45 bytes>', 'more_body': True}
2026-06-17 18:50:49,043 [TRACE] uvicorn.asgi: ::1:62211 - ASGI [7] Send {'type': 'http.response.body', 'body': '<45 bytes>', 'more_body': True}
2026-06-17 18:51:04,058 [TRACE] uvicorn.asgi: ::1:62211 - ASGI [7] Send {'type': 'http.response.body', 'body': '<45 bytes>', 'more_body': True}
2026-06-17 18:51:19,068 [TRACE] uvicorn.asgi: ::1:62211 - ASGI [7] Send {'type': 'http.response.body', 'body': '<45 bytes>', 'more_body': True}
2026-06-17 18:51:34,072 [TRACE] uvicorn.asgi: ::1:62211 - ASGI [7] Send {'type': 'http.response.body', 'body': '<45 bytes>', 'more_body': True}
2026-06-17 18:51:49,074 [TRACE] uvicorn.asgi: ::1:62211 - ASGI [7] Send {'type': 'http.response.body', 'body': '<45 bytes>', 'more_body': True}
2026-06-17 18:52:04,081 [TRACE] uvicorn.asgi: ::1:62211 - ASGI [7] Send {'type': 'http.response.body', 'body': '<45 bytes>', 'more_body': True}
2026-06-17 18:52:19,089 [TRACE] uvicorn.asgi: ::1:62211 - ASGI [7] Send {'type': 'http.response.body', 'body': '<45 bytes>', 'more_body': True}
2026-06-17 18:52:34,092 [TRACE] uvicorn.asgi: ::1:62211 - ASGI [7] Send {'type': 'http.response.body', 'body': '<45 bytes>', 'more_body': True}
2026-06-17 18:52:49,104 [TRACE] uvicorn.asgi: ::1:62211 - ASGI [7] Send {'type': 'http.response.body', 'body': '<45 bytes>', 'more_body': True}
2026-06-17 18:53:04,114 [TRACE] uvicorn.asgi: ::1:62211 - ASGI [7] Send {'type': 'http.response.body', 'body': '<45 bytes>', 'more_body': True}
2026-06-17 18:53:19,125 [TRACE] uvicorn.asgi: ::1:62211 - ASGI [7] Send {'type': 'http.response.body', 'body': '<45 bytes>', 'more_body': True}
2026-06-17 18:53:34,137 [TRACE] uvicorn.asgi: ::1:62211 - ASGI [7] Send {'type': 'http.response.body', 'body': '<45 bytes>', 'more_body': True}
2026-06-17 18:53:49,148 [TRACE] uvicorn.asgi: ::1:62211 - ASGI [7] Send {'type': 'http.response.body', 'body': '<45 bytes>', 'more_body': True}
2026-06-17 18:54:04,159 [TRACE] uvicorn.asgi: ::1:62211 - ASGI [7] Send {'type': 'http.response.body', 'body': '<45 bytes>', 'more_body': True}
2026-06-17 18:54:19,169 [TRACE] uvicorn.asgi: ::1:62211 - ASGI [7] Send {'type': 'http.response.body', 'body': '<45 bytes>', 'more_body': True}
2026-06-17 18:54:34,185 [TRACE] uvicorn.asgi: ::1:62211 - ASGI [7] Send {'type': 'http.response.body', 'body': '<45 bytes>', 'more_body': True}
2026-06-17 18:54:49,191 [TRACE] uvicorn.asgi: ::1:62211 - ASGI [7] Send {'type': 'http.response.body', 'body': '<45 bytes>', 'more_body': True}
2026-06-17 18:55:04,199 [TRACE] uvicorn.asgi: ::1:62211 - ASGI [7] Send {'type': 'http.response.body', 'body': '<45 bytes>', 'more_body': True}
2026-06-17 18:55:19,201 [TRACE] uvicorn.asgi: ::1:62211 - ASGI [7] Send {'type': 'http.response.body', 'body': '<45 bytes>', 'more_body': True}
2026-06-17 18:55:34,209 [TRACE] uvicorn.asgi: ::1:62211 - ASGI [7] Send {'type': 'http.response.body', 'body': '<45 bytes>', 'more_body': True}
2026-06-17 18:55:49,218 [TRACE] uvicorn.asgi: ::1:62211 - ASGI [7] Send {'type': 'http.response.body', 'body': '<45 bytes>', 'more_body': True}
2026-06-17 18:56:04,221 [TRACE] uvicorn.asgi: ::1:62211 - ASGI [7] Send {'type': 'http.response.body', 'body': '<45 bytes>', 'more_body': True}
2026-06-17 18:56:19,237 [TRACE] uvicorn.asgi: ::1:62211 - ASGI [7] Send {'type': 'http.response.body', 'body': '<45 bytes>', 'more_body': True}
2026-06-17 18:56:34,238 [TRACE] uvicorn.asgi: ::1:62211 - ASGI [7] Send {'type': 'http.response.body', 'body': '<45 bytes>', 'more_body': True}
2026-06-17 18:56:49,253 [TRACE] uvicorn.asgi: ::1:62211 - ASGI [7] Send {'type': 'http.response.body', 'body': '<45 bytes>', 'more_body': True}
2026-06-17 18:57:04,261 [TRACE] uvicorn.asgi: ::1:62211 - ASGI [7] Send {'type': 'http.response.body', 'body': '<45 bytes>', 'more_body': True}
2026-06-17 18:57:19,277 [TRACE] uvicorn.asgi: ::1:62211 - ASGI [7] Send {'type': 'http.response.body', 'body': '<45 bytes>', 'more_body': True}
2026-06-17 18:57:34,289 [TRACE] uvicorn.asgi: ::1:62211 - ASGI [7] Send {'type': 'http.response.body', 'body': '<45 bytes>', 'more_body': True}
2026-06-17 18:57:49,302 [TRACE] uvicorn.asgi: ::1:62211 - ASGI [7] Send {'type': 'http.response.body', 'body': '<45 bytes>', 'more_body': True}
2026-06-17 18:58:04,305 [TRACE] uvicorn.asgi: ::1:62211 - ASGI [7] Send {'type': 'http.response.body', 'body': '<45 bytes>', 'more_body': True}
2026-06-17 18:58:19,308 [TRACE] uvicorn.asgi: ::1:62211 - ASGI [7] Send {'type': 'http.response.body', 'body': '<45 bytes>', 'more_body': True}
2026-06-17 18:58:34,319 [TRACE] uvicorn.asgi: ::1:62211 - ASGI [7] Send {'type': 'http.response.body', 'body': '<45 bytes>', 'more_body': True}
2026-06-17 18:58:49,331 [TRACE] uvicorn.asgi: ::1:62211 - ASGI [7] Send {'type': 'http.response.body', 'body': '<45 bytes>', 'more_body': True}
2026-06-17 18:59:04,343 [TRACE] uvicorn.asgi: ::1:62211 - ASGI [7] Send {'type': 'http.response.body', 'body': '<45 bytes>', 'more_body': True}
2026-06-17 18:59:19,355 [TRACE] uvicorn.asgi: ::1:62211 - ASGI [7] Send {'type': 'http.response.body', 'body': '<45 bytes>', 'more_body': True}
2026-06-17 18:59:34,370 [TRACE] uvicorn.asgi: ::1:62211 - ASGI [7] Send {'type': 'http.response.body', 'body': '<45 bytes>', 'more_body': True}
2026-06-17 18:59:49,378 [TRACE] uvicorn.asgi: ::1:62211 - ASGI [7] Send {'type': 'http.response.body', 'body': '<45 bytes>', 'more_body': True}
2026-06-17 19:00:04,388 [TRACE] uvicorn.asgi: ::1:62211 - ASGI [7] Send {'type': 'http.response.body', 'body': '<45 bytes>', 'more_body': True}
2026-06-17 19:00:19,399 [TRACE] uvicorn.asgi: ::1:62211 - ASGI [7] Send {'type': 'http.response.body', 'body': '<45 bytes>', 'more_body': True}
2026-06-17 19:00:34,405 [TRACE] uvicorn.asgi: ::1:62211 - ASGI [7] Send {'type': 'http.response.body', 'body': '<45 bytes>', 'more_body': True}
2026-06-17 19:00:49,422 [TRACE] uvicorn.asgi: ::1:62211 - ASGI [7] Send {'type': 'http.response.body', 'body': '<45 bytes>', 'more_body': True}
2026-06-17 19:01:04,434 [TRACE] uvicorn.asgi: ::1:62211 - ASGI [7] Send {'type': 'http.response.body', 'body': '<45 bytes>', 'more_body': True}
2026-06-17 19:01:19,446 [TRACE] uvicorn.asgi: ::1:62211 - ASGI [7] Send {'type': 'http.response.body', 'body': '<45 bytes>', 'more_body': True}
2026-06-17 19:01:34,458 [TRACE] uvicorn.asgi: ::1:62211 - ASGI [7] Send {'type': 'http.response.body', 'body': '<45 bytes>', 'more_body': True}
2026-06-17 19:01:49,469 [TRACE] uvicorn.asgi: ::1:62211 - ASGI [7] Send {'type': 'http.response.body', 'body': '<45 bytes>', 'more_body': True}
2026-06-17 19:02:04,482 [TRACE] uvicorn.asgi: ::1:62211 - ASGI [7] Send {'type': 'http.response.body', 'body': '<45 bytes>', 'more_body': True}
2026-06-17 19:02:19,495 [TRACE] uvicorn.asgi: ::1:62211 - ASGI [7] Send {'type': 'http.response.body', 'body': '<45 bytes>', 'more_body': True}
2026-06-17 19:02:34,500 [TRACE] uvicorn.asgi: ::1:62211 - ASGI [7] Send {'type': 'http.response.body', 'body': '<45 bytes>', 'more_body': True}
2026-06-17 19:02:49,511 [TRACE] uvicorn.asgi: ::1:62211 - ASGI [7] Send {'type': 'http.response.body', 'body': '<45 bytes>', 'more_body': True}
2026-06-17 19:03:04,513 [TRACE] uvicorn.asgi: ::1:62211 - ASGI [7] Send {'type': 'http.response.body', 'body': '<45 bytes>', 'more_body': True}
2026-06-17 19:03:19,522 [TRACE] uvicorn.asgi: ::1:62211 - ASGI [7] Send {'type': 'http.response.body', 'body': '<45 bytes>', 'more_body': True}
2026-06-17 19:03:34,533 [TRACE] uvicorn.asgi: ::1:62211 - ASGI [7] Send {'type': 'http.response.body', 'body': '<45 bytes>', 'more_body': True}
2026-06-17 19:03:49,548 [TRACE] uvicorn.asgi: ::1:62211 - ASGI [7] Send {'type': 'http.response.body', 'body': '<45 bytes>', 'more_body': True}
2026-06-17 19:04:04,558 [TRACE] uvicorn.asgi: ::1:62211 - ASGI [7] Send {'type': 'http.response.body', 'body': '<45 bytes>', 'more_body': True}
2026-06-17 19:04:19,567 [TRACE] uvicorn.asgi: ::1:62211 - ASGI [7] Send {'type': 'http.response.body', 'body': '<45 bytes>', 'more_body': True}
2026-06-17 19:04:34,581 [TRACE] uvicorn.asgi: ::1:62211 - ASGI [7] Send {'type': 'http.response.body', 'body': '<45 bytes>', 'more_body': True}
2026-06-17 19:04:49,593 [TRACE] uvicorn.asgi: ::1:62211 - ASGI [7] Send {'type': 'http.response.body', 'body': '<45 bytes>', 'more_body': True}
2026-06-17 19:05:04,605 [TRACE] uvicorn.asgi: ::1:62211 - ASGI [7] Send {'type': 'http.response.body', 'body': '<45 bytes>', 'more_body': True}
2026-06-17 19:05:19,614 [TRACE] uvicorn.asgi: ::1:62211 - ASGI [7] Send {'type': 'http.response.body', 'body': '<45 bytes>', 'more_body': True}
2026-06-17 19:05:34,628 [TRACE] uvicorn.asgi: ::1:62211 - ASGI [7] Send {'type': 'http.response.body', 'body': '<45 bytes>', 'more_body': True}
2026-06-17 19:05:49,632 [TRACE] uvicorn.asgi: ::1:62211 - ASGI [7] Send {'type': 'http.response.body', 'body': '<45 bytes>', 'more_body': True}
2026-06-17 19:06:04,634 [TRACE] uvicorn.asgi: ::1:62211 - ASGI [7] Send {'type': 'http.response.body', 'body': '<45 bytes>', 'more_body': True}
2026-06-17 19:06:19,645 [TRACE] uvicorn.asgi: ::1:62211 - ASGI [7] Send {'type': 'http.response.body', 'body': '<45 bytes>', 'more_body': True}
2026-06-17 19:06:34,659 [TRACE] uvicorn.asgi: ::1:62211 - ASGI [7] Send {'type': 'http.response.body', 'body': '<45 bytes>', 'more_body': True}
2026-06-17 19:06:49,660 [TRACE] uvicorn.asgi: ::1:62211 - ASGI [7] Send {'type': 'http.response.body', 'body': '<45 bytes>', 'more_body': True}
2026-06-17 19:07:04,666 [TRACE] uvicorn.asgi: ::1:62211 - ASGI [7] Send {'type': 'http.response.body', 'body': '<45 bytes>', 'more_body': True}
2026-06-17 19:07:19,678 [TRACE] uvicorn.asgi: ::1:62211 - ASGI [7] Send {'type': 'http.response.body', 'body': '<45 bytes>', 'more_body': True}
2026-06-17 19:07:34,687 [TRACE] uvicorn.asgi: ::1:62211 - ASGI [7] Send {'type': 'http.response.body', 'body': '<45 bytes>', 'more_body': True}
2026-06-17 19:07:49,701 [TRACE] uvicorn.asgi: ::1:62211 - ASGI [7] Send {'type': 'http.response.body', 'body': '<45 bytes>', 'more_body': True}
2026-06-17 19:08:04,705 [TRACE] uvicorn.asgi: ::1:62211 - ASGI [7] Send {'type': 'http.response.body', 'body': '<45 bytes>', 'more_body': True}
2026-06-17 19:08:19,706 [TRACE] uvicorn.asgi: ::1:62211 - ASGI [7] Send {'type': 'http.response.body', 'body': '<45 bytes>', 'more_body': True}
2026-06-17 19:08:34,719 [TRACE] uvicorn.asgi: ::1:62211 - ASGI [7] Send {'type': 'http.response.body', 'body': '<45 bytes>', 'more_body': True}
2026-06-17 19:08:49,728 [TRACE] uvicorn.asgi: ::1:62211 - ASGI [7] Send {'type': 'http.response.body', 'body': '<45 bytes>', 'more_body': True}
2026-06-17 19:09:04,738 [TRACE] uvicorn.asgi: ::1:62211 - ASGI [7] Send {'type': 'http.response.body', 'body': '<45 bytes>', 'more_body': True}
2026-06-17 19:09:19,754 [TRACE] uvicorn.asgi: ::1:62211 - ASGI [7] Send {'type': 'http.response.body', 'body': '<45 bytes>', 'more_body': True}
2026-06-17 19:09:34,766 [TRACE] uvicorn.asgi: ::1:62211 - ASGI [7] Send {'type': 'http.response.body', 'body': '<45 bytes>', 'more_body': True}
2026-06-17 19:09:49,774 [TRACE] uvicorn.asgi: ::1:62211 - ASGI [7] Send {'type': 'http.response.body', 'body': '<45 bytes>', 'more_body': True}
2026-06-17 19:10:04,788 [TRACE] uvicorn.asgi: ::1:62211 - ASGI [7] Send {'type': 'http.response.body', 'body': '<45 bytes>', 'more_body': True}
2026-06-17 19:10:19,798 [TRACE] uvicorn.asgi: ::1:62211 - ASGI [7] Send {'type': 'http.response.body', 'body': '<45 bytes>', 'more_body': True}
2026-06-17 19:10:34,805 [TRACE] uvicorn.asgi: ::1:62211 - ASGI [7] Send {'type': 'http.response.body', 'body': '<45 bytes>', 'more_body': True}
2026-06-17 19:10:49,820 [TRACE] uvicorn.asgi: ::1:62211 - ASGI [7] Send {'type': 'http.response.body', 'body': '<45 bytes>', 'more_body': True}
2026-06-17 19:11:04,834 [TRACE] uvicorn.asgi: ::1:62211 - ASGI [7] Send {'type': 'http.response.body', 'body': '<45 bytes>', 'more_body': True}
2026-06-17 19:11:19,838 [TRACE] uvicorn.asgi: ::1:62211 - ASGI [7] Send {'type': 'http.response.body', 'body': '<45 bytes>', 'more_body': True}
2026-06-17 19:11:34,840 [TRACE] uvicorn.asgi: ::1:62211 - ASGI [7] Send {'type': 'http.response.body', 'body': '<45 bytes>', 'more_body': True}
2026-06-17 19:11:49,852 [TRACE] uvicorn.asgi: ::1:62211 - ASGI [7] Send {'type': 'http.response.body', 'body': '<45 bytes>', 'more_body': True}
2026-06-17 19:12:04,863 [TRACE] uvicorn.asgi: ::1:62211 - ASGI [7] Send {'type': 'http.response.body', 'body': '<45 bytes>', 'more_body': True}
2026-06-17 19:12:19,872 [TRACE] uvicorn.asgi: ::1:62211 - ASGI [7] Send {'type': 'http.response.body', 'body': '<45 bytes>', 'more_body': True}
2026-06-17 19:12:34,888 [TRACE] uvicorn.asgi: ::1:62211 - ASGI [7] Send {'type': 'http.response.body', 'body': '<45 bytes>', 'more_body': True}
2026-06-17 19:12:49,898 [TRACE] uvicorn.asgi: ::1:62211 - ASGI [7] Send {'type': 'http.response.body', 'body': '<45 bytes>', 'more_body': True}
2026-06-17 19:13:04,908 [TRACE] uvicorn.asgi: ::1:62211 - ASGI [7] Send {'type': 'http.response.body', 'body': '<45 bytes>', 'more_body': True}
2026-06-17 19:13:19,923 [TRACE] uvicorn.asgi: ::1:62211 - ASGI [7] Send {'type': 'http.response.body', 'body': '<45 bytes>', 'more_body': True}
2026-06-17 19:13:34,930 [TRACE] uvicorn.asgi: ::1:62211 - ASGI [7] Send {'type': 'http.response.body', 'body': '<45 bytes>', 'more_body': True}
2026-06-17 19:13:49,947 [TRACE] uvicorn.asgi: ::1:62211 - ASGI [7] Send {'type': 'http.response.body', 'body': '<45 bytes>', 'more_body': True}
2026-06-17 19:14:04,958 [TRACE] uvicorn.asgi: ::1:62211 - ASGI [7] Send {'type': 'http.response.body', 'body': '<45 bytes>', 'more_body': True}
2026-06-17 19:14:19,960 [TRACE] uvicorn.asgi: ::1:62211 - ASGI [7] Send {'type': 'http.response.body', 'body': '<45 bytes>', 'more_body': True}
2026-06-17 19:14:34,977 [TRACE] uvicorn.asgi: ::1:62211 - ASGI [7] Send {'type': 'http.response.body', 'body': '<45 bytes>', 'more_body': True}
2026-06-17 19:14:49,992 [TRACE] uvicorn.asgi: ::1:62211 - ASGI [7] Send {'type': 'http.response.body', 'body': '<45 bytes>', 'more_body': True}
2026-06-17 19:15:05,009 [TRACE] uvicorn.asgi: ::1:62211 - ASGI [7] Send {'type': 'http.response.body', 'body': '<45 bytes>', 'more_body': True}
2026-06-17 19:15:20,025 [TRACE] uvicorn.asgi: ::1:62211 - ASGI [7] Send {'type': 'http.response.body', 'body': '<45 bytes>', 'more_body': True}
2026-06-17 19:15:35,026 [TRACE] uvicorn.asgi: ::1:62211 - ASGI [7] Send {'type': 'http.response.body', 'body': '<45 bytes>', 'more_body': True}
2026-06-17 19:15:50,043 [TRACE] uvicorn.asgi: ::1:62211 - ASGI [7] Send {'type': 'http.response.body', 'body': '<45 bytes>', 'more_body': True}
2026-06-17 19:16:05,044 [TRACE] uvicorn.asgi: ::1:62211 - ASGI [7] Send {'type': 'http.response.body', 'body': '<45 bytes>', 'more_body': True}
2026-06-17 19:16:20,045 [TRACE] uvicorn.asgi: ::1:62211 - ASGI [7] Send {'type': 'http.response.body', 'body': '<45 bytes>', 'more_body': True}
2026-06-17 19:16:35,058 [TRACE] uvicorn.asgi: ::1:62211 - ASGI [7] Send {'type': 'http.response.body', 'body': '<45 bytes>', 'more_body': True}
2026-06-17 19:16:50,074 [TRACE] uvicorn.asgi: ::1:62211 - ASGI [7] Send {'type': 'http.response.body', 'body': '<45 bytes>', 'more_body': True}
2026-06-17 19:17:05,079 [TRACE] uvicorn.asgi: ::1:62211 - ASGI [7] Send {'type': 'http.response.body', 'body': '<45 bytes>', 'more_body': True}
2026-06-17 19:17:20,092 [TRACE] uvicorn.asgi: ::1:62211 - ASGI [7] Send {'type': 'http.response.body', 'body': '<45 bytes>', 'more_body': True}
2026-06-17 19:17:35,107 [TRACE] uvicorn.asgi: ::1:62211 - ASGI [7] Send {'type': 'http.response.body', 'body': '<45 bytes>', 'more_body': True}
2026-06-17 19:17:50,114 [TRACE] uvicorn.asgi: ::1:62211 - ASGI [7] Send {'type': 'http.response.body', 'body': '<45 bytes>', 'more_body': True}
2026-06-17 19:18:05,125 [TRACE] uvicorn.asgi: ::1:62211 - ASGI [7] Send {'type': 'http.response.body', 'body': '<45 bytes>', 'more_body': True}
2026-06-17 19:18:20,142 [TRACE] uvicorn.asgi: ::1:62211 - ASGI [7] Send {'type': 'http.response.body', 'body': '<45 bytes>', 'more_body': True}
2026-06-17 19:18:35,146 [TRACE] uvicorn.asgi: ::1:62211 - ASGI [7] Send {'type': 'http.response.body', 'body': '<45 bytes>', 'more_body': True}
2026-06-17 19:18:50,159 [TRACE] uvicorn.asgi: ::1:62211 - ASGI [7] Send {'type': 'http.response.body', 'body': '<45 bytes>', 'more_body': True}
2026-06-17 19:19:05,174 [TRACE] uvicorn.asgi: ::1:62211 - ASGI [7] Send {'type': 'http.response.body', 'body': '<45 bytes>', 'more_body': True}
2026-06-17 19:19:20,183 [TRACE] uvicorn.asgi: ::1:62211 - ASGI [7] Send {'type': 'http.response.body', 'body': '<45 bytes>', 'more_body': True}
2026-06-17 19:19:35,196 [TRACE] uvicorn.asgi: ::1:62211 - ASGI [7] Send {'type': 'http.response.body', 'body': '<45 bytes>', 'more_body': True}
2026-06-17 19:19:50,206 [TRACE] uvicorn.asgi: ::1:62211 - ASGI [7] Send {'type': 'http.response.body', 'body': '<45 bytes>', 'more_body': True}
2026-06-17 19:20:05,218 [TRACE] uvicorn.asgi: ::1:62211 - ASGI [7] Send {'type': 'http.response.body', 'body': '<45 bytes>', 'more_body': True}
2026-06-17 19:20:20,227 [TRACE] uvicorn.asgi: ::1:62211 - ASGI [7] Send {'type': 'http.response.body', 'body': '<45 bytes>', 'more_body': True}
2026-06-17 19:20:35,235 [TRACE] uvicorn.asgi: ::1:62211 - ASGI [7] Send {'type': 'http.response.body', 'body': '<45 bytes>', 'more_body': True}
2026-06-17 19:20:50,243 [TRACE] uvicorn.asgi: ::1:62211 - ASGI [7] Send {'type': 'http.response.body', 'body': '<45 bytes>', 'more_body': True}
2026-06-17 19:21:05,248 [TRACE] uvicorn.asgi: ::1:62211 - ASGI [7] Send {'type': 'http.response.body', 'body': '<45 bytes>', 'more_body': True}
2026-06-17 19:21:20,258 [TRACE] uvicorn.asgi: ::1:62211 - ASGI [7] Send {'type': 'http.response.body', 'body': '<45 bytes>', 'more_body': True}
2026-06-17 19:21:35,261 [TRACE] uvicorn.asgi: ::1:62211 - ASGI [7] Send {'type': 'http.response.body', 'body': '<45 bytes>', 'more_body': True}
2026-06-17 19:21:50,267 [TRACE] uvicorn.asgi: ::1:62211 - ASGI [7] Send {'type': 'http.response.body', 'body': '<45 bytes>', 'more_body': True}
2026-06-17 19:22:05,277 [TRACE] uvicorn.asgi: ::1:62211 - ASGI [7] Send {'type': 'http.response.body', 'body': '<45 bytes>', 'more_body': True}
2026-06-17 19:22:20,284 [TRACE] uvicorn.asgi: ::1:62211 - ASGI [7] Send {'type': 'http.response.body', 'body': '<45 bytes>', 'more_body': True}
2026-06-17 19:22:35,287 [TRACE] uvicorn.asgi: ::1:62211 - ASGI [7] Send {'type': 'http.response.body', 'body': '<45 bytes>', 'more_body': True}
2026-06-17 19:22:50,295 [TRACE] uvicorn.asgi: ::1:62211 - ASGI [7] Send {'type': 'http.response.body', 'body': '<45 bytes>', 'more_body': True}
2026-06-17 19:23:05,303 [TRACE] uvicorn.asgi: ::1:62211 - ASGI [7] Send {'type': 'http.response.body', 'body': '<45 bytes>', 'more_body': True}
2026-06-17 19:23:20,318 [TRACE] uvicorn.asgi: ::1:62211 - ASGI [7] Send {'type': 'http.response.body', 'body': '<45 bytes>', 'more_body': True}
2026-06-17 19:23:35,320 [TRACE] uvicorn.asgi: ::1:62211 - ASGI [7] Send {'type': 'http.response.body', 'body': '<45 bytes>', 'more_body': True}
2026-06-17 19:23:50,336 [TRACE] uvicorn.asgi: ::1:62211 - ASGI [7] Send {'type': 'http.response.body', 'body': '<45 bytes>', 'more_body': True}
2026-06-17 19:24:05,338 [TRACE] uvicorn.asgi: ::1:62211 - ASGI [7] Send {'type': 'http.response.body', 'body': '<45 bytes>', 'more_body': True}
2026-06-17 19:24:20,353 [TRACE] uvicorn.asgi: ::1:62211 - ASGI [7] Send {'type': 'http.response.body', 'body': '<45 bytes>', 'more_body': True}
2026-06-17 19:24:35,370 [TRACE] uvicorn.asgi: ::1:62211 - ASGI [7] Send {'type': 'http.response.body', 'body': '<45 bytes>', 'more_body': True}
2026-06-17 19:24:50,373 [TRACE] uvicorn.asgi: ::1:62211 - ASGI [7] Send {'type': 'http.response.body', 'body': '<45 bytes>', 'more_body': True}
2026-06-17 19:25:05,385 [TRACE] uvicorn.asgi: ::1:62211 - ASGI [7] Send {'type': 'http.response.body', 'body': '<45 bytes>', 'more_body': True}
2026-06-17 19:25:20,402 [TRACE] uvicorn.asgi: ::1:62211 - ASGI [7] Send {'type': 'http.response.body', 'body': '<45 bytes>', 'more_body': True}
2026-06-17 19:25:35,404 [TRACE] uvicorn.asgi: ::1:62211 - ASGI [7] Send {'type': 'http.response.body', 'body': '<45 bytes>', 'more_body': True}
2026-06-17 19:25:50,418 [TRACE] uvicorn.asgi: ::1:62211 - ASGI [7] Send {'type': 'http.response.body', 'body': '<45 bytes>', 'more_body': True}
2026-06-17 19:26:05,432 [TRACE] uvicorn.asgi: ::1:62211 - ASGI [7] Send {'type': 'http.response.body', 'body': '<45 bytes>', 'more_body': True}
2026-06-17 19:26:20,436 [TRACE] uvicorn.asgi: ::1:62211 - ASGI [7] Send {'type': 'http.response.body', 'body': '<45 bytes>', 'more_body': True}
2026-06-17 19:26:35,438 [TRACE] uvicorn.asgi: ::1:62211 - ASGI [7] Send {'type': 'http.response.body', 'body': '<45 bytes>', 'more_body': True}
2026-06-17 19:26:50,442 [TRACE] uvicorn.asgi: ::1:62211 - ASGI [7] Send {'type': 'http.response.body', 'body': '<45 bytes>', 'more_body': True}
2026-06-17 19:27:05,457 [TRACE] uvicorn.asgi: ::1:62211 - ASGI [7] Send {'type': 'http.response.body', 'body': '<45 bytes>', 'more_body': True}
2026-06-17 19:27:20,473 [TRACE] uvicorn.asgi: ::1:62211 - ASGI [7] Send {'type': 'http.response.body', 'body': '<45 bytes>', 'more_body': True}
2026-06-17 19:27:35,475 [TRACE] uvicorn.asgi: ::1:62211 - ASGI [7] Send {'type': 'http.response.body', 'body': '<45 bytes>', 'more_body': True}
2026-06-17 19:27:50,476 [TRACE] uvicorn.asgi: ::1:62211 - ASGI [7] Send {'type': 'http.response.body', 'body': '<45 bytes>', 'more_body': True}
2026-06-17 19:28:05,491 [TRACE] uvicorn.asgi: ::1:62211 - ASGI [7] Send {'type': 'http.response.body', 'body': '<45 bytes>', 'more_body': True}
2026-06-17 19:28:20,508 [TRACE] uvicorn.asgi: ::1:62211 - ASGI [7] Send {'type': 'http.response.body', 'body': '<45 bytes>', 'more_body': True}
2026-06-17 19:28:35,509 [TRACE] uvicorn.asgi: ::1:62211 - ASGI [7] Send {'type': 'http.response.body', 'body': '<45 bytes>', 'more_body': True}
2026-06-17 19:28:50,524 [TRACE] uvicorn.asgi: ::1:62211 - ASGI [7] Send {'type': 'http.response.body', 'body': '<45 bytes>', 'more_body': True}
2026-06-17 19:29:05,526 [TRACE] uvicorn.asgi: ::1:62211 - ASGI [7] Send {'type': 'http.response.body', 'body': '<45 bytes>', 'more_body': True}
2026-06-17 19:29:20,527 [TRACE] uvicorn.asgi: ::1:62211 - ASGI [7] Send {'type': 'http.response.body', 'body': '<45 bytes>', 'more_body': True}
2026-06-17 19:29:35,544 [TRACE] uvicorn.asgi: ::1:62211 - ASGI [7] Send {'type': 'http.response.body', 'body': '<45 bytes>', 'more_body': True}
2026-06-17 19:29:50,560 [TRACE] uvicorn.asgi: ::1:62211 - ASGI [7] Send {'type': 'http.response.body', 'body': '<45 bytes>', 'more_body': True}
2026-06-17 19:30:05,574 [TRACE] uvicorn.asgi: ::1:62211 - ASGI [7] Send {'type': 'http.response.body', 'body': '<45 bytes>', 'more_body': True}
2026-06-17 19:30:20,576 [TRACE] uvicorn.asgi: ::1:62211 - ASGI [7] Send {'type': 'http.response.body', 'body': '<45 bytes>', 'more_body': True}
2026-06-17 19:30:35,589 [TRACE] uvicorn.asgi: ::1:62211 - ASGI [7] Send {'type': 'http.response.body', 'body': '<45 bytes>', 'more_body': True}
2026-06-17 19:30:50,605 [TRACE] uvicorn.asgi: ::1:62211 - ASGI [7] Send {'type': 'http.response.body', 'body': '<45 bytes>', 'more_body': True}
2026-06-17 19:49:00,996 [TRACE] uvicorn.asgi: ::1:62211 - ASGI [7] Send {'type': 'http.response.body', 'body': '<45 bytes>', 'more_body': True}
2026-06-17 19:49:16,036 [TRACE] uvicorn.asgi: ::1:62211 - ASGI [7] Send {'type': 'http.response.body', 'body': '<45 bytes>', 'more_body': True}
2026-06-17 19:49:31,046 [TRACE] uvicorn.asgi: ::1:62211 - ASGI [7] Send {'type': 'http.response.body', 'body': '<45 bytes>', 'more_body': True}
2026-06-17 19:49:46,053 [TRACE] uvicorn.asgi: ::1:62211 - ASGI [7] Send {'type': 'http.response.body', 'body': '<45 bytes>', 'more_body': True}
2026-06-17 19:50:01,069 [TRACE] uvicorn.asgi: ::1:62211 - ASGI [7] Send {'type': 'http.response.body', 'body': '<45 bytes>', 'more_body': True}
2026-06-17 19:50:16,080 [TRACE] uvicorn.asgi: ::1:62211 - ASGI [7] Send {'type': 'http.response.body', 'body': '<45 bytes>', 'more_body': True}
2026-06-17 19:50:31,083 [TRACE] uvicorn.asgi: ::1:62211 - ASGI [7] Send {'type': 'http.response.body', 'body': '<45 bytes>', 'more_body': True}
2026-06-17 19:50:46,086 [TRACE] uvicorn.asgi: ::1:62211 - ASGI [7] Send {'type': 'http.response.body', 'body': '<45 bytes>', 'more_body': True}
2026-06-17 19:51:01,088 [TRACE] uvicorn.asgi: ::1:62211 - ASGI [7] Send {'type': 'http.response.body', 'body': '<45 bytes>', 'more_body': True}
2026-06-17 19:51:16,089 [TRACE] uvicorn.asgi: ::1:62211 - ASGI [7] Send {'type': 'http.response.body', 'body': '<45 bytes>', 'more_body': True}
2026-06-17 19:51:31,100 [TRACE] uvicorn.asgi: ::1:62211 - ASGI [7] Send {'type': 'http.response.body', 'body': '<45 bytes>', 'more_body': True}
2026-06-17 19:51:46,113 [TRACE] uvicorn.asgi: ::1:62211 - ASGI [7] Send {'type': 'http.response.body', 'body': '<45 bytes>', 'more_body': True}
2026-06-17 19:52:01,123 [TRACE] uvicorn.asgi: ::1:62211 - ASGI [7] Send {'type': 'http.response.body', 'body': '<45 bytes>', 'more_body': True}
2026-06-17 19:52:16,128 [TRACE] uvicorn.asgi: ::1:62211 - ASGI [7] Send {'type': 'http.response.body', 'body': '<45 bytes>', 'more_body': True}
2026-06-17 19:52:31,144 [TRACE] uvicorn.asgi: ::1:62211 - ASGI [7] Send {'type': 'http.response.body', 'body': '<45 bytes>', 'more_body': True}
2026-06-17 19:52:46,157 [TRACE] uvicorn.asgi: ::1:62211 - ASGI [7] Send {'type': 'http.response.body', 'body': '<45 bytes>', 'more_body': True}
2026-06-17 19:53:01,164 [TRACE] uvicorn.asgi: ::1:62211 - ASGI [7] Send {'type': 'http.response.body', 'body': '<45 bytes>', 'more_body': True}
2026-06-17 19:53:16,174 [TRACE] uvicorn.asgi: ::1:62211 - ASGI [7] Send {'type': 'http.response.body', 'body': '<45 bytes>', 'more_body': True}
2026-06-17 19:53:31,186 [TRACE] uvicorn.asgi: ::1:62211 - ASGI [7] Send {'type': 'http.response.body', 'body': '<45 bytes>', 'more_body': True}
2026-06-17 19:53:46,189 [TRACE] uvicorn.asgi: ::1:62211 - ASGI [7] Send {'type': 'http.response.body', 'body': '<45 bytes>', 'more_body': True}
2026-06-17 19:54:01,202 [TRACE] uvicorn.asgi: ::1:62211 - ASGI [7] Send {'type': 'http.response.body', 'body': '<45 bytes>', 'more_body': True}
2026-06-17 19:54:16,203 [TRACE] uvicorn.asgi: ::1:62211 - ASGI [7] Send {'type': 'http.response.body', 'body': '<45 bytes>', 'more_body': True}
2026-06-17 19:54:31,206 [TRACE] uvicorn.asgi: ::1:62211 - ASGI [7] Send {'type': 'http.response.body', 'body': '<45 bytes>', 'more_body': True}
2026-06-17 19:54:46,218 [TRACE] uvicorn.asgi: ::1:62211 - ASGI [7] Send {'type': 'http.response.body', 'body': '<45 bytes>', 'more_body': True}
2026-06-17 19:55:01,220 [TRACE] uvicorn.asgi: ::1:62211 - ASGI [7] Send {'type': 'http.response.body', 'body': '<45 bytes>', 'more_body': True}
2026-06-17 19:55:16,231 [TRACE] uvicorn.asgi: ::1:62211 - ASGI [7] Send {'type': 'http.response.body', 'body': '<45 bytes>', 'more_body': True}
2026-06-17 19:55:31,239 [TRACE] uvicorn.asgi: ::1:62211 - ASGI [7] Send {'type': 'http.response.body', 'body': '<45 bytes>', 'more_body': True}
2026-06-17 19:55:46,244 [TRACE] uvicorn.asgi: ::1:62211 - ASGI [7] Send {'type': 'http.response.body', 'body': '<45 bytes>', 'more_body': True}
2026-06-17 19:56:01,248 [TRACE] uvicorn.asgi: ::1:62211 - ASGI [7] Send {'type': 'http.response.body', 'body': '<45 bytes>', 'more_body': True}
2026-06-17 19:56:16,254 [TRACE] uvicorn.asgi: ::1:62211 - ASGI [7] Send {'type': 'http.response.body', 'body': '<45 bytes>', 'more_body': True}
2026-06-17 19:56:31,270 [TRACE] uvicorn.asgi: ::1:62211 - ASGI [7] Send {'type': 'http.response.body', 'body': '<45 bytes>', 'more_body': True}
2026-06-17 19:56:46,277 [TRACE] uvicorn.asgi: ::1:62211 - ASGI [7] Send {'type': 'http.response.body', 'body': '<45 bytes>', 'more_body': True}
2026-06-17 19:57:01,279 [TRACE] uvicorn.asgi: ::1:62211 - ASGI [7] Send {'type': 'http.response.body', 'body': '<45 bytes>', 'more_body': True}
2026-06-17 19:57:16,291 [TRACE] uvicorn.asgi: ::1:62211 - ASGI [7] Send {'type': 'http.response.body', 'body': '<45 bytes>', 'more_body': True}
2026-06-17 19:57:31,307 [TRACE] uvicorn.asgi: ::1:62211 - ASGI [7] Send {'type': 'http.response.body', 'body': '<45 bytes>', 'more_body': True}
2026-06-17 19:57:46,323 [TRACE] uvicorn.asgi: ::1:62211 - ASGI [7] Send {'type': 'http.response.body', 'body': '<45 bytes>', 'more_body': True}
2026-06-17 19:58:01,334 [TRACE] uvicorn.asgi: ::1:62211 - ASGI [7] Send {'type': 'http.response.body', 'body': '<45 bytes>', 'more_body': True}
2026-06-17 19:58:16,345 [TRACE] uvicorn.asgi: ::1:62211 - ASGI [7] Send {'type': 'http.response.body', 'body': '<45 bytes>', 'more_body': True}
2026-06-17 19:58:31,352 [TRACE] uvicorn.asgi: ::1:62211 - ASGI [7] Send {'type': 'http.response.body', 'body': '<45 bytes>', 'more_body': True}
2026-06-17 19:58:46,367 [TRACE] uvicorn.asgi: ::1:62211 - ASGI [7] Send {'type': 'http.response.body', 'body': '<45 bytes>', 'more_body': True}
2026-06-17 19:59:01,378 [TRACE] uvicorn.asgi: ::1:62211 - ASGI [7] Send {'type': 'http.response.body', 'body': '<45 bytes>', 'more_body': True}
2026-06-17 19:59:16,385 [TRACE] uvicorn.asgi: ::1:62211 - ASGI [7] Send {'type': 'http.response.body', 'body': '<45 bytes>', 'more_body': True}
2026-06-17 19:59:31,399 [TRACE] uvicorn.asgi: ::1:62211 - ASGI [7] Send {'type': 'http.response.body', 'body': '<45 bytes>', 'more_body': True}
2026-06-17 19:59:46,412 [TRACE] uvicorn.asgi: ::1:62211 - ASGI [7] Send {'type': 'http.response.body', 'body': '<45 bytes>', 'more_body': True}
2026-06-17 20:05:21,141 [TRACE] uvicorn.asgi: ::1:62211 - ASGI [7] Send {'type': 'http.response.body', 'body': '<45 bytes>', 'more_body': True}
2026-06-17 20:05:36,145 [TRACE] uvicorn.asgi: ::1:62211 - ASGI [7] Send {'type': 'http.response.body', 'body': '<45 bytes>', 'more_body': True}
2026-06-17 20:05:51,154 [TRACE] uvicorn.asgi: ::1:62211 - ASGI [7] Send {'type': 'http.response.body', 'body': '<45 bytes>', 'more_body': True}
2026-06-17 20:06:06,158 [TRACE] uvicorn.asgi: ::1:62211 - ASGI [7] Send {'type': 'http.response.body', 'body': '<45 bytes>', 'more_body': True}
2026-06-17 20:06:21,161 [TRACE] uvicorn.asgi: ::1:62211 - ASGI [7] Send {'type': 'http.response.body', 'body': '<45 bytes>', 'more_body': True}
2026-06-17 20:06:36,171 [TRACE] uvicorn.asgi: ::1:62211 - ASGI [7] Send {'type': 'http.response.body', 'body': '<45 bytes>', 'more_body': True}
2026-06-17 20:06:51,180 [TRACE] uvicorn.asgi: ::1:62211 - ASGI [7] Send {'type': 'http.response.body', 'body': '<45 bytes>', 'more_body': True}
2026-06-17 20:07:06,190 [TRACE] uvicorn.asgi: ::1:62211 - ASGI [7] Send {'type': 'http.response.body', 'body': '<45 bytes>', 'more_body': True}
2026-06-17 20:07:21,192 [TRACE] uvicorn.asgi: ::1:62211 - ASGI [7] Send {'type': 'http.response.body', 'body': '<45 bytes>', 'more_body': True}
2026-06-17 20:07:36,198 [TRACE] uvicorn.asgi: ::1:62211 - ASGI [7] Send {'type': 'http.response.body', 'body': '<45 bytes>', 'more_body': True}
2026-06-17 20:07:51,205 [TRACE] uvicorn.asgi: ::1:62211 - ASGI [7] Send {'type': 'http.response.body', 'body': '<45 bytes>', 'more_body': True}
2026-06-17 20:08:06,216 [TRACE] uvicorn.asgi: ::1:62211 - ASGI [7] Send {'type': 'http.response.body', 'body': '<45 bytes>', 'more_body': True}
2026-06-17 20:08:21,226 [TRACE] uvicorn.asgi: ::1:62211 - ASGI [7] Send {'type': 'http.response.body', 'body': '<45 bytes>', 'more_body': True}
2026-06-17 20:08:36,242 [TRACE] uvicorn.asgi: ::1:62211 - ASGI [7] Send {'type': 'http.response.body', 'body': '<45 bytes>', 'more_body': True}
2026-06-17 20:08:51,251 [TRACE] uvicorn.asgi: ::1:62211 - ASGI [7] Send {'type': 'http.response.body', 'body': '<45 bytes>', 'more_body': True}
2026-06-17 20:09:06,262 [TRACE] uvicorn.asgi: ::1:62211 - ASGI [7] Send {'type': 'http.response.body', 'body': '<45 bytes>', 'more_body': True}
2026-06-17 20:09:21,275 [TRACE] uvicorn.asgi: ::1:62211 - ASGI [7] Send {'type': 'http.response.body', 'body': '<45 bytes>', 'more_body': True}
2026-06-17 20:09:36,283 [TRACE] uvicorn.asgi: ::1:62211 - ASGI [7] Send {'type': 'http.response.body', 'body': '<45 bytes>', 'more_body': True}
2026-06-17 20:09:51,294 [TRACE] uvicorn.asgi: ::1:62211 - ASGI [7] Send {'type': 'http.response.body', 'body': '<45 bytes>', 'more_body': True}
2026-06-17 20:10:06,307 [TRACE] uvicorn.asgi: ::1:62211 - ASGI [7] Send {'type': 'http.response.body', 'body': '<45 bytes>', 'more_body': True}
2026-06-17 20:10:21,317 [TRACE] uvicorn.asgi: ::1:62211 - ASGI [7] Send {'type': 'http.response.body', 'body': '<45 bytes>', 'more_body': True}
2026-06-17 20:10:36,331 [TRACE] uvicorn.asgi: ::1:62211 - ASGI [7] Send {'type': 'http.response.body', 'body': '<45 bytes>', 'more_body': True}
2026-06-17 20:10:51,340 [TRACE] uvicorn.asgi: ::1:62211 - ASGI [7] Send {'type': 'http.response.body', 'body': '<45 bytes>', 'more_body': True}
2026-06-17 20:11:06,341 [TRACE] uvicorn.asgi: ::1:62211 - ASGI [7] Send {'type': 'http.response.body', 'body': '<45 bytes>', 'more_body': True}
2026-06-17 20:11:21,348 [TRACE] uvicorn.asgi: ::1:62211 - ASGI [7] Send {'type': 'http.response.body', 'body': '<45 bytes>', 'more_body': True}
2026-06-17 20:11:36,362 [TRACE] uvicorn.asgi: ::1:62211 - ASGI [7] Send {'type': 'http.response.body', 'body': '<45 bytes>', 'more_body': True}
2026-06-17 20:11:51,374 [TRACE] uvicorn.asgi: ::1:62211 - ASGI [7] Send {'type': 'http.response.body', 'body': '<45 bytes>', 'more_body': True}
2026-06-17 20:12:06,383 [TRACE] uvicorn.asgi: ::1:62211 - ASGI [7] Send {'type': 'http.response.body', 'body': '<45 bytes>', 'more_body': True}
2026-06-17 20:12:21,390 [TRACE] uvicorn.asgi: ::1:62211 - ASGI [7] Send {'type': 'http.response.body', 'body': '<45 bytes>', 'more_body': True}
2026-06-17 20:12:36,405 [TRACE] uvicorn.asgi: ::1:62211 - ASGI [7] Send {'type': 'http.response.body', 'body': '<45 bytes>', 'more_body': True}
2026-06-17 20:12:51,418 [TRACE] uvicorn.asgi: ::1:62211 - ASGI [7] Send {'type': 'http.response.body', 'body': '<45 bytes>', 'more_body': True}
2026-06-17 20:13:06,430 [TRACE] uvicorn.asgi: ::1:62211 - ASGI [7] Send {'type': 'http.response.body', 'body': '<45 bytes>', 'more_body': True}
2026-06-17 20:13:21,439 [TRACE] uvicorn.asgi: ::1:62211 - ASGI [7] Send {'type': 'http.response.body', 'body': '<45 bytes>', 'more_body': True}
2026-06-17 20:13:36,454 [TRACE] uvicorn.asgi: ::1:62211 - ASGI [7] Send {'type': 'http.response.body', 'body': '<45 bytes>', 'more_body': True}
2026-06-17 20:13:51,463 [TRACE] uvicorn.asgi: ::1:62211 - ASGI [7] Send {'type': 'http.response.body', 'body': '<45 bytes>', 'more_body': True}
2026-06-17 20:14:06,477 [TRACE] uvicorn.asgi: ::1:62211 - ASGI [7] Send {'type': 'http.response.body', 'body': '<45 bytes>', 'more_body': True}
2026-06-17 20:14:21,488 [TRACE] uvicorn.asgi: ::1:62211 - ASGI [7] Send {'type': 'http.response.body', 'body': '<45 bytes>', 'more_body': True}
2026-06-17 20:14:36,495 [TRACE] uvicorn.asgi: ::1:62211 - ASGI [7] Send {'type': 'http.response.body', 'body': '<45 bytes>', 'more_body': True}
2026-06-17 20:14:51,510 [TRACE] uvicorn.asgi: ::1:62211 - ASGI [7] Send {'type': 'http.response.body', 'body': '<45 bytes>', 'more_body': True}
2026-06-17 20:15:06,524 [TRACE] uvicorn.asgi: ::1:62211 - ASGI [7] Send {'type': 'http.response.body', 'body': '<45 bytes>', 'more_body': True}
2026-06-17 20:15:21,530 [TRACE] uvicorn.asgi: ::1:62211 - ASGI [7] Send {'type': 'http.response.body', 'body': '<45 bytes>', 'more_body': True}
2026-06-17 20:15:36,545 [TRACE] uvicorn.asgi: ::1:62211 - ASGI [7] Send {'type': 'http.response.body', 'body': '<45 bytes>', 'more_body': True}
2026-06-17 20:15:51,559 [TRACE] uvicorn.asgi: ::1:62211 - ASGI [7] Send {'type': 'http.response.body', 'body': '<45 bytes>', 'more_body': True}
2026-06-17 20:16:06,570 [TRACE] uvicorn.asgi: ::1:62211 - ASGI [7] Send {'type': 'http.response.body', 'body': '<45 bytes>', 'more_body': True}
2026-06-17 20:16:21,579 [TRACE] uvicorn.asgi: ::1:62211 - ASGI [7] Send {'type': 'http.response.body', 'body': '<45 bytes>', 'more_body': True}
2026-06-17 20:16:36,592 [TRACE] uvicorn.asgi: ::1:62211 - ASGI [7] Send {'type': 'http.response.body', 'body': '<45 bytes>', 'more_body': True}
2026-06-17 20:16:51,605 [TRACE] uvicorn.asgi: ::1:62211 - ASGI [7] Send {'type': 'http.response.body', 'body': '<45 bytes>', 'more_body': True}
2026-06-17 20:17:06,616 [TRACE] uvicorn.asgi: ::1:62211 - ASGI [7] Send {'type': 'http.response.body', 'body': '<45 bytes>', 'more_body': True}
2026-06-17 20:17:21,625 [TRACE] uvicorn.asgi: ::1:62211 - ASGI [7] Send {'type': 'http.response.body', 'body': '<45 bytes>', 'more_body': True}
2026-06-17 20:17:36,630 [TRACE] uvicorn.asgi: ::1:62211 - ASGI [7] Send {'type': 'http.response.body', 'body': '<45 bytes>', 'more_body': True}
2026-06-17 20:17:51,640 [TRACE] uvicorn.asgi: ::1:62211 - ASGI [7] Send {'type': 'http.response.body', 'body': '<45 bytes>', 'more_body': True}
2026-06-17 20:58:32,339 [TRACE] uvicorn.asgi: ::1:62211 - ASGI [7] Send {'type': 'http.response.body', 'body': '<45 bytes>', 'more_body': True}
2026-06-17 20:58:47,341 [TRACE] uvicorn.asgi: ::1:62211 - ASGI [7] Send {'type': 'http.response.body', 'body': '<45 bytes>', 'more_body': True}
2026-06-17 20:59:02,344 [TRACE] uvicorn.asgi: ::1:62211 - ASGI [7] Send {'type': 'http.response.body', 'body': '<45 bytes>', 'more_body': True}
2026-06-17 20:59:17,352 [TRACE] uvicorn.asgi: ::1:62211 - ASGI [7] Send {'type': 'http.response.body', 'body': '<45 bytes>', 'more_body': True}
2026-06-17 20:59:32,358 [TRACE] uvicorn.asgi: ::1:62211 - ASGI [7] Send {'type': 'http.response.body', 'body': '<45 bytes>', 'more_body': True}
2026-06-17 20:59:47,373 [TRACE] uvicorn.asgi: ::1:62211 - ASGI [7] Send {'type': 'http.response.body', 'body': '<45 bytes>', 'more_body': True}
2026-06-17 21:00:02,376 [TRACE] uvicorn.asgi: ::1:62211 - ASGI [7] Send {'type': 'http.response.body', 'body': '<45 bytes>', 'more_body': True}
2026-06-17 21:00:17,383 [TRACE] uvicorn.asgi: ::1:62211 - ASGI [7] Send {'type': 'http.response.body', 'body': '<45 bytes>', 'more_body': True}
2026-06-17 21:00:32,394 [TRACE] uvicorn.asgi: ::1:62211 - ASGI [7] Send {'type': 'http.response.body', 'body': '<45 bytes>', 'more_body': True}
2026-06-17 21:00:47,397 [TRACE] uvicorn.asgi: ::1:62211 - ASGI [7] Send {'type': 'http.response.body', 'body': '<45 bytes>', 'more_body': True}
2026-06-17 21:01:02,411 [TRACE] uvicorn.asgi: ::1:62211 - ASGI [7] Send {'type': 'http.response.body', 'body': '<45 bytes>', 'more_body': True}
2026-06-17 21:01:17,417 [TRACE] uvicorn.asgi: ::1:62211 - ASGI [7] Send {'type': 'http.response.body', 'body': '<45 bytes>', 'more_body': True}
2026-06-17 21:01:32,427 [TRACE] uvicorn.asgi: ::1:62211 - ASGI [7] Send {'type': 'http.response.body', 'body': '<45 bytes>', 'more_body': True}
2026-06-17 21:01:47,443 [TRACE] uvicorn.asgi: ::1:62211 - ASGI [7] Send {'type': 'http.response.body', 'body': '<45 bytes>', 'more_body': True}
2026-06-17 21:02:02,446 [TRACE] uvicorn.asgi: ::1:62211 - ASGI [7] Send {'type': 'http.response.body', 'body': '<45 bytes>', 'more_body': True}
2026-06-17 21:02:17,457 [TRACE] uvicorn.asgi: ::1:62211 - ASGI [7] Send {'type': 'http.response.body', 'body': '<45 bytes>', 'more_body': True}
2026-06-17 21:02:32,478 [TRACE] uvicorn.asgi: ::1:62211 - ASGI [7] Send {'type': 'http.response.body', 'body': '<45 bytes>', 'more_body': True}
2026-06-17 21:02:47,481 [TRACE] uvicorn.asgi: ::1:62211 - ASGI [7] Send {'type': 'http.response.body', 'body': '<45 bytes>', 'more_body': True}
2026-06-17 21:03:02,493 [TRACE] uvicorn.asgi: ::1:62211 - ASGI [7] Send {'type': 'http.response.body', 'body': '<45 bytes>', 'more_body': True}
2026-06-17 21:03:17,499 [TRACE] uvicorn.asgi: ::1:62211 - ASGI [7] Send {'type': 'http.response.body', 'body': '<45 bytes>', 'more_body': True}
2026-06-17 21:03:32,514 [TRACE] uvicorn.asgi: ::1:62211 - ASGI [7] Send {'type': 'http.response.body', 'body': '<45 bytes>', 'more_body': True}
2026-06-17 21:03:47,518 [TRACE] uvicorn.asgi: ::1:62211 - ASGI [7] Send {'type': 'http.response.body', 'body': '<45 bytes>', 'more_body': True}
2026-06-17 21:04:02,527 [TRACE] uvicorn.asgi: ::1:62211 - ASGI [7] Send {'type': 'http.response.body', 'body': '<45 bytes>', 'more_body': True}
2026-06-17 21:04:17,535 [TRACE] uvicorn.asgi: ::1:62211 - ASGI [7] Send {'type': 'http.response.body', 'body': '<45 bytes>', 'more_body': True}
2026-06-17 21:04:32,550 [TRACE] uvicorn.asgi: ::1:62211 - ASGI [7] Send {'type': 'http.response.body', 'body': '<45 bytes>', 'more_body': True}
2026-06-17 21:04:47,555 [TRACE] uvicorn.asgi: ::1:62211 - ASGI [7] Send {'type': 'http.response.body', 'body': '<45 bytes>', 'more_body': True}
2026-06-17 21:05:02,561 [TRACE] uvicorn.asgi: ::1:62211 - ASGI [7] Send {'type': 'http.response.body', 'body': '<45 bytes>', 'more_body': True}
2026-06-17 21:05:17,574 [TRACE] uvicorn.asgi: ::1:62211 - ASGI [7] Send {'type': 'http.response.body', 'body': '<45 bytes>', 'more_body': True}
2026-06-17 21:05:32,589 [TRACE] uvicorn.asgi: ::1:62211 - ASGI [7] Send {'type': 'http.response.body', 'body': '<45 bytes>', 'more_body': True}
2026-06-17 21:05:47,601 [TRACE] uvicorn.asgi: ::1:62211 - ASGI [7] Send {'type': 'http.response.body', 'body': '<45 bytes>', 'more_body': True}
2026-06-17 21:06:02,603 [TRACE] uvicorn.asgi: ::1:62211 - ASGI [7] Send {'type': 'http.response.body', 'body': '<45 bytes>', 'more_body': True}
2026-06-17 21:06:17,618 [TRACE] uvicorn.asgi: ::1:62211 - ASGI [7] Send {'type': 'http.response.body', 'body': '<45 bytes>', 'more_body': True}
2026-06-17 21:06:32,632 [TRACE] uvicorn.asgi: ::1:62211 - ASGI [7] Send {'type': 'http.response.body', 'body': '<45 bytes>', 'more_body': True}
2026-06-17 21:06:47,646 [TRACE] uvicorn.asgi: ::1:62211 - ASGI [7] Send {'type': 'http.response.body', 'body': '<45 bytes>', 'more_body': True}
2026-06-17 21:07:02,652 [TRACE] uvicorn.asgi: ::1:62211 - ASGI [7] Send {'type': 'http.response.body', 'body': '<45 bytes>', 'more_body': True}
2026-06-17 21:07:17,666 [TRACE] uvicorn.asgi: ::1:62211 - ASGI [7] Send {'type': 'http.response.body', 'body': '<45 bytes>', 'more_body': True}
2026-06-17 21:07:32,667 [TRACE] uvicorn.asgi: ::1:62211 - ASGI [7] Send {'type': 'http.response.body', 'body': '<45 bytes>', 'more_body': True}
2026-06-17 21:07:47,669 [TRACE] uvicorn.asgi: ::1:62211 - ASGI [7] Send {'type': 'http.response.body', 'body': '<45 bytes>', 'more_body': True}
2026-06-17 21:08:02,674 [TRACE] uvicorn.asgi: ::1:62211 - ASGI [7] Send {'type': 'http.response.body', 'body': '<45 bytes>', 'more_body': True}
2026-06-17 21:08:17,689 [TRACE] uvicorn.asgi: ::1:62211 - ASGI [7] Send {'type': 'http.response.body', 'body': '<45 bytes>', 'more_body': True}
2026-06-17 21:08:32,695 [TRACE] uvicorn.asgi: ::1:62211 - ASGI [7] Send {'type': 'http.response.body', 'body': '<45 bytes>', 'more_body': True}
2026-06-17 21:08:47,706 [TRACE] uvicorn.asgi: ::1:62211 - ASGI [7] Send {'type': 'http.response.body', 'body': '<45 bytes>', 'more_body': True}
2026-06-17 21:09:02,708 [TRACE] uvicorn.asgi: ::1:62211 - ASGI [7] Send {'type': 'http.response.body', 'body': '<45 bytes>', 'more_body': True}
2026-06-17 21:09:17,722 [TRACE] uvicorn.asgi: ::1:62211 - ASGI [7] Send {'type': 'http.response.body', 'body': '<45 bytes>', 'more_body': True}
2026-06-17 21:09:32,736 [TRACE] uvicorn.asgi: ::1:62211 - ASGI [7] Send {'type': 'http.response.body', 'body': '<45 bytes>', 'more_body': True}
2026-06-17 21:09:47,738 [TRACE] uvicorn.asgi: ::1:62211 - ASGI [7] Send {'type': 'http.response.body', 'body': '<45 bytes>', 'more_body': True}
2026-06-17 21:10:02,742 [TRACE] uvicorn.asgi: ::1:62211 - ASGI [7] Send {'type': 'http.response.body', 'body': '<45 bytes>', 'more_body': True}
2026-06-17 21:10:17,756 [TRACE] uvicorn.asgi: ::1:62211 - ASGI [7] Send {'type': 'http.response.body', 'body': '<45 bytes>', 'more_body': True}
2026-06-17 21:10:32,776 [TRACE] uvicorn.asgi: ::1:62211 - ASGI [7] Send {'type': 'http.response.body', 'body': '<45 bytes>', 'more_body': True}
2026-06-17 21:10:47,790 [TRACE] uvicorn.asgi: ::1:62211 - ASGI [7] Send {'type': 'http.response.body', 'body': '<45 bytes>', 'more_body': True}
2026-06-17 21:11:02,791 [TRACE] uvicorn.asgi: ::1:62211 - ASGI [7] Send {'type': 'http.response.body', 'body': '<45 bytes>', 'more_body': True}
2026-06-17 21:11:17,808 [TRACE] uvicorn.asgi: ::1:62211 - ASGI [7] Send {'type': 'http.response.body', 'body': '<45 bytes>', 'more_body': True}
2026-06-17 21:11:32,813 [TRACE] uvicorn.asgi: ::1:62211 - ASGI [7] Send {'type': 'http.response.body', 'body': '<45 bytes>', 'more_body': True}
2026-06-17 21:11:47,814 [TRACE] uvicorn.asgi: ::1:62211 - ASGI [7] Send {'type': 'http.response.body', 'body': '<45 bytes>', 'more_body': True}
2026-06-17 21:12:02,826 [TRACE] uvicorn.asgi: ::1:62211 - ASGI [7] Send {'type': 'http.response.body', 'body': '<45 bytes>', 'more_body': True}
2026-06-17 21:12:17,832 [TRACE] uvicorn.asgi: ::1:62211 - ASGI [7] Send {'type': 'http.response.body', 'body': '<45 bytes>', 'more_body': True}
2026-06-17 21:12:32,841 [TRACE] uvicorn.asgi: ::1:62211 - ASGI [7] Send {'type': 'http.response.body', 'body': '<45 bytes>', 'more_body': True}
2026-06-17 21:12:47,843 [TRACE] uvicorn.asgi: ::1:62211 - ASGI [7] Send {'type': 'http.response.body', 'body': '<45 bytes>', 'more_body': True}
2026-06-17 21:13:02,859 [TRACE] uvicorn.asgi: ::1:62211 - ASGI [7] Send {'type': 'http.response.body', 'body': '<45 bytes>', 'more_body': True}
2026-06-17 21:13:17,864 [TRACE] uvicorn.asgi: ::1:62211 - ASGI [7] Send {'type': 'http.response.body', 'body': '<45 bytes>', 'more_body': True}
2026-06-17 21:13:32,876 [TRACE] uvicorn.asgi: ::1:62211 - ASGI [7] Send {'type': 'http.response.body', 'body': '<45 bytes>', 'more_body': True}
2026-06-17 21:13:47,892 [TRACE] uvicorn.asgi: ::1:62211 - ASGI [7] Send {'type': 'http.response.body', 'body': '<45 bytes>', 'more_body': True}
2026-06-17 21:14:02,908 [TRACE] uvicorn.asgi: ::1:62211 - ASGI [7] Send {'type': 'http.response.body', 'body': '<45 bytes>', 'more_body': True}
2026-06-17 21:14:17,926 [TRACE] uvicorn.asgi: ::1:62211 - ASGI [7] Send {'type': 'http.response.body', 'body': '<45 bytes>', 'more_body': True}
2026-06-17 21:14:32,934 [TRACE] uvicorn.asgi: ::1:62211 - ASGI [7] Send {'type': 'http.response.body', 'body': '<45 bytes>', 'more_body': True}
2026-06-17 21:14:47,941 [TRACE] uvicorn.asgi: ::1:62211 - ASGI [7] Send {'type': 'http.response.body', 'body': '<45 bytes>', 'more_body': True}
2026-06-17 21:15:02,955 [TRACE] uvicorn.asgi: ::1:62211 - ASGI [7] Send {'type': 'http.response.body', 'body': '<45 bytes>', 'more_body': True}
2026-06-17 21:15:17,958 [TRACE] uvicorn.asgi: ::1:62211 - ASGI [7] Send {'type': 'http.response.body', 'body': '<45 bytes>', 'more_body': True}
2026-06-17 21:15:32,962 [TRACE] uvicorn.asgi: ::1:62211 - ASGI [7] Send {'type': 'http.response.body', 'body': '<45 bytes>', 'more_body': True}
2026-06-17 21:15:47,979 [TRACE] uvicorn.asgi: ::1:62211 - ASGI [7] Send {'type': 'http.response.body', 'body': '<45 bytes>', 'more_body': True}
2026-06-17 21:16:02,995 [TRACE] uvicorn.asgi: ::1:62211 - ASGI [7] Send {'type': 'http.response.body', 'body': '<45 bytes>', 'more_body': True}
2026-06-17 21:16:18,012 [TRACE] uvicorn.asgi: ::1:62211 - ASGI [7] Send {'type': 'http.response.body', 'body': '<45 bytes>', 'more_body': True}
2026-06-17 21:16:33,014 [TRACE] uvicorn.asgi: ::1:62211 - ASGI [7] Send {'type': 'http.response.body', 'body': '<45 bytes>', 'more_body': True}
2026-06-17 21:16:48,028 [TRACE] uvicorn.asgi: ::1:62211 - ASGI [7] Send {'type': 'http.response.body', 'body': '<45 bytes>', 'more_body': True}
2026-06-17 21:17:03,037 [TRACE] uvicorn.asgi: ::1:62211 - ASGI [7] Send {'type': 'http.response.body', 'body': '<45 bytes>', 'more_body': True}
2026-06-17 21:17:18,041 [TRACE] uvicorn.asgi: ::1:62211 - ASGI [7] Send {'type': 'http.response.body', 'body': '<45 bytes>', 'more_body': True}
2026-06-17 21:17:33,055 [TRACE] uvicorn.asgi: ::1:62211 - ASGI [7] Send {'type': 'http.response.body', 'body': '<45 bytes>', 'more_body': True}
2026-06-17 21:17:48,061 [TRACE] uvicorn.asgi: ::1:62211 - ASGI [7] Send {'type': 'http.response.body', 'body': '<45 bytes>', 'more_body': True}
2026-06-17 21:18:03,075 [TRACE] uvicorn.asgi: ::1:62211 - ASGI [7] Send {'type': 'http.response.body', 'body': '<45 bytes>', 'more_body': True}
2026-06-17 21:18:18,080 [TRACE] uvicorn.asgi: ::1:62211 - ASGI [7] Send {'type': 'http.response.body', 'body': '<45 bytes>', 'more_body': True}
2026-06-17 21:18:33,097 [TRACE] uvicorn.asgi: ::1:62211 - ASGI [7] Send {'type': 'http.response.body', 'body': '<45 bytes>', 'more_body': True}
2026-06-17 21:18:48,100 [TRACE] uvicorn.asgi: ::1:62211 - ASGI [7] Send {'type': 'http.response.body', 'body': '<45 bytes>', 'more_body': True}
2026-06-17 21:19:03,106 [TRACE] uvicorn.asgi: ::1:62211 - ASGI [7] Send {'type': 'http.response.body', 'body': '<45 bytes>', 'more_body': True}
2026-06-17 21:19:18,118 [TRACE] uvicorn.asgi: ::1:62211 - ASGI [7] Send {'type': 'http.response.body', 'body': '<45 bytes>', 'more_body': True}
2026-06-17 21:19:33,131 [TRACE] uvicorn.asgi: ::1:62211 - ASGI [7] Send {'type': 'http.response.body', 'body': '<45 bytes>', 'more_body': True}
2026-06-17 21:19:48,143 [TRACE] uvicorn.asgi: ::1:62211 - ASGI [7] Send {'type': 'http.response.body', 'body': '<45 bytes>', 'more_body': True}
2026-06-17 21:20:03,145 [TRACE] uvicorn.asgi: ::1:62211 - ASGI [7] Send {'type': 'http.response.body', 'body': '<45 bytes>', 'more_body': True}
2026-06-17 21:20:18,148 [TRACE] uvicorn.asgi: ::1:62211 - ASGI [7] Send {'type': 'http.response.body', 'body': '<45 bytes>', 'more_body': True}
2026-06-17 21:20:33,153 [TRACE] uvicorn.asgi: ::1:62211 - ASGI [7] Send {'type': 'http.response.body', 'body': '<45 bytes>', 'more_body': True}
2026-06-17 21:20:48,161 [TRACE] uvicorn.asgi: ::1:62211 - ASGI [7] Send {'type': 'http.response.body', 'body': '<45 bytes>', 'more_body': True}
2026-06-17 21:21:03,174 [TRACE] uvicorn.asgi: ::1:62211 - ASGI [7] Send {'type': 'http.response.body', 'body': '<45 bytes>', 'more_body': True}
2026-06-17 21:21:18,183 [TRACE] uvicorn.asgi: ::1:62211 - ASGI [7] Send {'type': 'http.response.body', 'body': '<45 bytes>', 'more_body': True}
2026-06-17 21:21:33,184 [TRACE] uvicorn.asgi: ::1:62211 - ASGI [7] Send {'type': 'http.response.body', 'body': '<45 bytes>', 'more_body': True}
2026-06-17 21:21:48,194 [TRACE] uvicorn.asgi: ::1:62211 - ASGI [7] Send {'type': 'http.response.body', 'body': '<45 bytes>', 'more_body': True}
2026-06-17 21:22:03,198 [TRACE] uvicorn.asgi: ::1:62211 - ASGI [7] Send {'type': 'http.response.body', 'body': '<45 bytes>', 'more_body': True}
2026-06-17 21:22:18,206 [TRACE] uvicorn.asgi: ::1:62211 - ASGI [7] Send {'type': 'http.response.body', 'body': '<45 bytes>', 'more_body': True}
2026-06-17 21:22:33,219 [TRACE] uvicorn.asgi: ::1:62211 - ASGI [7] Send {'type': 'http.response.body', 'body': '<45 bytes>', 'more_body': True}
2026-06-17 21:22:48,220 [TRACE] uvicorn.asgi: ::1:62211 - ASGI [7] Send {'type': 'http.response.body', 'body': '<45 bytes>', 'more_body': True}
2026-06-17 21:23:03,228 [TRACE] uvicorn.asgi: ::1:62211 - ASGI [7] Send {'type': 'http.response.body', 'body': '<45 bytes>', 'more_body': True}
2026-06-17 21:23:18,239 [TRACE] uvicorn.asgi: ::1:62211 - ASGI [7] Send {'type': 'http.response.body', 'body': '<45 bytes>', 'more_body': True}
2026-06-17 21:23:33,248 [TRACE] uvicorn.asgi: ::1:62211 - ASGI [7] Send {'type': 'http.response.body', 'body': '<45 bytes>', 'more_body': True}
2026-06-17 21:23:48,258 [TRACE] uvicorn.asgi: ::1:62211 - ASGI [7] Send {'type': 'http.response.body', 'body': '<45 bytes>', 'more_body': True}
2026-06-17 21:24:03,273 [TRACE] uvicorn.asgi: ::1:62211 - ASGI [7] Send {'type': 'http.response.body', 'body': '<45 bytes>', 'more_body': True}
2026-06-17 21:24:18,276 [TRACE] uvicorn.asgi: ::1:62211 - ASGI [7] Send {'type': 'http.response.body', 'body': '<45 bytes>', 'more_body': True}
2026-06-17 21:24:33,278 [TRACE] uvicorn.asgi: ::1:62211 - ASGI [7] Send {'type': 'http.response.body', 'body': '<45 bytes>', 'more_body': True}
2026-06-17 21:24:48,288 [TRACE] uvicorn.asgi: ::1:62211 - ASGI [7] Send {'type': 'http.response.body', 'body': '<45 bytes>', 'more_body': True}
2026-06-17 21:25:03,290 [TRACE] uvicorn.asgi: ::1:62211 - ASGI [7] Send {'type': 'http.response.body', 'body': '<45 bytes>', 'more_body': True}
2026-06-17 21:25:18,306 [TRACE] uvicorn.asgi: ::1:62211 - ASGI [7] Send {'type': 'http.response.body', 'body': '<45 bytes>', 'more_body': True}
2026-06-17 21:25:33,319 [TRACE] uvicorn.asgi: ::1:62211 - ASGI [7] Send {'type': 'http.response.body', 'body': '<45 bytes>', 'more_body': True}
2026-06-17 21:25:48,322 [TRACE] uvicorn.asgi: ::1:62211 - ASGI [7] Send {'type': 'http.response.body', 'body': '<45 bytes>', 'more_body': True}
2026-06-17 21:26:03,324 [TRACE] uvicorn.asgi: ::1:62211 - ASGI [7] Send {'type': 'http.response.body', 'body': '<45 bytes>', 'more_body': True}
2026-06-17 21:26:18,329 [TRACE] uvicorn.asgi: ::1:62211 - ASGI [7] Send {'type': 'http.response.body', 'body': '<45 bytes>', 'more_body': True}
2026-06-17 21:26:33,344 [TRACE] uvicorn.asgi: ::1:62211 - ASGI [7] Send {'type': 'http.response.body', 'body': '<45 bytes>', 'more_body': True}
2026-06-17 21:26:48,360 [TRACE] uvicorn.asgi: ::1:62211 - ASGI [7] Send {'type': 'http.response.body', 'body': '<45 bytes>', 'more_body': True}
2026-06-17 21:27:03,363 [TRACE] uvicorn.asgi: ::1:62211 - ASGI [7] Send {'type': 'http.response.body', 'body': '<45 bytes>', 'more_body': True}
2026-06-17 21:27:18,375 [TRACE] uvicorn.asgi: ::1:62211 - ASGI [7] Send {'type': 'http.response.body', 'body': '<45 bytes>', 'more_body': True}
2026-06-17 21:27:33,391 [TRACE] uvicorn.asgi: ::1:62211 - ASGI [7] Send {'type': 'http.response.body', 'body': '<45 bytes>', 'more_body': True}
2026-06-17 21:27:48,407 [TRACE] uvicorn.asgi: ::1:62211 - ASGI [7] Send {'type': 'http.response.body', 'body': '<45 bytes>', 'more_body': True}
2026-06-17 21:28:03,413 [TRACE] uvicorn.asgi: ::1:62211 - ASGI [7] Send {'type': 'http.response.body', 'body': '<45 bytes>', 'more_body': True}
2026-06-17 21:28:18,422 [TRACE] uvicorn.asgi: ::1:62211 - ASGI [7] Send {'type': 'http.response.body', 'body': '<45 bytes>', 'more_body': True}
2026-06-17 21:28:33,429 [TRACE] uvicorn.asgi: ::1:62211 - ASGI [7] Send {'type': 'http.response.body', 'body': '<45 bytes>', 'more_body': True}
2026-06-17 21:28:48,446 [TRACE] uvicorn.asgi: ::1:62211 - ASGI [7] Send {'type': 'http.response.body', 'body': '<45 bytes>', 'more_body': True}
2026-06-17 21:29:03,461 [TRACE] uvicorn.asgi: ::1:62211 - ASGI [7] Send {'type': 'http.response.body', 'body': '<45 bytes>', 'more_body': True}
2026-06-17 21:29:18,477 [TRACE] uvicorn.asgi: ::1:62211 - ASGI [7] Send {'type': 'http.response.body', 'body': '<45 bytes>', 'more_body': True}
2026-06-17 21:29:33,479 [TRACE] uvicorn.asgi: ::1:62211 - ASGI [7] Send {'type': 'http.response.body', 'body': '<45 bytes>', 'more_body': True}
2026-06-17 21:29:48,495 [TRACE] uvicorn.asgi: ::1:62211 - ASGI [7] Send {'type': 'http.response.body', 'body': '<45 bytes>', 'more_body': True}
2026-06-17 21:30:03,496 [TRACE] uvicorn.asgi: ::1:62211 - ASGI [7] Send {'type': 'http.response.body', 'body': '<45 bytes>', 'more_body': True}
2026-06-17 21:30:18,508 [TRACE] uvicorn.asgi: ::1:62211 - ASGI [7] Send {'type': 'http.response.body', 'body': '<45 bytes>', 'more_body': True}
2026-06-17 21:30:33,519 [TRACE] uvicorn.asgi: ::1:62211 - ASGI [7] Send {'type': 'http.response.body', 'body': '<45 bytes>', 'more_body': True}
2026-06-17 21:30:48,527 [TRACE] uvicorn.asgi: ::1:62211 - ASGI [7] Send {'type': 'http.response.body', 'body': '<45 bytes>', 'more_body': True}
2026-06-17 21:31:03,528 [TRACE] uvicorn.asgi: ::1:62211 - ASGI [7] Send {'type': 'http.response.body', 'body': '<45 bytes>', 'more_body': True}
2026-06-17 21:31:18,534 [TRACE] uvicorn.asgi: ::1:62211 - ASGI [7] Send {'type': 'http.response.body', 'body': '<45 bytes>', 'more_body': True}
2026-06-17 21:31:33,549 [TRACE] uvicorn.asgi: ::1:62211 - ASGI [7] Send {'type': 'http.response.body', 'body': '<45 bytes>', 'more_body': True}
2026-06-17 21:31:48,556 [TRACE] uvicorn.asgi: ::1:62211 - ASGI [7] Send {'type': 'http.response.body', 'body': '<45 bytes>', 'more_body': True}
2026-06-17 21:32:03,557 [TRACE] uvicorn.asgi: ::1:62211 - ASGI [7] Send {'type': 'http.response.body', 'body': '<45 bytes>', 'more_body': True}
2026-06-17 21:32:18,559 [TRACE] uvicorn.asgi: ::1:62211 - ASGI [7] Send {'type': 'http.response.body', 'body': '<45 bytes>', 'more_body': True}
2026-06-17 21:32:33,569 [TRACE] uvicorn.asgi: ::1:62211 - ASGI [7] Send {'type': 'http.response.body', 'body': '<45 bytes>', 'more_body': True}
2026-06-17 21:32:48,582 [TRACE] uvicorn.asgi: ::1:62211 - ASGI [7] Send {'type': 'http.response.body', 'body': '<45 bytes>', 'more_body': True}
2026-06-17 21:33:03,599 [TRACE] uvicorn.asgi: ::1:62211 - ASGI [7] Send {'type': 'http.response.body', 'body': '<45 bytes>', 'more_body': True}
2026-06-17 21:33:18,600 [TRACE] uvicorn.asgi: ::1:62211 - ASGI [7] Send {'type': 'http.response.body', 'body': '<45 bytes>', 'more_body': True}
2026-06-17 21:33:33,617 [TRACE] uvicorn.asgi: ::1:62211 - ASGI [7] Send {'type': 'http.response.body', 'body': '<45 bytes>', 'more_body': True}
2026-06-17 21:33:48,633 [TRACE] uvicorn.asgi: ::1:62211 - ASGI [7] Send {'type': 'http.response.body', 'body': '<45 bytes>', 'more_body': True}
2026-06-17 21:34:03,638 [TRACE] uvicorn.asgi: ::1:62211 - ASGI [7] Send {'type': 'http.response.body', 'body': '<45 bytes>', 'more_body': True}
2026-06-17 21:34:18,653 [TRACE] uvicorn.asgi: ::1:62211 - ASGI [7] Send {'type': 'http.response.body', 'body': '<45 bytes>', 'more_body': True}
2026-06-17 21:34:33,655 [TRACE] uvicorn.asgi: ::1:62211 - ASGI [7] Send {'type': 'http.response.body', 'body': '<45 bytes>', 'more_body': True}
2026-06-17 21:34:48,671 [TRACE] uvicorn.asgi: ::1:62211 - ASGI [7] Send {'type': 'http.response.body', 'body': '<45 bytes>', 'more_body': True}
2026-06-17 21:35:03,675 [TRACE] uvicorn.asgi: ::1:62211 - ASGI [7] Send {'type': 'http.response.body', 'body': '<45 bytes>', 'more_body': True}
2026-06-17 21:35:18,682 [TRACE] uvicorn.asgi: ::1:62211 - ASGI [7] Send {'type': 'http.response.body', 'body': '<45 bytes>', 'more_body': True}
2026-06-17 21:35:33,684 [TRACE] uvicorn.asgi: ::1:62211 - ASGI [7] Send {'type': 'http.response.body', 'body': '<45 bytes>', 'more_body': True}
2026-06-17 21:35:48,700 [TRACE] uvicorn.asgi: ::1:62211 - ASGI [7] Send {'type': 'http.response.body', 'body': '<45 bytes>', 'more_body': True}
2026-06-17 21:36:03,701 [TRACE] uvicorn.asgi: ::1:62211 - ASGI [7] Send {'type': 'http.response.body', 'body': '<45 bytes>', 'more_body': True}
2026-06-17 21:36:18,707 [TRACE] uvicorn.asgi: ::1:62211 - ASGI [7] Send {'type': 'http.response.body', 'body': '<45 bytes>', 'more_body': True}
2026-06-17 21:36:33,720 [TRACE] uvicorn.asgi: ::1:62211 - ASGI [7] Send {'type': 'http.response.body', 'body': '<45 bytes>', 'more_body': True}
2026-06-17 21:36:48,723 [TRACE] uvicorn.asgi: ::1:62211 - ASGI [7] Send {'type': 'http.response.body', 'body': '<45 bytes>', 'more_body': True}
2026-06-17 21:37:03,740 [TRACE] uvicorn.asgi: ::1:62211 - ASGI [7] Send {'type': 'http.response.body', 'body': '<45 bytes>', 'more_body': True}
2026-06-17 21:37:18,748 [TRACE] uvicorn.asgi: ::1:62211 - ASGI [7] Send {'type': 'http.response.body', 'body': '<45 bytes>', 'more_body': True}
2026-06-17 21:37:33,753 [TRACE] uvicorn.asgi: ::1:62211 - ASGI [7] Send {'type': 'http.response.body', 'body': '<45 bytes>', 'more_body': True}
2026-06-17 21:37:48,772 [TRACE] uvicorn.asgi: ::1:62211 - ASGI [7] Send {'type': 'http.response.body', 'body': '<45 bytes>', 'more_body': True}
2026-06-17 21:38:03,780 [TRACE] uvicorn.asgi: ::1:62211 - ASGI [7] Send {'type': 'http.response.body', 'body': '<45 bytes>', 'more_body': True}
2026-06-17 21:38:18,788 [TRACE] uvicorn.asgi: ::1:62211 - ASGI [7] Send {'type': 'http.response.body', 'body': '<45 bytes>', 'more_body': True}
2026-06-17 21:38:33,803 [TRACE] uvicorn.asgi: ::1:62211 - ASGI [7] Send {'type': 'http.response.body', 'body': '<45 bytes>', 'more_body': True}
2026-06-17 21:38:48,810 [TRACE] uvicorn.asgi: ::1:62211 - ASGI [7] Send {'type': 'http.response.body', 'body': '<45 bytes>', 'more_body': True}
2026-06-17 21:39:03,826 [TRACE] uvicorn.asgi: ::1:62211 - ASGI [7] Send {'type': 'http.response.body', 'body': '<45 bytes>', 'more_body': True}
2026-06-17 21:39:18,843 [TRACE] uvicorn.asgi: ::1:62211 - ASGI [7] Send {'type': 'http.response.body', 'body': '<45 bytes>', 'more_body': True}
2026-06-17 21:39:33,856 [TRACE] uvicorn.asgi: ::1:62211 - ASGI [7] Send {'type': 'http.response.body', 'body': '<45 bytes>', 'more_body': True}
2026-06-17 21:39:48,871 [TRACE] uvicorn.asgi: ::1:62211 - ASGI [7] Send {'type': 'http.response.body', 'body': '<45 bytes>', 'more_body': True}
2026-06-17 21:40:03,873 [TRACE] uvicorn.asgi: ::1:62211 - ASGI [7] Send {'type': 'http.response.body', 'body': '<45 bytes>', 'more_body': True}
2026-06-17 21:40:18,874 [TRACE] uvicorn.asgi: ::1:62211 - ASGI [7] Send {'type': 'http.response.body', 'body': '<45 bytes>', 'more_body': True}
2026-06-17 21:40:33,892 [TRACE] uvicorn.asgi: ::1:62211 - ASGI [7] Send {'type': 'http.response.body', 'body': '<45 bytes>', 'more_body': True}
2026-06-17 21:40:48,908 [TRACE] uvicorn.asgi: ::1:62211 - ASGI [7] Send {'type': 'http.response.body', 'body': '<45 bytes>', 'more_body': True}
2026-06-17 21:41:03,924 [TRACE] uvicorn.asgi: ::1:62211 - ASGI [7] Send {'type': 'http.response.body', 'body': '<45 bytes>', 'more_body': True}
2026-06-17 21:41:18,939 [TRACE] uvicorn.asgi: ::1:62211 - ASGI [7] Send {'type': 'http.response.body', 'body': '<45 bytes>', 'more_body': True}
2026-06-17 21:41:33,943 [TRACE] uvicorn.asgi: ::1:62211 - ASGI [7] Send {'type': 'http.response.body', 'body': '<45 bytes>', 'more_body': True}
2026-06-17 21:41:48,957 [TRACE] uvicorn.asgi: ::1:62211 - ASGI [7] Send {'type': 'http.response.body', 'body': '<45 bytes>', 'more_body': True}
2026-06-17 21:42:03,974 [TRACE] uvicorn.asgi: ::1:62211 - ASGI [7] Send {'type': 'http.response.body', 'body': '<45 bytes>', 'more_body': True}
2026-06-17 21:42:18,976 [TRACE] uvicorn.asgi: ::1:62211 - ASGI [7] Send {'type': 'http.response.body', 'body': '<45 bytes>', 'more_body': True}
2026-06-17 21:42:33,991 [TRACE] uvicorn.asgi: ::1:62211 - ASGI [7] Send {'type': 'http.response.body', 'body': '<45 bytes>', 'more_body': True}
2026-06-17 21:42:49,004 [TRACE] uvicorn.asgi: ::1:62211 - ASGI [7] Send {'type': 'http.response.body', 'body': '<45 bytes>', 'more_body': True}
2026-06-17 21:43:04,012 [TRACE] uvicorn.asgi: ::1:62211 - ASGI [7] Send {'type': 'http.response.body', 'body': '<45 bytes>', 'more_body': True}
2026-06-17 21:43:19,024 [TRACE] uvicorn.asgi: ::1:62211 - ASGI [7] Send {'type': 'http.response.body', 'body': '<45 bytes>', 'more_body': True}
2026-06-17 21:43:34,036 [TRACE] uvicorn.asgi: ::1:62211 - ASGI [7] Send {'type': 'http.response.body', 'body': '<45 bytes>', 'more_body': True}
2026-06-17 21:43:49,039 [TRACE] uvicorn.asgi: ::1:62211 - ASGI [7] Send {'type': 'http.response.body', 'body': '<45 bytes>', 'more_body': True}
2026-06-17 21:44:04,054 [TRACE] uvicorn.asgi: ::1:62211 - ASGI [7] Send {'type': 'http.response.body', 'body': '<45 bytes>', 'more_body': True}
2026-06-17 21:44:19,070 [TRACE] uvicorn.asgi: ::1:62211 - ASGI [7] Send {'type': 'http.response.body', 'body': '<45 bytes>', 'more_body': True}
2026-06-17 21:44:34,072 [TRACE] uvicorn.asgi: ::1:62211 - ASGI [7] Send {'type': 'http.response.body', 'body': '<45 bytes>', 'more_body': True}
2026-06-17 21:44:49,074 [TRACE] uvicorn.asgi: ::1:62211 - ASGI [7] Send {'type': 'http.response.body', 'body': '<45 bytes>', 'more_body': True}
2026-06-17 21:45:04,088 [TRACE] uvicorn.asgi: ::1:62211 - ASGI [7] Send {'type': 'http.response.body', 'body': '<45 bytes>', 'more_body': True}
2026-06-17 21:45:19,100 [TRACE] uvicorn.asgi: ::1:62211 - ASGI [7] Send {'type': 'http.response.body', 'body': '<45 bytes>', 'more_body': True}
2026-06-17 21:45:34,111 [TRACE] uvicorn.asgi: ::1:62211 - ASGI [7] Send {'type': 'http.response.body', 'body': '<45 bytes>', 'more_body': True}
2026-06-17 21:45:49,127 [TRACE] uvicorn.asgi: ::1:62211 - ASGI [7] Send {'type': 'http.response.body', 'body': '<45 bytes>', 'more_body': True}
2026-06-17 21:46:04,140 [TRACE] uvicorn.asgi: ::1:62211 - ASGI [7] Send {'type': 'http.response.body', 'body': '<45 bytes>', 'more_body': True}
2026-06-17 21:46:19,148 [TRACE] uvicorn.asgi: ::1:62211 - ASGI [7] Send {'type': 'http.response.body', 'body': '<45 bytes>', 'more_body': True}
2026-06-17 21:46:34,158 [TRACE] uvicorn.asgi: ::1:62211 - ASGI [7] Send {'type': 'http.response.body', 'body': '<45 bytes>', 'more_body': True}
2026-06-17 21:46:49,172 [TRACE] uvicorn.asgi: ::1:62211 - ASGI [7] Send {'type': 'http.response.body', 'body': '<45 bytes>', 'more_body': True}
2026-06-17 21:47:04,182 [TRACE] uvicorn.asgi: ::1:62211 - ASGI [7] Send {'type': 'http.response.body', 'body': '<45 bytes>', 'more_body': True}
2026-06-17 21:47:19,192 [TRACE] uvicorn.asgi: ::1:62211 - ASGI [7] Send {'type': 'http.response.body', 'body': '<45 bytes>', 'more_body': True}
2026-06-17 21:47:34,203 [TRACE] uvicorn.asgi: ::1:62211 - ASGI [7] Send {'type': 'http.response.body', 'body': '<45 bytes>', 'more_body': True}
2026-06-17 21:47:49,216 [TRACE] uvicorn.asgi: ::1:62211 - ASGI [7] Send {'type': 'http.response.body', 'body': '<45 bytes>', 'more_body': True}
2026-06-17 21:48:04,227 [TRACE] uvicorn.asgi: ::1:62211 - ASGI [7] Send {'type': 'http.response.body', 'body': '<45 bytes>', 'more_body': True}
2026-06-17 21:48:19,242 [TRACE] uvicorn.asgi: ::1:62211 - ASGI [7] Send {'type': 'http.response.body', 'body': '<45 bytes>', 'more_body': True}
2026-06-17 21:48:34,251 [TRACE] uvicorn.asgi: ::1:62211 - ASGI [7] Send {'type': 'http.response.body', 'body': '<45 bytes>', 'more_body': True}
2026-06-17 21:48:49,261 [TRACE] uvicorn.asgi: ::1:62211 - ASGI [7] Send {'type': 'http.response.body', 'body': '<45 bytes>', 'more_body': True}
2026-06-17 21:49:04,272 [TRACE] uvicorn.asgi: ::1:62211 - ASGI [7] Send {'type': 'http.response.body', 'body': '<45 bytes>', 'more_body': True}
2026-06-17 21:49:19,283 [TRACE] uvicorn.asgi: ::1:62211 - ASGI [7] Send {'type': 'http.response.body', 'body': '<45 bytes>', 'more_body': True}
2026-06-17 21:49:34,288 [TRACE] uvicorn.asgi: ::1:62211 - ASGI [7] Send {'type': 'http.response.body', 'body': '<45 bytes>', 'more_body': True}
2026-06-17 21:49:49,299 [TRACE] uvicorn.asgi: ::1:62211 - ASGI [7] Send {'type': 'http.response.body', 'body': '<45 bytes>', 'more_body': True}
2026-06-17 21:50:04,309 [TRACE] uvicorn.asgi: ::1:62211 - ASGI [7] Send {'type': 'http.response.body', 'body': '<45 bytes>', 'more_body': True}
2026-06-17 21:50:19,311 [TRACE] uvicorn.asgi: ::1:62211 - ASGI [7] Send {'type': 'http.response.body', 'body': '<45 bytes>', 'more_body': True}
2026-06-17 21:50:34,313 [TRACE] uvicorn.asgi: ::1:62211 - ASGI [7] Send {'type': 'http.response.body', 'body': '<45 bytes>', 'more_body': True}
2026-06-17 21:50:49,318 [TRACE] uvicorn.asgi: ::1:62211 - ASGI [7] Send {'type': 'http.response.body', 'body': '<45 bytes>', 'more_body': True}
2026-06-17 21:51:04,332 [TRACE] uvicorn.asgi: ::1:62211 - ASGI [7] Send {'type': 'http.response.body', 'body': '<45 bytes>', 'more_body': True}
2026-06-17 21:51:19,348 [TRACE] uvicorn.asgi: ::1:62211 - ASGI [7] Send {'type': 'http.response.body', 'body': '<45 bytes>', 'more_body': True}
2026-06-17 21:51:34,361 [TRACE] uvicorn.asgi: ::1:62211 - ASGI [7] Send {'type': 'http.response.body', 'body': '<45 bytes>', 'more_body': True}
2026-06-17 21:51:49,369 [TRACE] uvicorn.asgi: ::1:62211 - ASGI [7] Send {'type': 'http.response.body', 'body': '<45 bytes>', 'more_body': True}
2026-06-17 21:52:04,380 [TRACE] uvicorn.asgi: ::1:62211 - ASGI [7] Send {'type': 'http.response.body', 'body': '<45 bytes>', 'more_body': True}
2026-06-17 21:52:19,396 [TRACE] uvicorn.asgi: ::1:62211 - ASGI [7] Send {'type': 'http.response.body', 'body': '<45 bytes>', 'more_body': True}
2026-06-17 21:52:34,399 [TRACE] uvicorn.asgi: ::1:62211 - ASGI [7] Send {'type': 'http.response.body', 'body': '<45 bytes>', 'more_body': True}
2026-06-17 21:52:49,414 [TRACE] uvicorn.asgi: ::1:62211 - ASGI [7] Send {'type': 'http.response.body', 'body': '<45 bytes>', 'more_body': True}
2026-06-17 21:53:04,416 [TRACE] uvicorn.asgi: ::1:62211 - ASGI [7] Send {'type': 'http.response.body', 'body': '<45 bytes>', 'more_body': True}
2026-06-17 21:53:19,420 [TRACE] uvicorn.asgi: ::1:62211 - ASGI [7] Send {'type': 'http.response.body', 'body': '<45 bytes>', 'more_body': True}
2026-06-17 21:53:34,435 [TRACE] uvicorn.asgi: ::1:62211 - ASGI [7] Send {'type': 'http.response.body', 'body': '<45 bytes>', 'more_body': True}
2026-06-17 21:53:49,441 [TRACE] uvicorn.asgi: ::1:62211 - ASGI [7] Send {'type': 'http.response.body', 'body': '<45 bytes>', 'more_body': True}
2026-06-17 21:54:04,451 [TRACE] uvicorn.asgi: ::1:62211 - ASGI [7] Send {'type': 'http.response.body', 'body': '<45 bytes>', 'more_body': True}
2026-06-17 21:54:19,467 [TRACE] uvicorn.asgi: ::1:62211 - ASGI [7] Send {'type': 'http.response.body', 'body': '<45 bytes>', 'more_body': True}
2026-06-17 21:54:34,474 [TRACE] uvicorn.asgi: ::1:62211 - ASGI [7] Send {'type': 'http.response.body', 'body': '<45 bytes>', 'more_body': True}
2026-06-17 21:54:49,478 [TRACE] uvicorn.asgi: ::1:62211 - ASGI [7] Send {'type': 'http.response.body', 'body': '<45 bytes>', 'more_body': True}
2026-06-17 21:55:04,482 [TRACE] uvicorn.asgi: ::1:62211 - ASGI [7] Send {'type': 'http.response.body', 'body': '<45 bytes>', 'more_body': True}
2026-06-17 21:55:19,491 [TRACE] uvicorn.asgi: ::1:62211 - ASGI [7] Send {'type': 'http.response.body', 'body': '<45 bytes>', 'more_body': True}
2026-06-17 21:55:21,003 [TRACE] uvicorn.error: ::1:51780 - HTTP connection made
2026-06-17 21:55:21,011 [TRACE] uvicorn.asgi: ::1:51780 - ASGI [69] Started scope={'type': 'http', 'asgi': {'version': '3.0', 'spec_version': '2.3'}, 'http_version': '1.1', 'server': ('::1', 8003), 'client': ('::1', 51780), 'scheme': 'http', 'method': 'POST', 'root_path': '', 'path': '/mcp/', 'raw_path': b'/mcp/', 'query_string': b'', 'headers': '<...>', 'state': {}}
2026-06-17 21:55:21,035 [TRACE] uvicorn.asgi: ::1:51780 - ASGI [69] Receive {'type': 'http.request', 'body': '<102 bytes>', 'more_body': False}
2026-06-17 21:55:21,061 [TRACE] uvicorn.asgi: ::1:51780 - ASGI [69] Send {'type': 'http.response.start', 'status': 200, 'headers': '<...>'}
2026-06-17 21:55:21,061 [INFO] uvicorn.access: ::1:51780 - "POST /mcp/ HTTP/1.1" 200
2026-06-17 21:55:21,116 [INFO] mcp.server.lowlevel.server: Processing request of type ReadResourceRequest
2026-06-17 21:55:21,158 [TRACE] uvicorn.asgi: ::1:51780 - ASGI [69] Send {'type': 'http.response.body', 'body': '<1882 bytes>', 'more_body': True}
2026-06-17 21:55:21,159 [TRACE] uvicorn.asgi: ::1:51780 - ASGI [69] Send {'type': 'http.response.body', 'body': '<0 bytes>', 'more_body': False}
2026-06-17 21:55:21,159 [TRACE] uvicorn.asgi: ::1:51780 - ASGI [69] Receive {'type': 'http.disconnect'}
2026-06-17 21:55:21,161 [TRACE] uvicorn.error: ::1:51780 - HTTP connection lost
2026-06-17 21:55:21,161 [TRACE] uvicorn.asgi: ::1:51780 - ASGI [69] Completed
2026-06-17 21:55:34,504 [TRACE] uvicorn.asgi: ::1:62211 - ASGI [7] Send {'type': 'http.response.body', 'body': '<45 bytes>', 'more_body': True}
2026-06-17 21:55:49,514 [TRACE] uvicorn.asgi: ::1:62211 - ASGI [7] Send {'type': 'http.response.body', 'body': '<45 bytes>', 'more_body': True}
2026-06-17 21:56:04,528 [TRACE] uvicorn.asgi: ::1:62211 - ASGI [7] Send {'type': 'http.response.body', 'body': '<45 bytes>', 'more_body': True}
2026-06-17 21:56:19,542 [TRACE] uvicorn.asgi: ::1:62211 - ASGI [7] Send {'type': 'http.response.body', 'body': '<45 bytes>', 'more_body': True}
2026-06-17 21:56:22,544 [TRACE] uvicorn.error: ::1:51785 - HTTP connection made
2026-06-17 21:56:22,545 [TRACE] uvicorn.asgi: ::1:51785 - ASGI [70] Started scope={'type': 'http', 'asgi': {'version': '3.0', 'spec_version': '2.3'}, 'http_version': '1.1', 'server': ('::1', 8003), 'client': ('::1', 51785), 'scheme': 'http', 'method': 'POST', 'root_path': '', 'path': '/mcp/', 'raw_path': b'/mcp/', 'query_string': b'', 'headers': '<...>', 'state': {}}
2026-06-17 21:56:22,546 [TRACE] uvicorn.asgi: ::1:51785 - ASGI [70] Receive {'type': 'http.request', 'body': '<110 bytes>', 'more_body': False}
2026-06-17 21:56:22,546 [TRACE] uvicorn.asgi: ::1:51785 - ASGI [70] Send {'type': 'http.response.start', 'status': 200, 'headers': '<...>'}
2026-06-17 21:56:22,546 [INFO] uvicorn.access: ::1:51785 - "POST /mcp/ HTTP/1.1" 200
2026-06-17 21:56:22,548 [INFO] mcp.server.lowlevel.server: Processing request of type ReadResourceRequest
2026-06-17 21:56:22,566 [TRACE] uvicorn.asgi: ::1:51785 - ASGI [70] Send {'type': 'http.response.body', 'body': '<773 bytes>', 'more_body': True}
2026-06-17 21:56:22,566 [TRACE] uvicorn.asgi: ::1:51785 - ASGI [70] Send {'type': 'http.response.body', 'body': '<0 bytes>', 'more_body': False}
2026-06-17 21:56:22,567 [TRACE] uvicorn.asgi: ::1:51785 - ASGI [70] Receive {'type': 'http.disconnect'}
2026-06-17 21:56:22,567 [TRACE] uvicorn.error: ::1:51785 - HTTP connection lost
2026-06-17 21:56:22,567 [TRACE] uvicorn.asgi: ::1:51785 - ASGI [70] Completed
2026-06-17 21:56:34,554 [TRACE] uvicorn.asgi: ::1:62211 - ASGI [7] Send {'type': 'http.response.body', 'body': '<45 bytes>', 'more_body': True}
2026-06-17 21:56:49,566 [TRACE] uvicorn.asgi: ::1:62211 - ASGI [7] Send {'type': 'http.response.body', 'body': '<45 bytes>', 'more_body': True}
2026-06-17 21:57:04,569 [TRACE] uvicorn.asgi: ::1:62211 - ASGI [7] Send {'type': 'http.response.body', 'body': '<45 bytes>', 'more_body': True}
2026-06-17 21:57:19,575 [TRACE] uvicorn.asgi: ::1:62211 - ASGI [7] Send {'type': 'http.response.body', 'body': '<45 bytes>', 'more_body': True}
2026-06-17 21:57:34,587 [TRACE] uvicorn.asgi: ::1:62211 - ASGI [7] Send {'type': 'http.response.body', 'body': '<45 bytes>', 'more_body': True}
2026-06-17 21:57:49,598 [TRACE] uvicorn.asgi: ::1:62211 - ASGI [7] Send {'type': 'http.response.body', 'body': '<45 bytes>', 'more_body': True}
2026-06-17 21:58:04,604 [TRACE] uvicorn.asgi: ::1:62211 - ASGI [7] Send {'type': 'http.response.body', 'body': '<45 bytes>', 'more_body': True}
2026-06-17 21:58:19,606 [TRACE] uvicorn.asgi: ::1:62211 - ASGI [7] Send {'type': 'http.response.body', 'body': '<45 bytes>', 'more_body': True}
2026-06-17 21:58:34,624 [TRACE] uvicorn.asgi: ::1:62211 - ASGI [7] Send {'type': 'http.response.body', 'body': '<45 bytes>', 'more_body': True}
2026-06-17 21:58:49,628 [TRACE] uvicorn.asgi: ::1:62211 - ASGI [7] Send {'type': 'http.response.body', 'body': '<45 bytes>', 'more_body': True}
2026-06-17 21:59:04,644 [TRACE] uvicorn.asgi: ::1:62211 - ASGI [7] Send {'type': 'http.response.body', 'body': '<45 bytes>', 'more_body': True}
2026-06-17 21:59:19,661 [TRACE] uvicorn.asgi: ::1:62211 - ASGI [7] Send {'type': 'http.response.body', 'body': '<45 bytes>', 'more_body': True}
2026-06-17 21:59:34,674 [TRACE] uvicorn.asgi: ::1:62211 - ASGI [7] Send {'type': 'http.response.body', 'body': '<45 bytes>', 'more_body': True}
2026-06-17 21:59:49,688 [TRACE] uvicorn.asgi: ::1:62211 - ASGI [7] Send {'type': 'http.response.body', 'body': '<45 bytes>', 'more_body': True}
2026-06-17 22:00:04,690 [TRACE] uvicorn.asgi: ::1:62211 - ASGI [7] Send {'type': 'http.response.body', 'body': '<45 bytes>', 'more_body': True}
2026-06-17 22:00:19,704 [TRACE] uvicorn.asgi: ::1:62211 - ASGI [7] Send {'type': 'http.response.body', 'body': '<45 bytes>', 'more_body': True}
2026-06-17 22:00:25,613 [TRACE] uvicorn.error: ::1:64506 - HTTP connection made
2026-06-17 22:00:25,614 [TRACE] uvicorn.asgi: ::1:64506 - ASGI [71] Started scope={'type': 'http', 'asgi': {'version': '3.0', 'spec_version': '2.3'}, 'http_version': '1.1', 'server': ('::1', 8003), 'client': ('::1', 64506), 'scheme': 'http', 'method': 'POST', 'root_path': '', 'path': '/mcp/', 'raw_path': b'/mcp/', 'query_string': b'', 'headers': '<...>', 'state': {}}
2026-06-17 22:00:25,615 [TRACE] uvicorn.asgi: ::1:64506 - ASGI [71] Receive {'type': 'http.request', 'body': '<62 bytes>', 'more_body': False}
2026-06-17 22:00:25,616 [TRACE] uvicorn.asgi: ::1:64506 - ASGI [71] Send {'type': 'http.response.start', 'status': 200, 'headers': '<...>'}
2026-06-17 22:00:25,617 [INFO] uvicorn.access: ::1:64506 - "POST /mcp/ HTTP/1.1" 200
2026-06-17 22:00:25,621 [INFO] mcp.server.lowlevel.server: Processing request of type ListResourcesRequest
2026-06-17 22:00:25,641 [TRACE] uvicorn.asgi: ::1:64506 - ASGI [71] Send {'type': 'http.response.body', 'body': '<363 bytes>', 'more_body': True}
2026-06-17 22:00:25,644 [TRACE] uvicorn.asgi: ::1:64506 - ASGI [71] Send {'type': 'http.response.body', 'body': '<0 bytes>', 'more_body': False}
2026-06-17 22:00:25,646 [TRACE] uvicorn.asgi: ::1:64506 - ASGI [71] Receive {'type': 'http.disconnect'}
2026-06-17 22:00:25,646 [TRACE] uvicorn.error: ::1:64506 - HTTP connection lost
2026-06-17 22:00:25,647 [TRACE] uvicorn.asgi: ::1:64506 - ASGI [71] Completed
2026-06-17 22:00:34,712 [TRACE] uvicorn.asgi: ::1:62211 - ASGI [7] Send {'type': 'http.response.body', 'body': '<45 bytes>', 'more_body': True}
2026-06-17 22:00:49,721 [TRACE] uvicorn.asgi: ::1:62211 - ASGI [7] Send {'type': 'http.response.body', 'body': '<45 bytes>', 'more_body': True}
2026-06-17 22:01:04,727 [TRACE] uvicorn.asgi: ::1:62211 - ASGI [7] Send {'type': 'http.response.body', 'body': '<45 bytes>', 'more_body': True}
2026-06-17 22:01:19,651 [TRACE] uvicorn.error: ::1:64509 - HTTP connection made
2026-06-17 22:01:19,652 [TRACE] uvicorn.asgi: ::1:64509 - ASGI [72] Started scope={'type': 'http', 'asgi': {'version': '3.0', 'spec_version': '2.3'}, 'http_version': '1.1', 'server': ('::1', 8003), 'client': ('::1', 64509), 'scheme': 'http', 'method': 'POST', 'root_path': '', 'path': '/mcp/', 'raw_path': b'/mcp/', 'query_string': b'', 'headers': '<...>', 'state': {}}
2026-06-17 22:01:19,652 [TRACE] uvicorn.asgi: ::1:64509 - ASGI [72] Receive {'type': 'http.request', 'body': '<58 bytes>', 'more_body': False}
2026-06-17 22:01:19,653 [TRACE] uvicorn.asgi: ::1:64509 - ASGI [72] Send {'type': 'http.response.start', 'status': 200, 'headers': '<...>'}
2026-06-17 22:01:19,653 [INFO] uvicorn.access: ::1:64509 - "POST /mcp/ HTTP/1.1" 200
2026-06-17 22:01:19,656 [INFO] mcp.server.lowlevel.server: Processing request of type ListToolsRequest
2026-06-17 22:01:19,668 [TRACE] uvicorn.asgi: ::1:64509 - ASGI [72] Send {'type': 'http.response.body', 'body': '<791 bytes>', 'more_body': True}
2026-06-17 22:01:19,668 [TRACE] uvicorn.asgi: ::1:64509 - ASGI [72] Send {'type': 'http.response.body', 'body': '<0 bytes>', 'more_body': False}
2026-06-17 22:01:19,669 [TRACE] uvicorn.asgi: ::1:64509 - ASGI [72] Receive {'type': 'http.disconnect'}
2026-06-17 22:01:19,669 [TRACE] uvicorn.error: ::1:64509 - HTTP connection lost
2026-06-17 22:01:19,670 [TRACE] uvicorn.asgi: ::1:64509 - ASGI [72] Completed
2026-06-17 22:01:19,742 [TRACE] uvicorn.asgi: ::1:62211 - ASGI [7] Send {'type': 'http.response.body', 'body': '<45 bytes>', 'more_body': True}
2026-06-17 22:01:34,759 [TRACE] uvicorn.asgi: ::1:62211 - ASGI [7] Send {'type': 'http.response.body', 'body': '<45 bytes>', 'more_body': True}
2026-06-17 22:01:49,767 [TRACE] uvicorn.asgi: ::1:62211 - ASGI [7] Send {'type': 'http.response.body', 'body': '<45 bytes>', 'more_body': True}
2026-06-17 22:02:04,775 [TRACE] uvicorn.asgi: ::1:62211 - ASGI [7] Send {'type': 'http.response.body', 'body': '<45 bytes>', 'more_body': True}
2026-06-17 22:02:19,778 [TRACE] uvicorn.asgi: ::1:62211 - ASGI [7] Send {'type': 'http.response.body', 'body': '<45 bytes>', 'more_body': True}
2026-06-17 22:02:34,783 [TRACE] uvicorn.asgi: ::1:62211 - ASGI [7] Send {'type': 'http.response.body', 'body': '<45 bytes>', 'more_body': True}
2026-06-17 22:02:49,799 [TRACE] uvicorn.asgi: ::1:62211 - ASGI [7] Send {'type': 'http.response.body', 'body': '<45 bytes>', 'more_body': True}
2026-06-17 22:03:04,816 [TRACE] uvicorn.asgi: ::1:62211 - ASGI [7] Send {'type': 'http.response.body', 'body': '<45 bytes>', 'more_body': True}
2026-06-17 22:03:19,832 [TRACE] uvicorn.asgi: ::1:62211 - ASGI [7] Send {'type': 'http.response.body', 'body': '<45 bytes>', 'more_body': True}
2026-06-17 22:03:34,844 [TRACE] uvicorn.asgi: ::1:62211 - ASGI [7] Send {'type': 'http.response.body', 'body': '<45 bytes>', 'more_body': True}
2026-06-17 22:03:49,856 [TRACE] uvicorn.asgi: ::1:62211 - ASGI [7] Send {'type': 'http.response.body', 'body': '<45 bytes>', 'more_body': True}
2026-06-17 22:04:04,867 [TRACE] uvicorn.asgi: ::1:62211 - ASGI [7] Send {'type': 'http.response.body', 'body': '<45 bytes>', 'more_body': True}
2026-06-17 22:04:19,879 [TRACE] uvicorn.asgi: ::1:62211 - ASGI [7] Send {'type': 'http.response.body', 'body': '<45 bytes>', 'more_body': True}
2026-06-17 22:04:34,893 [TRACE] uvicorn.asgi: ::1:62211 - ASGI [7] Send {'type': 'http.response.body', 'body': '<45 bytes>', 'more_body': True}
2026-06-17 22:04:49,897 [TRACE] uvicorn.asgi: ::1:62211 - ASGI [7] Send {'type': 'http.response.body', 'body': '<45 bytes>', 'more_body': True}
2026-06-17 22:05:04,898 [TRACE] uvicorn.asgi: ::1:62211 - ASGI [7] Send {'type': 'http.response.body', 'body': '<45 bytes>', 'more_body': True}
2026-06-17 22:05:19,913 [TRACE] uvicorn.asgi: ::1:62211 - ASGI [7] Send {'type': 'http.response.body', 'body': '<45 bytes>', 'more_body': True}
2026-06-17 22:05:34,929 [TRACE] uvicorn.asgi: ::1:62211 - ASGI [7] Send {'type': 'http.response.body', 'body': '<45 bytes>', 'more_body': True}
2026-06-17 22:05:49,933 [TRACE] uvicorn.asgi: ::1:62211 - ASGI [7] Send {'type': 'http.response.body', 'body': '<45 bytes>', 'more_body': True}
2026-06-17 22:06:04,942 [TRACE] uvicorn.asgi: ::1:62211 - ASGI [7] Send {'type': 'http.response.body', 'body': '<45 bytes>', 'more_body': True}
2026-06-17 22:06:19,948 [TRACE] uvicorn.asgi: ::1:62211 - ASGI [7] Send {'type': 'http.response.body', 'body': '<45 bytes>', 'more_body': True}
2026-06-17 22:06:34,960 [TRACE] uvicorn.asgi: ::1:62211 - ASGI [7] Send {'type': 'http.response.body', 'body': '<45 bytes>', 'more_body': True}
2026-06-17 22:06:49,967 [TRACE] uvicorn.asgi: ::1:62211 - ASGI [7] Send {'type': 'http.response.body', 'body': '<45 bytes>', 'more_body': True}
2026-06-17 22:07:04,983 [TRACE] uvicorn.asgi: ::1:62211 - ASGI [7] Send {'type': 'http.response.body', 'body': '<45 bytes>', 'more_body': True}
2026-06-17 22:07:19,998 [TRACE] uvicorn.asgi: ::1:62211 - ASGI [7] Send {'type': 'http.response.body', 'body': '<45 bytes>', 'more_body': True}
2026-06-17 22:07:34,999 [TRACE] uvicorn.asgi: ::1:62211 - ASGI [7] Send {'type': 'http.response.body', 'body': '<45 bytes>', 'more_body': True}
2026-06-17 22:07:50,014 [TRACE] uvicorn.asgi: ::1:62211 - ASGI [7] Send {'type': 'http.response.body', 'body': '<45 bytes>', 'more_body': True}
2026-06-17 22:08:05,030 [TRACE] uvicorn.asgi: ::1:62211 - ASGI [7] Send {'type': 'http.response.body', 'body': '<45 bytes>', 'more_body': True}
2026-06-17 22:08:20,032 [TRACE] uvicorn.asgi: ::1:62211 - ASGI [7] Send {'type': 'http.response.body', 'body': '<45 bytes>', 'more_body': True}
2026-06-17 22:08:35,045 [TRACE] uvicorn.asgi: ::1:62211 - ASGI [7] Send {'type': 'http.response.body', 'body': '<45 bytes>', 'more_body': True}
2026-06-17 22:08:50,046 [TRACE] uvicorn.asgi: ::1:62211 - ASGI [7] Send {'type': 'http.response.body', 'body': '<45 bytes>', 'more_body': True}
2026-06-17 22:09:05,051 [TRACE] uvicorn.asgi: ::1:62211 - ASGI [7] Send {'type': 'http.response.body', 'body': '<45 bytes>', 'more_body': True}
2026-06-17 22:09:20,062 [TRACE] uvicorn.asgi: ::1:62211 - ASGI [7] Send {'type': 'http.response.body', 'body': '<45 bytes>', 'more_body': True}
2026-06-17 22:09:35,075 [TRACE] uvicorn.asgi: ::1:62211 - ASGI [7] Send {'type': 'http.response.body', 'body': '<45 bytes>', 'more_body': True}
2026-06-17 22:09:50,085 [TRACE] uvicorn.asgi: ::1:62211 - ASGI [7] Send {'type': 'http.response.body', 'body': '<45 bytes>', 'more_body': True}
2026-06-17 22:10:05,094 [TRACE] uvicorn.asgi: ::1:62211 - ASGI [7] Send {'type': 'http.response.body', 'body': '<45 bytes>', 'more_body': True}
2026-06-17 22:10:20,111 [TRACE] uvicorn.asgi: ::1:62211 - ASGI [7] Send {'type': 'http.response.body', 'body': '<45 bytes>', 'more_body': True}
2026-06-17 22:10:35,119 [TRACE] uvicorn.asgi: ::1:62211 - ASGI [7] Send {'type': 'http.response.body', 'body': '<45 bytes>', 'more_body': True}
2026-06-17 22:10:50,132 [TRACE] uvicorn.asgi: ::1:62211 - ASGI [7] Send {'type': 'http.response.body', 'body': '<45 bytes>', 'more_body': True}
2026-06-17 22:11:05,144 [TRACE] uvicorn.asgi: ::1:62211 - ASGI [7] Send {'type': 'http.response.body', 'body': '<45 bytes>', 'more_body': True}
2026-06-17 22:11:20,155 [TRACE] uvicorn.asgi: ::1:62211 - ASGI [7] Send {'type': 'http.response.body', 'body': '<45 bytes>', 'more_body': True}
2026-06-17 22:11:35,157 [TRACE] uvicorn.asgi: ::1:62211 - ASGI [7] Send {'type': 'http.response.body', 'body': '<45 bytes>', 'more_body': True}
2026-06-17 22:11:50,161 [TRACE] uvicorn.asgi: ::1:62211 - ASGI [7] Send {'type': 'http.response.body', 'body': '<45 bytes>', 'more_body': True}
2026-06-17 22:12:05,169 [TRACE] uvicorn.asgi: ::1:62211 - ASGI [7] Send {'type': 'http.response.body', 'body': '<45 bytes>', 'more_body': True}
2026-06-17 22:17:53,103 [TRACE] uvicorn.asgi: ::1:62211 - ASGI [7] Send {'type': 'http.response.body', 'body': '<45 bytes>', 'more_body': True}
2026-06-17 22:18:08,119 [TRACE] uvicorn.asgi: ::1:62211 - ASGI [7] Send {'type': 'http.response.body', 'body': '<45 bytes>', 'more_body': True}
2026-06-17 22:18:23,128 [TRACE] uvicorn.asgi: ::1:62211 - ASGI [7] Send {'type': 'http.response.body', 'body': '<45 bytes>', 'more_body': True}
2026-06-17 22:18:38,135 [TRACE] uvicorn.asgi: ::1:62211 - ASGI [7] Send {'type': 'http.response.body', 'body': '<45 bytes>', 'more_body': True}
2026-06-17 22:18:53,139 [TRACE] uvicorn.asgi: ::1:62211 - ASGI [7] Send {'type': 'http.response.body', 'body': '<45 bytes>', 'more_body': True}
2026-06-17 22:19:08,144 [TRACE] uvicorn.asgi: ::1:62211 - ASGI [7] Send {'type': 'http.response.body', 'body': '<45 bytes>', 'more_body': True}
2026-06-17 22:19:23,145 [TRACE] uvicorn.asgi: ::1:62211 - ASGI [7] Send {'type': 'http.response.body', 'body': '<45 bytes>', 'more_body': True}
2026-06-17 22:19:38,154 [TRACE] uvicorn.asgi: ::1:62211 - ASGI [7] Send {'type': 'http.response.body', 'body': '<45 bytes>', 'more_body': True}
2026-06-17 22:19:53,165 [TRACE] uvicorn.asgi: ::1:62211 - ASGI [7] Send {'type': 'http.response.body', 'body': '<45 bytes>', 'more_body': True}
2026-06-17 22:20:08,174 [TRACE] uvicorn.asgi: ::1:62211 - ASGI [7] Send {'type': 'http.response.body', 'body': '<45 bytes>', 'more_body': True}
2026-06-17 22:20:23,177 [TRACE] uvicorn.asgi: ::1:62211 - ASGI [7] Send {'type': 'http.response.body', 'body': '<45 bytes>', 'more_body': True}
2026-06-17 22:20:38,187 [TRACE] uvicorn.asgi: ::1:62211 - ASGI [7] Send {'type': 'http.response.body', 'body': '<45 bytes>', 'more_body': True}
2026-06-17 22:20:53,199 [TRACE] uvicorn.asgi: ::1:62211 - ASGI [7] Send {'type': 'http.response.body', 'body': '<45 bytes>', 'more_body': True}
2026-06-17 22:21:08,216 [TRACE] uvicorn.asgi: ::1:62211 - ASGI [7] Send {'type': 'http.response.body', 'body': '<45 bytes>', 'more_body': True}
2026-06-17 22:21:23,232 [TRACE] uvicorn.asgi: ::1:62211 - ASGI [7] Send {'type': 'http.response.body', 'body': '<45 bytes>', 'more_body': True}
2026-06-17 22:21:38,243 [TRACE] uvicorn.asgi: ::1:62211 - ASGI [7] Send {'type': 'http.response.body', 'body': '<45 bytes>', 'more_body': True}
2026-06-17 22:21:53,258 [TRACE] uvicorn.asgi: ::1:62211 - ASGI [7] Send {'type': 'http.response.body', 'body': '<45 bytes>', 'more_body': True}
2026-06-17 22:22:08,267 [TRACE] uvicorn.asgi: ::1:62211 - ASGI [7] Send {'type': 'http.response.body', 'body': '<45 bytes>', 'more_body': True}
2026-06-17 22:22:23,278 [TRACE] uvicorn.asgi: ::1:62211 - ASGI [7] Send {'type': 'http.response.body', 'body': '<45 bytes>', 'more_body': True}
2026-06-17 22:22:38,293 [TRACE] uvicorn.asgi: ::1:62211 - ASGI [7] Send {'type': 'http.response.body', 'body': '<45 bytes>', 'more_body': True}
2026-06-17 22:22:53,300 [TRACE] uvicorn.asgi: ::1:62211 - ASGI [7] Send {'type': 'http.response.body', 'body': '<45 bytes>', 'more_body': True}
2026-06-17 22:23:08,312 [TRACE] uvicorn.asgi: ::1:62211 - ASGI [7] Send {'type': 'http.response.body', 'body': '<45 bytes>', 'more_body': True}
2026-06-17 22:23:23,319 [TRACE] uvicorn.asgi: ::1:62211 - ASGI [7] Send {'type': 'http.response.body', 'body': '<45 bytes>', 'more_body': True}
2026-06-17 22:23:38,337 [TRACE] uvicorn.asgi: ::1:62211 - ASGI [7] Send {'type': 'http.response.body', 'body': '<45 bytes>', 'more_body': True}
2026-06-17 22:23:53,341 [TRACE] uvicorn.asgi: ::1:62211 - ASGI [7] Send {'type': 'http.response.body', 'body': '<45 bytes>', 'more_body': True}
2026-06-17 22:24:08,342 [TRACE] uvicorn.asgi: ::1:62211 - ASGI [7] Send {'type': 'http.response.body', 'body': '<45 bytes>', 'more_body': True}
2026-06-17 22:24:23,353 [TRACE] uvicorn.asgi: ::1:62211 - ASGI [7] Send {'type': 'http.response.body', 'body': '<45 bytes>', 'more_body': True}
2026-06-17 22:24:38,366 [TRACE] uvicorn.asgi: ::1:62211 - ASGI [7] Send {'type': 'http.response.body', 'body': '<45 bytes>', 'more_body': True}
2026-06-17 22:24:53,374 [TRACE] uvicorn.asgi: ::1:62211 - ASGI [7] Send {'type': 'http.response.body', 'body': '<45 bytes>', 'more_body': True}
2026-06-17 22:25:08,387 [TRACE] uvicorn.asgi: ::1:62211 - ASGI [7] Send {'type': 'http.response.body', 'body': '<45 bytes>', 'more_body': True}
2026-06-17 22:25:23,401 [TRACE] uvicorn.asgi: ::1:62211 - ASGI [7] Send {'type': 'http.response.body', 'body': '<45 bytes>', 'more_body': True}
2026-06-17 22:25:38,410 [TRACE] uvicorn.asgi: ::1:62211 - ASGI [7] Send {'type': 'http.response.body', 'body': '<45 bytes>', 'more_body': True}
2026-06-17 22:25:53,425 [TRACE] uvicorn.asgi: ::1:62211 - ASGI [7] Send {'type': 'http.response.body', 'body': '<45 bytes>', 'more_body': True}
2026-06-17 22:26:08,426 [TRACE] uvicorn.asgi: ::1:62211 - ASGI [7] Send {'type': 'http.response.body', 'body': '<45 bytes>', 'more_body': True}
2026-06-17 22:26:23,433 [TRACE] uvicorn.asgi: ::1:62211 - ASGI [7] Send {'type': 'http.response.body', 'body': '<45 bytes>', 'more_body': True}
2026-06-17 22:26:38,442 [TRACE] uvicorn.asgi: ::1:62211 - ASGI [7] Send {'type': 'http.response.body', 'body': '<45 bytes>', 'more_body': True}
2026-06-17 22:26:53,446 [TRACE] uvicorn.asgi: ::1:62211 - ASGI [7] Send {'type': 'http.response.body', 'body': '<45 bytes>', 'more_body': True}
2026-06-17 22:27:08,453 [TRACE] uvicorn.asgi: ::1:62211 - ASGI [7] Send {'type': 'http.response.body', 'body': '<45 bytes>', 'more_body': True}
2026-06-17 22:27:23,458 [TRACE] uvicorn.asgi: ::1:62211 - ASGI [7] Send {'type': 'http.response.body', 'body': '<45 bytes>', 'more_body': True}
2026-06-17 22:27:38,461 [TRACE] uvicorn.asgi: ::1:62211 - ASGI [7] Send {'type': 'http.response.body', 'body': '<45 bytes>', 'more_body': True}
2026-06-17 22:27:53,475 [TRACE] uvicorn.asgi: ::1:62211 - ASGI [7] Send {'type': 'http.response.body', 'body': '<45 bytes>', 'more_body': True}
2026-06-17 22:28:08,489 [TRACE] uvicorn.asgi: ::1:62211 - ASGI [7] Send {'type': 'http.response.body', 'body': '<45 bytes>', 'more_body': True}
2026-06-17 22:28:23,494 [TRACE] uvicorn.asgi: ::1:62211 - ASGI [7] Send {'type': 'http.response.body', 'body': '<45 bytes>', 'more_body': True}
2026-06-17 22:28:38,509 [TRACE] uvicorn.asgi: ::1:62211 - ASGI [7] Send {'type': 'http.response.body', 'body': '<45 bytes>', 'more_body': True}
2026-06-17 22:28:53,520 [TRACE] uvicorn.asgi: ::1:62211 - ASGI [7] Send {'type': 'http.response.body', 'body': '<45 bytes>', 'more_body': True}
2026-06-17 22:29:08,529 [TRACE] uvicorn.asgi: ::1:62211 - ASGI [7] Send {'type': 'http.response.body', 'body': '<45 bytes>', 'more_body': True}
2026-06-17 22:29:23,544 [TRACE] uvicorn.asgi: ::1:62211 - ASGI [7] Send {'type': 'http.response.body', 'body': '<45 bytes>', 'more_body': True}
2026-06-17 22:29:38,546 [TRACE] uvicorn.asgi: ::1:62211 - ASGI [7] Send {'type': 'http.response.body', 'body': '<45 bytes>', 'more_body': True}
2026-06-17 22:29:53,547 [TRACE] uvicorn.asgi: ::1:62211 - ASGI [7] Send {'type': 'http.response.body', 'body': '<45 bytes>', 'more_body': True}
2026-06-17 22:30:08,554 [TRACE] uvicorn.asgi: ::1:62211 - ASGI [7] Send {'type': 'http.response.body', 'body': '<45 bytes>', 'more_body': True}
2026-06-17 22:30:23,566 [TRACE] uvicorn.asgi: ::1:62211 - ASGI [7] Send {'type': 'http.response.body', 'body': '<45 bytes>', 'more_body': True}
2026-06-17 22:30:38,581 [TRACE] uvicorn.asgi: ::1:62211 - ASGI [7] Send {'type': 'http.response.body', 'body': '<45 bytes>', 'more_body': True}
2026-06-17 22:30:53,598 [TRACE] uvicorn.asgi: ::1:62211 - ASGI [7] Send {'type': 'http.response.body', 'body': '<45 bytes>', 'more_body': True}
2026-06-17 22:31:08,611 [TRACE] uvicorn.asgi: ::1:62211 - ASGI [7] Send {'type': 'http.response.body', 'body': '<45 bytes>', 'more_body': True}
2026-06-17 22:31:23,615 [TRACE] uvicorn.asgi: ::1:62211 - ASGI [7] Send {'type': 'http.response.body', 'body': '<45 bytes>', 'more_body': True}
2026-06-17 22:31:38,631 [TRACE] uvicorn.asgi: ::1:62211 - ASGI [7] Send {'type': 'http.response.body', 'body': '<45 bytes>', 'more_body': True}
2026-06-17 22:31:53,633 [TRACE] uvicorn.asgi: ::1:62211 - ASGI [7] Send {'type': 'http.response.body', 'body': '<45 bytes>', 'more_body': True}
2026-06-17 22:32:08,647 [TRACE] uvicorn.asgi: ::1:62211 - ASGI [7] Send {'type': 'http.response.body', 'body': '<45 bytes>', 'more_body': True}
2026-06-17 22:32:23,652 [TRACE] uvicorn.asgi: ::1:62211 - ASGI [7] Send {'type': 'http.response.body', 'body': '<45 bytes>', 'more_body': True}
2026-06-17 22:32:38,666 [TRACE] uvicorn.asgi: ::1:62211 - ASGI [7] Send {'type': 'http.response.body', 'body': '<45 bytes>', 'more_body': True}
2026-06-17 22:32:53,667 [TRACE] uvicorn.asgi: ::1:62211 - ASGI [7] Send {'type': 'http.response.body', 'body': '<45 bytes>', 'more_body': True}
2026-06-17 22:33:08,670 [TRACE] uvicorn.asgi: ::1:62211 - ASGI [7] Send {'type': 'http.response.body', 'body': '<45 bytes>', 'more_body': True}
2026-06-17 22:33:23,686 [TRACE] uvicorn.asgi: ::1:62211 - ASGI [7] Send {'type': 'http.response.body', 'body': '<45 bytes>', 'more_body': True}
2026-06-17 22:33:38,701 [TRACE] uvicorn.asgi: ::1:62211 - ASGI [7] Send {'type': 'http.response.body', 'body': '<45 bytes>', 'more_body': True}
2026-06-17 22:33:53,716 [TRACE] uvicorn.asgi: ::1:62211 - ASGI [7] Send {'type': 'http.response.body', 'body': '<45 bytes>', 'more_body': True}
2026-06-17 22:34:08,718 [TRACE] uvicorn.asgi: ::1:62211 - ASGI [7] Send {'type': 'http.response.body', 'body': '<45 bytes>', 'more_body': True}
2026-06-17 22:34:23,719 [TRACE] uvicorn.asgi: ::1:62211 - ASGI [7] Send {'type': 'http.response.body', 'body': '<45 bytes>', 'more_body': True}
2026-06-17 22:34:38,735 [TRACE] uvicorn.asgi: ::1:62211 - ASGI [7] Send {'type': 'http.response.body', 'body': '<45 bytes>', 'more_body': True}
2026-06-17 22:34:53,752 [TRACE] uvicorn.asgi: ::1:62211 - ASGI [7] Send {'type': 'http.response.body', 'body': '<45 bytes>', 'more_body': True}
2026-06-17 22:35:08,766 [TRACE] uvicorn.asgi: ::1:62211 - ASGI [7] Send {'type': 'http.response.body', 'body': '<45 bytes>', 'more_body': True}
2026-06-17 22:35:23,771 [TRACE] uvicorn.asgi: ::1:62211 - ASGI [7] Send {'type': 'http.response.body', 'body': '<45 bytes>', 'more_body': True}
2026-06-17 22:35:38,785 [TRACE] uvicorn.asgi: ::1:62211 - ASGI [7] Send {'type': 'http.response.body', 'body': '<45 bytes>', 'more_body': True}
2026-06-17 22:35:53,789 [TRACE] uvicorn.asgi: ::1:62211 - ASGI [7] Send {'type': 'http.response.body', 'body': '<45 bytes>', 'more_body': True}
2026-06-17 22:36:08,805 [TRACE] uvicorn.asgi: ::1:62211 - ASGI [7] Send {'type': 'http.response.body', 'body': '<45 bytes>', 'more_body': True}
2026-06-17 22:36:23,821 [TRACE] uvicorn.asgi: ::1:62211 - ASGI [7] Send {'type': 'http.response.body', 'body': '<45 bytes>', 'more_body': True}
2026-06-17 22:36:38,835 [TRACE] uvicorn.asgi: ::1:62211 - ASGI [7] Send {'type': 'http.response.body', 'body': '<45 bytes>', 'more_body': True}
2026-06-17 22:36:53,848 [TRACE] uvicorn.asgi: ::1:62211 - ASGI [7] Send {'type': 'http.response.body', 'body': '<45 bytes>', 'more_body': True}
2026-06-17 22:37:08,852 [TRACE] uvicorn.asgi: ::1:62211 - ASGI [7] Send {'type': 'http.response.body', 'body': '<45 bytes>', 'more_body': True}
2026-06-17 22:37:23,880 [TRACE] uvicorn.asgi: ::1:62211 - ASGI [7] Send {'type': 'http.response.body', 'body': '<45 bytes>', 'more_body': True}
2026-06-17 22:37:38,903 [TRACE] uvicorn.asgi: ::1:62211 - ASGI [7] Send {'type': 'http.response.body', 'body': '<45 bytes>', 'more_body': True}
2026-06-17 22:37:53,909 [TRACE] uvicorn.asgi: ::1:62211 - ASGI [7] Send {'type': 'http.response.body', 'body': '<45 bytes>', 'more_body': True}
2026-06-17 22:38:08,911 [TRACE] uvicorn.asgi: ::1:62211 - ASGI [7] Send {'type': 'http.response.body', 'body': '<45 bytes>', 'more_body': True}
2026-06-17 22:38:23,926 [TRACE] uvicorn.asgi: ::1:62211 - ASGI [7] Send {'type': 'http.response.body', 'body': '<45 bytes>', 'more_body': True}
2026-06-17 22:38:38,934 [TRACE] uvicorn.asgi: ::1:62211 - ASGI [7] Send {'type': 'http.response.body', 'body': '<45 bytes>', 'more_body': True}
2026-06-17 22:38:53,937 [TRACE] uvicorn.asgi: ::1:62211 - ASGI [7] Send {'type': 'http.response.body', 'body': '<45 bytes>', 'more_body': True}
2026-06-17 22:39:08,952 [TRACE] uvicorn.asgi: ::1:62211 - ASGI [7] Send {'type': 'http.response.body', 'body': '<45 bytes>', 'more_body': True}
2026-06-17 22:39:23,969 [TRACE] uvicorn.asgi: ::1:62211 - ASGI [7] Send {'type': 'http.response.body', 'body': '<45 bytes>', 'more_body': True}
2026-06-17 22:39:38,973 [TRACE] uvicorn.asgi: ::1:62211 - ASGI [7] Send {'type': 'http.response.body', 'body': '<45 bytes>', 'more_body': True}
2026-06-17 22:39:53,989 [TRACE] uvicorn.asgi: ::1:62211 - ASGI [7] Send {'type': 'http.response.body', 'body': '<45 bytes>', 'more_body': True}
2026-06-17 22:40:08,998 [TRACE] uvicorn.asgi: ::1:62211 - ASGI [7] Send {'type': 'http.response.body', 'body': '<45 bytes>', 'more_body': True}
2026-06-17 22:40:24,019 [TRACE] uvicorn.asgi: ::1:62211 - ASGI [7] Send {'type': 'http.response.body', 'body': '<45 bytes>', 'more_body': True}
2026-06-17 22:40:39,025 [TRACE] uvicorn.asgi: ::1:62211 - ASGI [7] Send {'type': 'http.response.body', 'body': '<45 bytes>', 'more_body': True}
2026-06-17 22:40:54,041 [TRACE] uvicorn.asgi: ::1:62211 - ASGI [7] Send {'type': 'http.response.body', 'body': '<45 bytes>', 'more_body': True}
2026-06-17 22:41:09,056 [TRACE] uvicorn.asgi: ::1:62211 - ASGI [7] Send {'type': 'http.response.body', 'body': '<45 bytes>', 'more_body': True}
2026-06-17 22:41:24,066 [TRACE] uvicorn.asgi: ::1:62211 - ASGI [7] Send {'type': 'http.response.body', 'body': '<45 bytes>', 'more_body': True}
2026-06-17 22:41:39,070 [TRACE] uvicorn.asgi: ::1:62211 - ASGI [7] Send {'type': 'http.response.body', 'body': '<45 bytes>', 'more_body': True}
2026-06-17 22:41:54,074 [TRACE] uvicorn.asgi: ::1:62211 - ASGI [7] Send {'type': 'http.response.body', 'body': '<45 bytes>', 'more_body': True}
2026-06-17 22:42:09,083 [TRACE] uvicorn.asgi: ::1:62211 - ASGI [7] Send {'type': 'http.response.body', 'body': '<45 bytes>', 'more_body': True}
2026-06-17 22:42:24,087 [TRACE] uvicorn.asgi: ::1:62211 - ASGI [7] Send {'type': 'http.response.body', 'body': '<45 bytes>', 'more_body': True}
2026-06-17 22:42:39,104 [TRACE] uvicorn.asgi: ::1:62211 - ASGI [7] Send {'type': 'http.response.body', 'body': '<45 bytes>', 'more_body': True}
2026-06-17 22:42:54,111 [TRACE] uvicorn.asgi: ::1:62211 - ASGI [7] Send {'type': 'http.response.body', 'body': '<45 bytes>', 'more_body': True}
2026-06-17 22:43:09,120 [TRACE] uvicorn.asgi: ::1:62211 - ASGI [7] Send {'type': 'http.response.body', 'body': '<45 bytes>', 'more_body': True}
2026-06-17 22:43:24,122 [TRACE] uvicorn.asgi: ::1:62211 - ASGI [7] Send {'type': 'http.response.body', 'body': '<45 bytes>', 'more_body': True}
2026-06-17 22:43:39,130 [TRACE] uvicorn.asgi: ::1:62211 - ASGI [7] Send {'type': 'http.response.body', 'body': '<45 bytes>', 'more_body': True}
2026-06-17 22:43:54,141 [TRACE] uvicorn.asgi: ::1:62211 - ASGI [7] Send {'type': 'http.response.body', 'body': '<45 bytes>', 'more_body': True}
2026-06-17 22:44:09,159 [TRACE] uvicorn.asgi: ::1:62211 - ASGI [7] Send {'type': 'http.response.body', 'body': '<45 bytes>', 'more_body': True}
2026-06-17 22:44:24,170 [TRACE] uvicorn.asgi: ::1:62211 - ASGI [7] Send {'type': 'http.response.body', 'body': '<45 bytes>', 'more_body': True}
2026-06-17 22:44:39,175 [TRACE] uvicorn.asgi: ::1:62211 - ASGI [7] Send {'type': 'http.response.body', 'body': '<45 bytes>', 'more_body': True}
2026-06-17 22:44:54,187 [TRACE] uvicorn.asgi: ::1:62211 - ASGI [7] Send {'type': 'http.response.body', 'body': '<45 bytes>', 'more_body': True}
2026-06-17 22:45:09,199 [TRACE] uvicorn.asgi: ::1:62211 - ASGI [7] Send {'type': 'http.response.body', 'body': '<45 bytes>', 'more_body': True}
2026-06-17 22:45:24,209 [TRACE] uvicorn.asgi: ::1:62211 - ASGI [7] Send {'type': 'http.response.body', 'body': '<45 bytes>', 'more_body': True}
2026-06-17 22:45:39,220 [TRACE] uvicorn.asgi: ::1:62211 - ASGI [7] Send {'type': 'http.response.body', 'body': '<45 bytes>', 'more_body': True}
2026-06-17 22:45:54,225 [TRACE] uvicorn.asgi: ::1:62211 - ASGI [7] Send {'type': 'http.response.body', 'body': '<45 bytes>', 'more_body': True}
2026-06-17 22:46:09,227 [TRACE] uvicorn.asgi: ::1:62211 - ASGI [7] Send {'type': 'http.response.body', 'body': '<45 bytes>', 'more_body': True}
2026-06-17 22:46:24,237 [TRACE] uvicorn.asgi: ::1:62211 - ASGI [7] Send {'type': 'http.response.body', 'body': '<45 bytes>', 'more_body': True}
2026-06-17 22:46:39,239 [TRACE] uvicorn.asgi: ::1:62211 - ASGI [7] Send {'type': 'http.response.body', 'body': '<45 bytes>', 'more_body': True}
2026-06-17 22:46:54,248 [TRACE] uvicorn.asgi: ::1:62211 - ASGI [7] Send {'type': 'http.response.body', 'body': '<45 bytes>', 'more_body': True}
2026-06-17 22:47:09,263 [TRACE] uvicorn.asgi: ::1:62211 - ASGI [7] Send {'type': 'http.response.body', 'body': '<45 bytes>', 'more_body': True}
2026-06-17 22:47:24,266 [TRACE] uvicorn.asgi: ::1:62211 - ASGI [7] Send {'type': 'http.response.body', 'body': '<45 bytes>', 'more_body': True}
2026-06-17 22:47:39,280 [TRACE] uvicorn.asgi: ::1:62211 - ASGI [7] Send {'type': 'http.response.body', 'body': '<45 bytes>', 'more_body': True}
2026-06-17 22:47:54,296 [TRACE] uvicorn.asgi: ::1:62211 - ASGI [7] Send {'type': 'http.response.body', 'body': '<45 bytes>', 'more_body': True}
2026-06-17 22:48:09,308 [TRACE] uvicorn.asgi: ::1:62211 - ASGI [7] Send {'type': 'http.response.body', 'body': '<45 bytes>', 'more_body': True}
2026-06-17 22:48:24,316 [TRACE] uvicorn.asgi: ::1:62211 - ASGI [7] Send {'type': 'http.response.body', 'body': '<45 bytes>', 'more_body': True}
2026-06-17 22:48:39,328 [TRACE] uvicorn.asgi: ::1:62211 - ASGI [7] Send {'type': 'http.response.body', 'body': '<45 bytes>', 'more_body': True}
2026-06-17 22:48:54,331 [TRACE] uvicorn.asgi: ::1:62211 - ASGI [7] Send {'type': 'http.response.body', 'body': '<45 bytes>', 'more_body': True}
2026-06-17 22:49:09,342 [TRACE] uvicorn.asgi: ::1:62211 - ASGI [7] Send {'type': 'http.response.body', 'body': '<45 bytes>', 'more_body': True}
2026-06-17 22:49:24,354 [TRACE] uvicorn.asgi: ::1:62211 - ASGI [7] Send {'type': 'http.response.body', 'body': '<45 bytes>', 'more_body': True}
2026-06-17 22:49:39,364 [TRACE] uvicorn.asgi: ::1:62211 - ASGI [7] Send {'type': 'http.response.body', 'body': '<45 bytes>', 'more_body': True}
2026-06-17 22:49:54,374 [TRACE] uvicorn.asgi: ::1:62211 - ASGI [7] Send {'type': 'http.response.body', 'body': '<45 bytes>', 'more_body': True}
2026-06-17 22:50:09,391 [TRACE] uvicorn.asgi: ::1:62211 - ASGI [7] Send {'type': 'http.response.body', 'body': '<45 bytes>', 'more_body': True}
2026-06-17 22:50:24,399 [TRACE] uvicorn.asgi: ::1:62211 - ASGI [7] Send {'type': 'http.response.body', 'body': '<45 bytes>', 'more_body': True}
2026-06-17 22:50:39,408 [TRACE] uvicorn.asgi: ::1:62211 - ASGI [7] Send {'type': 'http.response.body', 'body': '<45 bytes>', 'more_body': True}
2026-06-17 22:50:54,417 [TRACE] uvicorn.asgi: ::1:62211 - ASGI [7] Send {'type': 'http.response.body', 'body': '<45 bytes>', 'more_body': True}
2026-06-17 22:51:09,419 [TRACE] uvicorn.asgi: ::1:62211 - ASGI [7] Send {'type': 'http.response.body', 'body': '<45 bytes>', 'more_body': True}
2026-06-17 22:51:24,427 [TRACE] uvicorn.asgi: ::1:62211 - ASGI [7] Send {'type': 'http.response.body', 'body': '<45 bytes>', 'more_body': True}
2026-06-17 22:51:39,432 [TRACE] uvicorn.asgi: ::1:62211 - ASGI [7] Send {'type': 'http.response.body', 'body': '<45 bytes>', 'more_body': True}
2026-06-17 22:51:54,437 [TRACE] uvicorn.asgi: ::1:62211 - ASGI [7] Send {'type': 'http.response.body', 'body': '<45 bytes>', 'more_body': True}
2026-06-17 22:52:09,453 [TRACE] uvicorn.asgi: ::1:62211 - ASGI [7] Send {'type': 'http.response.body', 'body': '<45 bytes>', 'more_body': True}
2026-06-17 22:52:24,469 [TRACE] uvicorn.asgi: ::1:62211 - ASGI [7] Send {'type': 'http.response.body', 'body': '<45 bytes>', 'more_body': True}
2026-06-17 22:52:39,486 [TRACE] uvicorn.asgi: ::1:62211 - ASGI [7] Send {'type': 'http.response.body', 'body': '<45 bytes>', 'more_body': True}
2026-06-17 22:52:54,503 [TRACE] uvicorn.asgi: ::1:62211 - ASGI [7] Send {'type': 'http.response.body', 'body': '<45 bytes>', 'more_body': True}
2026-06-17 22:53:09,514 [TRACE] uvicorn.asgi: ::1:62211 - ASGI [7] Send {'type': 'http.response.body', 'body': '<45 bytes>', 'more_body': True}
2026-06-17 22:53:24,526 [TRACE] uvicorn.asgi: ::1:62211 - ASGI [7] Send {'type': 'http.response.body', 'body': '<45 bytes>', 'more_body': True}
2026-06-17 22:53:39,539 [TRACE] uvicorn.asgi: ::1:62211 - ASGI [7] Send {'type': 'http.response.body', 'body': '<45 bytes>', 'more_body': True}
2026-06-17 22:53:54,550 [TRACE] uvicorn.asgi: ::1:62211 - ASGI [7] Send {'type': 'http.response.body', 'body': '<45 bytes>', 'more_body': True}
2026-06-17 22:54:09,561 [TRACE] uvicorn.asgi: ::1:62211 - ASGI [7] Send {'type': 'http.response.body', 'body': '<45 bytes>', 'more_body': True}
2026-06-17 22:54:24,565 [TRACE] uvicorn.asgi: ::1:62211 - ASGI [7] Send {'type': 'http.response.body', 'body': '<45 bytes>', 'more_body': True}
2026-06-17 22:54:39,566 [TRACE] uvicorn.asgi: ::1:62211 - ASGI [7] Send {'type': 'http.response.body', 'body': '<45 bytes>', 'more_body': True}
2026-06-17 22:54:54,571 [TRACE] uvicorn.asgi: ::1:62211 - ASGI [7] Send {'type': 'http.response.body', 'body': '<45 bytes>', 'more_body': True}
2026-06-17 22:55:09,582 [TRACE] uvicorn.asgi: ::1:62211 - ASGI [7] Send {'type': 'http.response.body', 'body': '<45 bytes>', 'more_body': True}
2026-06-17 22:55:24,594 [TRACE] uvicorn.asgi: ::1:62211 - ASGI [7] Send {'type': 'http.response.body', 'body': '<45 bytes>', 'more_body': True}
2026-06-17 22:55:39,603 [TRACE] uvicorn.asgi: ::1:62211 - ASGI [7] Send {'type': 'http.response.body', 'body': '<45 bytes>', 'more_body': True}
2026-06-17 22:55:54,613 [TRACE] uvicorn.asgi: ::1:62211 - ASGI [7] Send {'type': 'http.response.body', 'body': '<45 bytes>', 'more_body': True}
2026-06-17 22:56:09,629 [TRACE] uvicorn.asgi: ::1:62211 - ASGI [7] Send {'type': 'http.response.body', 'body': '<45 bytes>', 'more_body': True}
2026-06-17 22:56:24,638 [TRACE] uvicorn.asgi: ::1:62211 - ASGI [7] Send {'type': 'http.response.body', 'body': '<45 bytes>', 'more_body': True}
2026-06-17 22:56:39,654 [TRACE] uvicorn.asgi: ::1:62211 - ASGI [7] Send {'type': 'http.response.body', 'body': '<45 bytes>', 'more_body': True}
2026-06-17 22:56:54,660 [TRACE] uvicorn.asgi: ::1:62211 - ASGI [7] Send {'type': 'http.response.body', 'body': '<45 bytes>', 'more_body': True}
2026-06-17 22:57:09,665 [TRACE] uvicorn.asgi: ::1:62211 - ASGI [7] Send {'type': 'http.response.body', 'body': '<45 bytes>', 'more_body': True}
2026-06-17 22:57:24,674 [TRACE] uvicorn.asgi: ::1:62211 - ASGI [7] Send {'type': 'http.response.body', 'body': '<45 bytes>', 'more_body': True}
2026-06-17 22:57:39,678 [TRACE] uvicorn.asgi: ::1:62211 - ASGI [7] Send {'type': 'http.response.body', 'body': '<45 bytes>', 'more_body': True}
2026-06-17 22:57:54,693 [TRACE] uvicorn.asgi: ::1:62211 - ASGI [7] Send {'type': 'http.response.body', 'body': '<45 bytes>', 'more_body': True}
2026-06-17 22:58:09,697 [TRACE] uvicorn.asgi: ::1:62211 - ASGI [7] Send {'type': 'http.response.body', 'body': '<45 bytes>', 'more_body': True}
2026-06-17 22:58:24,699 [TRACE] uvicorn.asgi: ::1:62211 - ASGI [7] Send {'type': 'http.response.body', 'body': '<45 bytes>', 'more_body': True}
2026-06-17 22:58:39,713 [TRACE] uvicorn.asgi: ::1:62211 - ASGI [7] Send {'type': 'http.response.body', 'body': '<45 bytes>', 'more_body': True}
2026-06-17 22:58:54,714 [TRACE] uvicorn.asgi: ::1:62211 - ASGI [7] Send {'type': 'http.response.body', 'body': '<45 bytes>', 'more_body': True}
2026-06-17 22:59:09,723 [TRACE] uvicorn.asgi: ::1:62211 - ASGI [7] Send {'type': 'http.response.body', 'body': '<45 bytes>', 'more_body': True}
2026-06-17 22:59:24,738 [TRACE] uvicorn.asgi: ::1:62211 - ASGI [7] Send {'type': 'http.response.body', 'body': '<45 bytes>', 'more_body': True}
2026-06-17 22:59:39,752 [TRACE] uvicorn.asgi: ::1:62211 - ASGI [7] Send {'type': 'http.response.body', 'body': '<45 bytes>', 'more_body': True}
2026-06-17 22:59:54,763 [TRACE] uvicorn.asgi: ::1:62211 - ASGI [7] Send {'type': 'http.response.body', 'body': '<45 bytes>', 'more_body': True}
2026-06-17 23:00:09,771 [TRACE] uvicorn.asgi: ::1:62211 - ASGI [7] Send {'type': 'http.response.body', 'body': '<45 bytes>', 'more_body': True}
2026-06-17 23:00:24,785 [TRACE] uvicorn.asgi: ::1:62211 - ASGI [7] Send {'type': 'http.response.body', 'body': '<45 bytes>', 'more_body': True}
2026-06-17 23:00:39,794 [TRACE] uvicorn.asgi: ::1:62211 - ASGI [7] Send {'type': 'http.response.body', 'body': '<45 bytes>', 'more_body': True}
2026-06-17 23:00:54,800 [TRACE] uvicorn.asgi: ::1:62211 - ASGI [7] Send {'type': 'http.response.body', 'body': '<45 bytes>', 'more_body': True}
2026-06-17 23:01:09,804 [TRACE] uvicorn.asgi: ::1:62211 - ASGI [7] Send {'type': 'http.response.body', 'body': '<45 bytes>', 'more_body': True}
2026-06-17 23:01:24,817 [TRACE] uvicorn.asgi: ::1:62211 - ASGI [7] Send {'type': 'http.response.body', 'body': '<45 bytes>', 'more_body': True}
2026-06-17 23:01:39,823 [TRACE] uvicorn.asgi: ::1:62211 - ASGI [7] Send {'type': 'http.response.body', 'body': '<45 bytes>', 'more_body': True}
2026-06-17 23:01:54,827 [TRACE] uvicorn.asgi: ::1:62211 - ASGI [7] Send {'type': 'http.response.body', 'body': '<45 bytes>', 'more_body': True}
2026-06-17 23:02:09,837 [TRACE] uvicorn.asgi: ::1:62211 - ASGI [7] Send {'type': 'http.response.body', 'body': '<45 bytes>', 'more_body': True}
2026-06-17 23:02:24,839 [TRACE] uvicorn.asgi: ::1:62211 - ASGI [7] Send {'type': 'http.response.body', 'body': '<45 bytes>', 'more_body': True}
2026-06-17 23:02:39,855 [TRACE] uvicorn.asgi: ::1:62211 - ASGI [7] Send {'type': 'http.response.body', 'body': '<45 bytes>', 'more_body': True}
2026-06-17 23:02:54,863 [TRACE] uvicorn.asgi: ::1:62211 - ASGI [7] Send {'type': 'http.response.body', 'body': '<45 bytes>', 'more_body': True}
2026-06-17 23:03:09,878 [TRACE] uvicorn.asgi: ::1:62211 - ASGI [7] Send {'type': 'http.response.body', 'body': '<45 bytes>', 'more_body': True}
2026-06-17 23:03:24,889 [TRACE] uvicorn.asgi: ::1:62211 - ASGI [7] Send {'type': 'http.response.body', 'body': '<45 bytes>', 'more_body': True}
2026-06-17 23:03:39,900 [TRACE] uvicorn.asgi: ::1:62211 - ASGI [7] Send {'type': 'http.response.body', 'body': '<45 bytes>', 'more_body': True}
2026-06-17 23:03:54,917 [TRACE] uvicorn.asgi: ::1:62211 - ASGI [7] Send {'type': 'http.response.body', 'body': '<45 bytes>', 'more_body': True}
2026-06-17 23:04:09,933 [TRACE] uvicorn.asgi: ::1:62211 - ASGI [7] Send {'type': 'http.response.body', 'body': '<45 bytes>', 'more_body': True}
2026-06-17 23:04:24,937 [TRACE] uvicorn.asgi: ::1:62211 - ASGI [7] Send {'type': 'http.response.body', 'body': '<45 bytes>', 'more_body': True}
2026-06-17 23:04:39,954 [TRACE] uvicorn.asgi: ::1:62211 - ASGI [7] Send {'type': 'http.response.body', 'body': '<45 bytes>', 'more_body': True}
2026-06-17 23:04:54,968 [TRACE] uvicorn.asgi: ::1:62211 - ASGI [7] Send {'type': 'http.response.body', 'body': '<45 bytes>', 'more_body': True}
2026-06-17 23:05:09,978 [TRACE] uvicorn.asgi: ::1:62211 - ASGI [7] Send {'type': 'http.response.body', 'body': '<45 bytes>', 'more_body': True}
2026-06-17 23:05:24,989 [TRACE] uvicorn.asgi: ::1:62211 - ASGI [7] Send {'type': 'http.response.body', 'body': '<45 bytes>', 'more_body': True}
2026-06-17 23:05:40,002 [TRACE] uvicorn.asgi: ::1:62211 - ASGI [7] Send {'type': 'http.response.body', 'body': '<45 bytes>', 'more_body': True}
2026-06-17 23:05:55,019 [TRACE] uvicorn.asgi: ::1:62211 - ASGI [7] Send {'type': 'http.response.body', 'body': '<45 bytes>', 'more_body': True}
2026-06-17 23:06:10,021 [TRACE] uvicorn.asgi: ::1:62211 - ASGI [7] Send {'type': 'http.response.body', 'body': '<45 bytes>', 'more_body': True}
2026-06-17 23:06:25,038 [TRACE] uvicorn.asgi: ::1:62211 - ASGI [7] Send {'type': 'http.response.body', 'body': '<45 bytes>', 'more_body': True}
2026-06-17 23:06:40,049 [TRACE] uvicorn.asgi: ::1:62211 - ASGI [7] Send {'type': 'http.response.body', 'body': '<45 bytes>', 'more_body': True}
2026-06-17 23:06:55,064 [TRACE] uvicorn.asgi: ::1:62211 - ASGI [7] Send {'type': 'http.response.body', 'body': '<45 bytes>', 'more_body': True}
2026-06-17 23:07:10,075 [TRACE] uvicorn.asgi: ::1:62211 - ASGI [7] Send {'type': 'http.response.body', 'body': '<45 bytes>', 'more_body': True}
2026-06-17 23:07:25,080 [TRACE] uvicorn.asgi: ::1:62211 - ASGI [7] Send {'type': 'http.response.body', 'body': '<45 bytes>', 'more_body': True}
2026-06-17 23:07:40,087 [TRACE] uvicorn.asgi: ::1:62211 - ASGI [7] Send {'type': 'http.response.body', 'body': '<45 bytes>', 'more_body': True}
2026-06-17 23:07:55,094 [TRACE] uvicorn.asgi: ::1:62211 - ASGI [7] Send {'type': 'http.response.body', 'body': '<45 bytes>', 'more_body': True}
2026-06-17 23:08:10,110 [TRACE] uvicorn.asgi: ::1:62211 - ASGI [7] Send {'type': 'http.response.body', 'body': '<45 bytes>', 'more_body': True}
2026-06-17 23:08:25,115 [TRACE] uvicorn.asgi: ::1:62211 - ASGI [7] Send {'type': 'http.response.body', 'body': '<45 bytes>', 'more_body': True}
2026-06-17 23:09:11,850 [TRACE] uvicorn.asgi: ::1:62211 - ASGI [7] Send {'type': 'http.response.body', 'body': '<45 bytes>', 'more_body': True}
2026-06-17 23:09:26,874 [TRACE] uvicorn.asgi: ::1:62211 - ASGI [7] Send {'type': 'http.response.body', 'body': '<45 bytes>', 'more_body': True}
2026-06-17 23:09:41,884 [TRACE] uvicorn.asgi: ::1:62211 - ASGI [7] Send {'type': 'http.response.body', 'body': '<45 bytes>', 'more_body': True}
2026-06-17 23:09:56,922 [TRACE] uvicorn.asgi: ::1:62211 - ASGI [7] Send {'type': 'http.response.body', 'body': '<45 bytes>', 'more_body': True}
2026-06-17 23:10:11,947 [TRACE] uvicorn.asgi: ::1:62211 - ASGI [7] Send {'type': 'http.response.body', 'body': '<45 bytes>', 'more_body': True}
2026-06-17 23:10:26,953 [TRACE] uvicorn.asgi: ::1:62211 - ASGI [7] Send {'type': 'http.response.body', 'body': '<45 bytes>', 'more_body': True}
2026-06-17 23:10:41,966 [TRACE] uvicorn.asgi: ::1:62211 - ASGI [7] Send {'type': 'http.response.body', 'body': '<45 bytes>', 'more_body': True}
2026-06-17 23:10:56,977 [TRACE] uvicorn.asgi: ::1:62211 - ASGI [7] Send {'type': 'http.response.body', 'body': '<45 bytes>', 'more_body': True}
2026-06-17 23:11:11,992 [TRACE] uvicorn.asgi: ::1:62211 - ASGI [7] Send {'type': 'http.response.body', 'body': '<45 bytes>', 'more_body': True}
2026-06-17 23:11:26,996 [TRACE] uvicorn.asgi: ::1:62211 - ASGI [7] Send {'type': 'http.response.body', 'body': '<45 bytes>', 'more_body': True}
2026-06-17 23:11:41,998 [TRACE] uvicorn.asgi: ::1:62211 - ASGI [7] Send {'type': 'http.response.body', 'body': '<45 bytes>', 'more_body': True}
2026-06-17 23:11:57,016 [TRACE] uvicorn.asgi: ::1:62211 - ASGI [7] Send {'type': 'http.response.body', 'body': '<45 bytes>', 'more_body': True}
2026-06-17 23:12:12,018 [TRACE] uvicorn.asgi: ::1:62211 - ASGI [7] Send {'type': 'http.response.body', 'body': '<45 bytes>', 'more_body': True}
2026-06-17 23:12:27,036 [TRACE] uvicorn.asgi: ::1:62211 - ASGI [7] Send {'type': 'http.response.body', 'body': '<45 bytes>', 'more_body': True}
2026-06-17 23:12:42,042 [TRACE] uvicorn.asgi: ::1:62211 - ASGI [7] Send {'type': 'http.response.body', 'body': '<45 bytes>', 'more_body': True}
2026-06-17 23:12:57,049 [TRACE] uvicorn.asgi: ::1:62211 - ASGI [7] Send {'type': 'http.response.body', 'body': '<45 bytes>', 'more_body': True}
2026-06-17 23:13:12,051 [TRACE] uvicorn.asgi: ::1:62211 - ASGI [7] Send {'type': 'http.response.body', 'body': '<45 bytes>', 'more_body': True}
2026-06-17 23:13:27,062 [TRACE] uvicorn.asgi: ::1:62211 - ASGI [7] Send {'type': 'http.response.body', 'body': '<45 bytes>', 'more_body': True}
2026-06-17 23:13:42,074 [TRACE] uvicorn.asgi: ::1:62211 - ASGI [7] Send {'type': 'http.response.body', 'body': '<45 bytes>', 'more_body': True}
2026-06-17 23:13:57,085 [TRACE] uvicorn.asgi: ::1:62211 - ASGI [7] Send {'type': 'http.response.body', 'body': '<45 bytes>', 'more_body': True}
2026-06-17 23:14:12,093 [TRACE] uvicorn.asgi: ::1:62211 - ASGI [7] Send {'type': 'http.response.body', 'body': '<45 bytes>', 'more_body': True}
2026-06-17 23:14:27,097 [TRACE] uvicorn.asgi: ::1:62211 - ASGI [7] Send {'type': 'http.response.body', 'body': '<45 bytes>', 'more_body': True}
2026-06-17 23:14:42,108 [TRACE] uvicorn.asgi: ::1:62211 - ASGI [7] Send {'type': 'http.response.body', 'body': '<45 bytes>', 'more_body': True}
2026-06-17 23:14:57,112 [TRACE] uvicorn.asgi: ::1:62211 - ASGI [7] Send {'type': 'http.response.body', 'body': '<45 bytes>', 'more_body': True}
2026-06-17 23:15:12,129 [TRACE] uvicorn.asgi: ::1:62211 - ASGI [7] Send {'type': 'http.response.body', 'body': '<45 bytes>', 'more_body': True}
2026-06-17 23:15:27,136 [TRACE] uvicorn.asgi: ::1:62211 - ASGI [7] Send {'type': 'http.response.body', 'body': '<45 bytes>', 'more_body': True}
2026-06-17 23:15:42,148 [TRACE] uvicorn.asgi: ::1:62211 - ASGI [7] Send {'type': 'http.response.body', 'body': '<45 bytes>', 'more_body': True}
2026-06-17 23:15:57,154 [TRACE] uvicorn.asgi: ::1:62211 - ASGI [7] Send {'type': 'http.response.body', 'body': '<45 bytes>', 'more_body': True}
2026-06-17 23:16:12,156 [TRACE] uvicorn.asgi: ::1:62211 - ASGI [7] Send {'type': 'http.response.body', 'body': '<45 bytes>', 'more_body': True}
2026-06-17 23:16:27,171 [TRACE] uvicorn.asgi: ::1:62211 - ASGI [7] Send {'type': 'http.response.body', 'body': '<45 bytes>', 'more_body': True}
2026-06-17 23:16:42,180 [TRACE] uvicorn.asgi: ::1:62211 - ASGI [7] Send {'type': 'http.response.body', 'body': '<45 bytes>', 'more_body': True}
2026-06-17 23:16:57,192 [TRACE] uvicorn.asgi: ::1:62211 - ASGI [7] Send {'type': 'http.response.body', 'body': '<45 bytes>', 'more_body': True}
2026-06-17 23:17:12,198 [TRACE] uvicorn.asgi: ::1:62211 - ASGI [7] Send {'type': 'http.response.body', 'body': '<45 bytes>', 'more_body': True}
2026-06-17 23:17:27,214 [TRACE] uvicorn.asgi: ::1:62211 - ASGI [7] Send {'type': 'http.response.body', 'body': '<45 bytes>', 'more_body': True}
2026-06-17 23:17:42,227 [TRACE] uvicorn.asgi: ::1:62211 - ASGI [7] Send {'type': 'http.response.body', 'body': '<45 bytes>', 'more_body': True}
2026-06-17 23:17:57,242 [TRACE] uvicorn.asgi: ::1:62211 - ASGI [7] Send {'type': 'http.response.body', 'body': '<45 bytes>', 'more_body': True}
2026-06-17 23:18:12,254 [TRACE] uvicorn.asgi: ::1:62211 - ASGI [7] Send {'type': 'http.response.body', 'body': '<45 bytes>', 'more_body': True}
2026-06-17 23:18:27,270 [TRACE] uvicorn.asgi: ::1:62211 - ASGI [7] Send {'type': 'http.response.body', 'body': '<45 bytes>', 'more_body': True}
2026-06-17 23:18:42,273 [TRACE] uvicorn.asgi: ::1:62211 - ASGI [7] Send {'type': 'http.response.body', 'body': '<45 bytes>', 'more_body': True}
2026-06-17 23:18:46,595 [TRACE] uvicorn.error: ::1:62211 - HTTP connection lost
2026-06-17 23:18:46,606 [TRACE] uvicorn.asgi: ::1:62211 - ASGI [7] Receive {'type': 'http.disconnect'}
2026-06-17 23:18:46,616 [TRACE] uvicorn.asgi: ::1:62211 - ASGI [7] Completed
